slice_file_name,fsID,salience,fold,classID,class
sound_1.wav,1,1,1,0,ambulance
sound_2.wav,2,1,1,0,ambulance
sound_3.wav,3,1,1,0,ambulance
sound_4.wav,4,1,1,0,ambulance
sound_5.wav,5,1,1,0,ambulance
sound_6.wav,6,1,1,0,ambulance
sound_7.wav,7,1,1,0,ambulance
sound_8.wav,8,1,1,0,ambulance
sound_9.wav,9,1,1,0,ambulance
sound_10.wav,10,1,1,0,ambulance
sound_11.wav,11,1,1,0,ambulance
sound_12.wav,12,1,1,0,ambulance
sound_13.wav,13,1,1,0,ambulance
sound_14.wav,14,1,1,0,ambulance
sound_15.wav,15,1,1,0,ambulance
sound_16.wav,16,1,1,0,ambulance
sound_17.wav,17,1,1,0,ambulance
sound_18.wav,18,1,1,0,ambulance
sound_19.wav,19,1,1,0,ambulance
sound_20.wav,20,1,1,0,ambulance
sound_21.wav,21,1,1,0,ambulance
sound_22.wav,22,1,1,0,ambulance
sound_23.wav,23,1,1,0,ambulance
sound_24.wav,24,1,1,0,ambulance
sound_25.wav,25,1,1,0,ambulance
sound_26.wav,26,1,1,0,ambulance
sound_27.wav,27,1,1,0,ambulance
sound_28.wav,28,1,1,0,ambulance
sound_29.wav,29,1,1,0,ambulance
sound_30.wav,30,1,1,0,ambulance
sound_31.wav,31,1,1,0,ambulance
sound_32.wav,32,1,1,0,ambulance
sound_33.wav,33,1,1,0,ambulance
sound_34.wav,34,1,1,0,ambulance
sound_35.wav,35,1,1,0,ambulance
sound_36.wav,36,1,1,0,ambulance
sound_37.wav,37,1,1,0,ambulance
sound_38.wav,38,1,1,0,ambulance
sound_39.wav,39,1,1,0,ambulance
sound_40.wav,40,1,1,0,ambulance
sound_41.wav,41,1,1,0,ambulance
sound_42.wav,42,1,1,0,ambulance
sound_43.wav,43,1,1,0,ambulance
sound_44.wav,44,1,1,0,ambulance
sound_45.wav,45,1,1,0,ambulance
sound_46.wav,46,1,1,0,ambulance
sound_47.wav,47,1,1,0,ambulance
sound_48.wav,48,1,1,0,ambulance
sound_49.wav,49,1,1,0,ambulance
sound_50.wav,50,1,1,0,ambulance
sound_51.wav,51,1,1,0,ambulance
sound_52.wav,52,1,1,0,ambulance
sound_53.wav,53,1,1,0,ambulance
sound_54.wav,54,1,1,0,ambulance
sound_55.wav,55,1,1,0,ambulance
sound_56.wav,56,1,1,0,ambulance
sound_57.wav,57,1,1,0,ambulance
sound_58.wav,58,1,1,0,ambulance
sound_59.wav,59,1,1,0,ambulance
sound_60.wav,60,1,1,0,ambulance
sound_61.wav,61,1,1,0,ambulance
sound_62.wav,62,1,1,0,ambulance
sound_63.wav,63,1,1,0,ambulance
sound_64.wav,64,1,1,0,ambulance
sound_65.wav,65,1,1,0,ambulance
sound_66.wav,66,1,1,0,ambulance
sound_67.wav,67,1,1,0,ambulance
sound_68.wav,68,1,1,0,ambulance
sound_69.wav,69,1,1,0,ambulance
sound_70.wav,70,1,1,0,ambulance
sound_71.wav,71,1,1,0,ambulance
sound_72.wav,72,1,1,0,ambulance
sound_73.wav,73,1,1,0,ambulance
sound_74.wav,74,1,1,0,ambulance
sound_75.wav,75,1,1,0,ambulance
sound_76.wav,76,1,1,0,ambulance
sound_77.wav,77,1,1,0,ambulance
sound_78.wav,78,1,1,0,ambulance
sound_79.wav,79,1,1,0,ambulance
sound_80.wav,80,1,1,0,ambulance
sound_81.wav,81,1,1,0,ambulance
sound_82.wav,82,1,1,0,ambulance
sound_83.wav,83,1,1,0,ambulance
sound_84.wav,84,1,1,0,ambulance
sound_85.wav,85,1,1,0,ambulance
sound_86.wav,86,1,1,0,ambulance
sound_87.wav,87,1,1,0,ambulance
sound_88.wav,88,1,1,0,ambulance
sound_89.wav,89,1,1,0,ambulance
sound_90.wav,90,1,1,0,ambulance
sound_91.wav,91,1,1,0,ambulance
sound_92.wav,92,1,1,0,ambulance
sound_93.wav,93,1,1,0,ambulance
sound_94.wav,94,1,1,0,ambulance
sound_95.wav,95,1,1,0,ambulance
sound_96.wav,96,1,1,0,ambulance
sound_97.wav,97,1,1,0,ambulance
sound_98.wav,98,1,1,0,ambulance
sound_99.wav,99,1,1,0,ambulance
sound_100.wav,100,1,1,0,ambulance
sound_101.wav,101,1,1,0,ambulance
sound_102.wav,102,1,1,0,ambulance
sound_103.wav,103,1,1,0,ambulance
sound_104.wav,104,1,1,0,ambulance
sound_105.wav,105,1,1,0,ambulance
sound_106.wav,106,1,1,0,ambulance
sound_107.wav,107,1,1,0,ambulance
sound_108.wav,108,1,1,0,ambulance
sound_109.wav,109,1,1,0,ambulance
sound_110.wav,110,1,1,0,ambulance
sound_111.wav,111,1,1,0,ambulance
sound_112.wav,112,1,1,0,ambulance
sound_113.wav,113,1,1,0,ambulance
sound_114.wav,114,1,1,0,ambulance
sound_115.wav,115,1,1,0,ambulance
sound_116.wav,116,1,1,0,ambulance
sound_117.wav,117,1,1,0,ambulance
sound_118.wav,118,1,1,0,ambulance
sound_119.wav,119,1,1,0,ambulance
sound_120.wav,120,1,1,0,ambulance
sound_121.wav,121,1,1,0,ambulance
sound_122.wav,122,1,1,0,ambulance
sound_123.wav,123,1,1,0,ambulance
sound_124.wav,124,1,1,0,ambulance
sound_125.wav,125,1,1,0,ambulance
sound_126.wav,126,1,1,0,ambulance
sound_127.wav,127,1,1,0,ambulance
sound_128.wav,128,1,1,0,ambulance
sound_129.wav,129,1,1,0,ambulance
sound_130.wav,130,1,1,0,ambulance
sound_131.wav,131,1,1,0,ambulance
sound_132.wav,132,1,1,0,ambulance
sound_133.wav,133,1,1,0,ambulance
sound_134.wav,134,1,1,0,ambulance
sound_135.wav,135,1,1,0,ambulance
sound_136.wav,136,1,1,0,ambulance
sound_137.wav,137,1,1,0,ambulance
sound_138.wav,138,1,1,0,ambulance
sound_139.wav,139,1,1,0,ambulance
sound_140.wav,140,1,1,0,ambulance
sound_141.wav,141,1,1,0,ambulance
sound_142.wav,142,1,1,0,ambulance
sound_143.wav,143,1,1,0,ambulance
sound_144.wav,144,1,1,0,ambulance
sound_145.wav,145,1,1,0,ambulance
sound_146.wav,146,1,1,0,ambulance
sound_147.wav,147,1,1,0,ambulance
sound_148.wav,148,1,1,0,ambulance
sound_149.wav,149,1,1,0,ambulance
sound_150.wav,150,1,1,0,ambulance
sound_151.wav,151,1,1,0,ambulance
sound_152.wav,152,1,1,0,ambulance
sound_153.wav,153,1,1,0,ambulance
sound_154.wav,154,1,1,0,ambulance
sound_155.wav,155,1,1,0,ambulance
sound_156.wav,156,1,1,0,ambulance
sound_157.wav,157,1,1,0,ambulance
sound_158.wav,158,1,1,0,ambulance
sound_159.wav,159,1,1,0,ambulance
sound_160.wav,160,1,1,0,ambulance
sound_161.wav,161,1,1,0,ambulance
sound_162.wav,162,1,1,0,ambulance
sound_163.wav,163,1,1,0,ambulance
sound_164.wav,164,1,1,0,ambulance
sound_165.wav,165,1,1,0,ambulance
sound_166.wav,166,1,1,0,ambulance
sound_167.wav,167,1,1,0,ambulance
sound_168.wav,168,1,1,0,ambulance
sound_169.wav,169,1,1,0,ambulance
sound_170.wav,170,1,1,0,ambulance
sound_171.wav,171,1,1,0,ambulance
sound_172.wav,172,1,1,0,ambulance
sound_173.wav,173,1,1,0,ambulance
sound_174.wav,174,1,1,0,ambulance
sound_175.wav,175,1,1,0,ambulance
sound_176.wav,176,1,1,0,ambulance
sound_177.wav,177,1,1,0,ambulance
sound_178.wav,178,1,1,0,ambulance
sound_179.wav,179,1,1,0,ambulance
sound_180.wav,180,1,1,0,ambulance
sound_181.wav,181,1,1,0,ambulance
sound_182.wav,182,1,1,0,ambulance
sound_183.wav,183,1,1,0,ambulance
sound_184.wav,184,1,1,0,ambulance
sound_185.wav,185,1,1,0,ambulance
sound_186.wav,186,1,1,0,ambulance
sound_187.wav,187,1,1,0,ambulance
sound_188.wav,188,1,1,0,ambulance
sound_189.wav,189,1,1,0,ambulance
sound_190.wav,190,1,1,0,ambulance
sound_191.wav,191,1,1,0,ambulance
sound_192.wav,192,1,1,0,ambulance
sound_193.wav,193,1,1,0,ambulance
sound_194.wav,194,1,1,0,ambulance
sound_195.wav,195,1,1,0,ambulance
sound_196.wav,196,1,1,0,ambulance
sound_197.wav,197,1,1,0,ambulance
sound_198.wav,198,1,1,0,ambulance
sound_199.wav,199,1,1,0,ambulance
sound_200.wav,200,1,1,0,ambulance
sound_201.wav,201,1,2,1,firetruck
sound_202.wav,202,1,2,1,firetruck
sound_203.wav,203,1,2,1,firetruck
sound_204.wav,204,1,2,1,firetruck
sound_205.wav,205,1,2,1,firetruck
sound_206.wav,206,1,2,1,firetruck
sound_207.wav,207,1,2,1,firetruck
sound_208.wav,208,1,2,1,firetruck
sound_209.wav,209,1,2,1,firetruck
sound_210.wav,210,1,2,1,firetruck
sound_211.wav,211,1,2,1,firetruck
sound_212.wav,212,1,2,1,firetruck
sound_213.wav,213,1,2,1,firetruck
sound_214.wav,214,1,2,1,firetruck
sound_215.wav,215,1,2,1,firetruck
sound_216.wav,216,1,2,1,firetruck
sound_217.wav,217,1,2,1,firetruck
sound_218.wav,218,1,2,1,firetruck
sound_219.wav,219,1,2,1,firetruck
sound_220.wav,220,1,2,1,firetruck
sound_221.wav,221,1,2,1,firetruck
sound_222.wav,222,1,2,1,firetruck
sound_223.wav,223,1,2,1,firetruck
sound_224.wav,224,1,2,1,firetruck
sound_225.wav,225,1,2,1,firetruck
sound_226.wav,226,1,2,1,firetruck
sound_227.wav,227,1,2,1,firetruck
sound_228.wav,228,1,2,1,firetruck
sound_229.wav,229,1,2,1,firetruck
sound_230.wav,230,1,2,1,firetruck
sound_231.wav,231,1,2,1,firetruck
sound_232.wav,232,1,2,1,firetruck
sound_233.wav,233,1,2,1,firetruck
sound_234.wav,234,1,2,1,firetruck
sound_235.wav,235,1,2,1,firetruck
sound_236.wav,236,1,2,1,firetruck
sound_237.wav,237,1,2,1,firetruck
sound_238.wav,238,1,2,1,firetruck
sound_239.wav,239,1,2,1,firetruck
sound_240.wav,240,1,2,1,firetruck
sound_241.wav,241,1,2,1,firetruck
sound_242.wav,242,1,2,1,firetruck
sound_243.wav,243,1,2,1,firetruck
sound_244.wav,244,1,2,1,firetruck
sound_245.wav,245,1,2,1,firetruck
sound_246.wav,246,1,2,1,firetruck
sound_247.wav,247,1,2,1,firetruck
sound_248.wav,248,1,2,1,firetruck
sound_249.wav,249,1,2,1,firetruck
sound_250.wav,250,1,2,1,firetruck
sound_251.wav,251,1,2,1,firetruck
sound_252.wav,252,1,2,1,firetruck
sound_253.wav,253,1,2,1,firetruck
sound_254.wav,254,1,2,1,firetruck
sound_255.wav,255,1,2,1,firetruck
sound_256.wav,256,1,2,1,firetruck
sound_257.wav,257,1,2,1,firetruck
sound_258.wav,258,1,2,1,firetruck
sound_259.wav,259,1,2,1,firetruck
sound_260.wav,260,1,2,1,firetruck
sound_261.wav,261,1,2,1,firetruck
sound_262.wav,262,1,2,1,firetruck
sound_263.wav,263,1,2,1,firetruck
sound_264.wav,264,1,2,1,firetruck
sound_265.wav,265,1,2,1,firetruck
sound_266.wav,266,1,2,1,firetruck
sound_267.wav,267,1,2,1,firetruck
sound_268.wav,268,1,2,1,firetruck
sound_269.wav,269,1,2,1,firetruck
sound_270.wav,270,1,2,1,firetruck
sound_271.wav,271,1,2,1,firetruck
sound_272.wav,272,1,2,1,firetruck
sound_273.wav,273,1,2,1,firetruck
sound_274.wav,274,1,2,1,firetruck
sound_275.wav,275,1,2,1,firetruck
sound_276.wav,276,1,2,1,firetruck
sound_277.wav,277,1,2,1,firetruck
sound_278.wav,278,1,2,1,firetruck
sound_279.wav,279,1,2,1,firetruck
sound_280.wav,280,1,2,1,firetruck
sound_281.wav,281,1,2,1,firetruck
sound_282.wav,282,1,2,1,firetruck
sound_283.wav,283,1,2,1,firetruck
sound_284.wav,284,1,2,1,firetruck
sound_285.wav,285,1,2,1,firetruck
sound_286.wav,286,1,2,1,firetruck
sound_287.wav,287,1,2,1,firetruck
sound_288.wav,288,1,2,1,firetruck
sound_289.wav,289,1,2,1,firetruck
sound_290.wav,290,1,2,1,firetruck
sound_291.wav,291,1,2,1,firetruck
sound_292.wav,292,1,2,1,firetruck
sound_293.wav,293,1,2,1,firetruck
sound_294.wav,294,1,2,1,firetruck
sound_295.wav,295,1,2,1,firetruck
sound_296.wav,296,1,2,1,firetruck
sound_297.wav,297,1,2,1,firetruck
sound_298.wav,298,1,2,1,firetruck
sound_299.wav,299,1,2,1,firetruck
sound_300.wav,300,1,2,1,firetruck
sound_301.wav,301,1,2,1,firetruck
sound_302.wav,302,1,2,1,firetruck
sound_303.wav,303,1,2,1,firetruck
sound_304.wav,304,1,2,1,firetruck
sound_305.wav,305,1,2,1,firetruck
sound_306.wav,306,1,2,1,firetruck
sound_307.wav,307,1,2,1,firetruck
sound_308.wav,308,1,2,1,firetruck
sound_309.wav,309,1,2,1,firetruck
sound_310.wav,310,1,2,1,firetruck
sound_311.wav,311,1,2,1,firetruck
sound_312.wav,312,1,2,1,firetruck
sound_313.wav,313,1,2,1,firetruck
sound_314.wav,314,1,2,1,firetruck
sound_315.wav,315,1,2,1,firetruck
sound_316.wav,316,1,2,1,firetruck
sound_317.wav,317,1,2,1,firetruck
sound_318.wav,318,1,2,1,firetruck
sound_319.wav,319,1,2,1,firetruck
sound_320.wav,320,1,2,1,firetruck
sound_321.wav,321,1,2,1,firetruck
sound_322.wav,322,1,2,1,firetruck
sound_323.wav,323,1,2,1,firetruck
sound_324.wav,324,1,2,1,firetruck
sound_325.wav,325,1,2,1,firetruck
sound_326.wav,326,1,2,1,firetruck
sound_327.wav,327,1,2,1,firetruck
sound_328.wav,328,1,2,1,firetruck
sound_329.wav,329,1,2,1,firetruck
sound_330.wav,330,1,2,1,firetruck
sound_331.wav,331,1,2,1,firetruck
sound_332.wav,332,1,2,1,firetruck
sound_333.wav,333,1,2,1,firetruck
sound_334.wav,334,1,2,1,firetruck
sound_335.wav,335,1,2,1,firetruck
sound_336.wav,336,1,2,1,firetruck
sound_337.wav,337,1,2,1,firetruck
sound_338.wav,338,1,2,1,firetruck
sound_339.wav,339,1,2,1,firetruck
sound_340.wav,340,1,2,1,firetruck
sound_341.wav,341,1,2,1,firetruck
sound_342.wav,342,1,2,1,firetruck
sound_343.wav,343,1,2,1,firetruck
sound_344.wav,344,1,2,1,firetruck
sound_345.wav,345,1,2,1,firetruck
sound_346.wav,346,1,2,1,firetruck
sound_347.wav,347,1,2,1,firetruck
sound_348.wav,348,1,2,1,firetruck
sound_349.wav,349,1,2,1,firetruck
sound_350.wav,350,1,2,1,firetruck
sound_351.wav,351,1,2,1,firetruck
sound_352.wav,352,1,2,1,firetruck
sound_353.wav,353,1,2,1,firetruck
sound_354.wav,354,1,2,1,firetruck
sound_355.wav,355,1,2,1,firetruck
sound_356.wav,356,1,2,1,firetruck
sound_357.wav,357,1,2,1,firetruck
sound_358.wav,358,1,2,1,firetruck
sound_359.wav,359,1,2,1,firetruck
sound_360.wav,360,1,2,1,firetruck
sound_361.wav,361,1,2,1,firetruck
sound_362.wav,362,1,2,1,firetruck
sound_363.wav,363,1,2,1,firetruck
sound_364.wav,364,1,2,1,firetruck
sound_365.wav,365,1,2,1,firetruck
sound_366.wav,366,1,2,1,firetruck
sound_367.wav,367,1,2,1,firetruck
sound_368.wav,368,1,2,1,firetruck
sound_369.wav,369,1,2,1,firetruck
sound_370.wav,370,1,2,1,firetruck
sound_371.wav,371,1,2,1,firetruck
sound_372.wav,372,1,2,1,firetruck
sound_373.wav,373,1,2,1,firetruck
sound_374.wav,374,1,2,1,firetruck
sound_375.wav,375,1,2,1,firetruck
sound_376.wav,376,1,2,1,firetruck
sound_377.wav,377,1,2,1,firetruck
sound_378.wav,378,1,2,1,firetruck
sound_379.wav,379,1,2,1,firetruck
sound_380.wav,380,1,2,1,firetruck
sound_381.wav,381,1,2,1,firetruck
sound_382.wav,382,1,2,1,firetruck
sound_383.wav,383,1,2,1,firetruck
sound_384.wav,384,1,2,1,firetruck
sound_385.wav,385,1,2,1,firetruck
sound_386.wav,386,1,2,1,firetruck
sound_387.wav,387,1,2,1,firetruck
sound_388.wav,388,1,2,1,firetruck
sound_389.wav,389,1,2,1,firetruck
sound_390.wav,390,1,2,1,firetruck
sound_391.wav,391,1,2,1,firetruck
sound_392.wav,392,1,2,1,firetruck
sound_393.wav,393,1,2,1,firetruck
sound_394.wav,394,1,2,1,firetruck
sound_395.wav,395,1,2,1,firetruck
sound_396.wav,396,1,2,1,firetruck
sound_397.wav,397,1,2,1,firetruck
sound_398.wav,398,1,2,1,firetruck
sound_399.wav,399,1,2,1,firetruck
sound_400.wav,400,1,2,1,firetruck
sound_401.wav,401,2,3,2,traffic
sound_402.wav,402,2,3,2,traffic
sound_403.wav,403,2,3,2,traffic
sound_404.wav,404,2,3,2,traffic
sound_405.wav,405,2,3,2,traffic
sound_406.wav,406,2,3,2,traffic
sound_407.wav,407,2,3,2,traffic
sound_408.wav,408,2,3,2,traffic
sound_409.wav,409,2,3,2,traffic
sound_410.wav,410,2,3,2,traffic
sound_411.wav,411,2,3,2,traffic
sound_412.wav,412,2,3,2,traffic
sound_413.wav,413,2,3,2,traffic
sound_414.wav,414,2,3,2,traffic
sound_415.wav,415,2,3,2,traffic
sound_416.wav,416,2,3,2,traffic
sound_417.wav,417,2,3,2,traffic
sound_418.wav,418,2,3,2,traffic
sound_419.wav,419,2,3,2,traffic
sound_420.wav,420,2,3,2,traffic
sound_421.wav,421,2,3,2,traffic
sound_422.wav,422,2,3,2,traffic
sound_423.wav,423,2,3,2,traffic
sound_424.wav,424,2,3,2,traffic
sound_425.wav,425,2,3,2,traffic
sound_426.wav,426,2,3,2,traffic
sound_427.wav,427,2,3,2,traffic
sound_428.wav,428,2,3,2,traffic
sound_429.wav,429,2,3,2,traffic
sound_430.wav,430,2,3,2,traffic
sound_431.wav,431,2,3,2,traffic
sound_432.wav,432,2,3,2,traffic
sound_433.wav,433,2,3,2,traffic
sound_434.wav,434,2,3,2,traffic
sound_435.wav,435,2,3,2,traffic
sound_436.wav,436,2,3,2,traffic
sound_437.wav,437,2,3,2,traffic
sound_438.wav,438,2,3,2,traffic
sound_439.wav,439,2,3,2,traffic
sound_440.wav,440,2,3,2,traffic
sound_441.wav,441,2,3,2,traffic
sound_442.wav,442,2,3,2,traffic
sound_443.wav,443,2,3,2,traffic
sound_444.wav,444,2,3,2,traffic
sound_445.wav,445,2,3,2,traffic
sound_446.wav,446,2,3,2,traffic
sound_447.wav,447,2,3,2,traffic
sound_448.wav,448,2,3,2,traffic
sound_449.wav,449,2,3,2,traffic
sound_450.wav,450,2,3,2,traffic
sound_451.wav,451,2,3,2,traffic
sound_452.wav,452,2,3,2,traffic
sound_453.wav,453,2,3,2,traffic
sound_454.wav,454,2,3,2,traffic
sound_455.wav,455,2,3,2,traffic
sound_456.wav,456,2,3,2,traffic
sound_457.wav,457,2,3,2,traffic
sound_458.wav,458,2,3,2,traffic
sound_459.wav,459,2,3,2,traffic
sound_460.wav,460,2,3,2,traffic
sound_461.wav,461,2,3,2,traffic
sound_462.wav,462,2,3,2,traffic
sound_463.wav,463,2,3,2,traffic
sound_464.wav,464,2,3,2,traffic
sound_465.wav,465,2,3,2,traffic
sound_466.wav,466,2,3,2,traffic
sound_467.wav,467,2,3,2,traffic
sound_468.wav,468,2,3,2,traffic
sound_469.wav,469,2,3,2,traffic
sound_470.wav,470,2,3,2,traffic
sound_471.wav,471,2,3,2,traffic
sound_472.wav,472,2,3,2,traffic
sound_473.wav,473,2,3,2,traffic
sound_474.wav,474,2,3,2,traffic
sound_475.wav,475,2,3,2,traffic
sound_476.wav,476,2,3,2,traffic
sound_477.wav,477,2,3,2,traffic
sound_478.wav,478,2,3,2,traffic
sound_479.wav,479,2,3,2,traffic
sound_480.wav,480,2,3,2,traffic
sound_481.wav,481,2,3,2,traffic
sound_482.wav,482,2,3,2,traffic
sound_483.wav,483,2,3,2,traffic
sound_484.wav,484,2,3,2,traffic
sound_485.wav,485,2,3,2,traffic
sound_486.wav,486,2,3,2,traffic
sound_487.wav,487,2,3,2,traffic
sound_488.wav,488,2,3,2,traffic
sound_489.wav,489,2,3,2,traffic
sound_490.wav,490,2,3,2,traffic
sound_491.wav,491,2,3,2,traffic
sound_492.wav,492,2,3,2,traffic
sound_493.wav,493,2,3,2,traffic
sound_494.wav,494,2,3,2,traffic
sound_495.wav,495,2,3,2,traffic
sound_496.wav,496,2,3,2,traffic
sound_497.wav,497,2,3,2,traffic
sound_498.wav,498,2,3,2,traffic
sound_499.wav,499,2,3,2,traffic
sound_500.wav,500,2,3,2,traffic
sound_501.wav,501,2,3,2,traffic
sound_502.wav,502,2,3,2,traffic
sound_503.wav,503,2,3,2,traffic
sound_504.wav,504,2,3,2,traffic
sound_505.wav,505,2,3,2,traffic
sound_506.wav,506,2,3,2,traffic
sound_507.wav,507,2,3,2,traffic
sound_508.wav,508,2,3,2,traffic
sound_509.wav,509,2,3,2,traffic
sound_510.wav,510,2,3,2,traffic
sound_511.wav,511,2,3,2,traffic
sound_512.wav,512,2,3,2,traffic
sound_513.wav,513,2,3,2,traffic
sound_514.wav,514,2,3,2,traffic
sound_515.wav,515,2,3,2,traffic
sound_516.wav,516,2,3,2,traffic
sound_517.wav,517,2,3,2,traffic
sound_518.wav,518,2,3,2,traffic
sound_519.wav,519,2,3,2,traffic
sound_520.wav,520,2,3,2,traffic
sound_521.wav,521,2,3,2,traffic
sound_522.wav,522,2,3,2,traffic
sound_523.wav,523,2,3,2,traffic
sound_524.wav,524,2,3,2,traffic
sound_525.wav,525,2,3,2,traffic
sound_526.wav,526,2,3,2,traffic
sound_527.wav,527,2,3,2,traffic
sound_528.wav,528,2,3,2,traffic
sound_529.wav,529,2,3,2,traffic
sound_530.wav,530,2,3,2,traffic
sound_531.wav,531,2,3,2,traffic
sound_532.wav,532,2,3,2,traffic
sound_533.wav,533,2,3,2,traffic
sound_534.wav,534,2,3,2,traffic
sound_535.wav,535,2,3,2,traffic
sound_536.wav,536,2,3,2,traffic
sound_537.wav,537,2,3,2,traffic
sound_538.wav,538,2,3,2,traffic
sound_539.wav,539,2,3,2,traffic
sound_540.wav,540,2,3,2,traffic
sound_541.wav,541,2,3,2,traffic
sound_542.wav,542,2,3,2,traffic
sound_543.wav,543,2,3,2,traffic
sound_544.wav,544,2,3,2,traffic
sound_545.wav,545,2,3,2,traffic
sound_546.wav,546,2,3,2,traffic
sound_547.wav,547,2,3,2,traffic
sound_548.wav,548,2,3,2,traffic
sound_549.wav,549,2,3,2,traffic
sound_550.wav,550,2,3,2,traffic
sound_551.wav,551,2,3,2,traffic
sound_552.wav,552,2,3,2,traffic
sound_553.wav,553,2,3,2,traffic
sound_554.wav,554,2,3,2,traffic
sound_555.wav,555,2,3,2,traffic
sound_556.wav,556,2,3,2,traffic
sound_557.wav,557,2,3,2,traffic
sound_558.wav,558,2,3,2,traffic
sound_559.wav,559,2,3,2,traffic
sound_560.wav,560,2,3,2,traffic
sound_561.wav,561,2,3,2,traffic
sound_562.wav,562,2,3,2,traffic
sound_563.wav,563,2,3,2,traffic
sound_564.wav,564,2,3,2,traffic
sound_565.wav,565,2,3,2,traffic
sound_566.wav,566,2,3,2,traffic
sound_567.wav,567,2,3,2,traffic
sound_568.wav,568,2,3,2,traffic
sound_569.wav,569,2,3,2,traffic
sound_570.wav,570,2,3,2,traffic
sound_571.wav,571,2,3,2,traffic
sound_572.wav,572,2,3,2,traffic
sound_573.wav,573,2,3,2,traffic
sound_574.wav,574,2,3,2,traffic
sound_575.wav,575,2,3,2,traffic
sound_576.wav,576,2,3,2,traffic
sound_577.wav,577,2,3,2,traffic
sound_578.wav,578,2,3,2,traffic
sound_579.wav,579,2,3,2,traffic
sound_580.wav,580,2,3,2,traffic
sound_581.wav,581,2,3,2,traffic
sound_582.wav,582,2,3,2,traffic
sound_583.wav,583,2,3,2,traffic
sound_584.wav,584,2,3,2,traffic
sound_585.wav,585,2,3,2,traffic
sound_586.wav,586,2,3,2,traffic
sound_587.wav,587,2,3,2,traffic
sound_588.wav,588,2,3,2,traffic
sound_589.wav,589,2,3,2,traffic
sound_590.wav,590,2,3,2,traffic
sound_591.wav,591,2,3,2,traffic
sound_592.wav,592,2,3,2,traffic
sound_593.wav,593,2,3,2,traffic
sound_594.wav,594,2,3,2,traffic
sound_595.wav,595,2,3,2,traffic
sound_596.wav,596,2,3,2,traffic
sound_597.wav,597,2,3,2,traffic
sound_598.wav,598,2,3,2,traffic
sound_599.wav,599,2,3,2,traffic
sound_600.wav,600,2,3,2,traffic
sound_601.wav,601,1,4,3,car_horn
sound_602.wav,602,1,4,3,car_horn
sound_603.wav,603,1,4,3,car_horn
sound_604.wav,604,1,4,3,car_horn
sound_605.wav,605,1,4,3,car_horn
sound_606.wav,606,1,4,3,car_horn
sound_607.wav,607,1,4,3,car_horn
sound_608.wav,608,1,4,3,car_horn
sound_609.wav,609,1,4,3,car_horn
sound_610.wav,610,1,4,3,car_horn
sound_611.wav,611,1,4,3,car_horn
sound_612.wav,612,1,4,3,car_horn
sound_613.wav,613,1,4,3,car_horn
sound_614.wav,614,1,4,3,car_horn
sound_615.wav,615,1,4,3,car_horn
sound_616.wav,616,1,4,3,car_horn
sound_617.wav,617,1,4,3,car_horn
sound_618.wav,618,1,4,3,car_horn
sound_619.wav,619,1,4,3,car_horn
sound_620.wav,620,1,4,3,car_horn
sound_621.wav,621,1,4,3,car_horn
sound_622.wav,622,1,4,3,car_horn
sound_623.wav,623,1,4,3,car_horn
sound_624.wav,624,1,4,3,car_horn
sound_625.wav,625,1,4,3,car_horn
sound_626.wav,626,1,4,3,car_horn
sound_627.wav,627,1,4,3,car_horn
sound_628.wav,628,1,4,3,car_horn
sound_629.wav,629,1,4,3,car_horn
sound_630.wav,630,1,4,3,car_horn
sound_631.wav,631,1,4,3,car_horn
sound_632.wav,632,1,4,3,car_horn
sound_633.wav,633,1,4,3,car_horn
sound_634.wav,634,1,4,3,car_horn
sound_635.wav,635,1,4,3,car_horn
sound_636.wav,636,1,4,3,car_horn
sound_637.wav,637,1,4,3,car_horn
sound_638.wav,638,1,4,3,car_horn
sound_639.wav,639,1,4,3,car_horn
sound_640.wav,640,1,4,3,car_horn
sound_641.wav,641,1,4,3,car_horn
sound_642.wav,642,1,4,3,car_horn
sound_643.wav,643,1,4,3,car_horn
sound_644.wav,644,1,4,3,car_horn
sound_645.wav,645,1,4,3,car_horn
sound_646.wav,646,1,4,3,car_horn
sound_647.wav,647,1,4,3,car_horn
sound_648.wav,648,1,4,3,car_horn
sound_649.wav,649,1,4,3,car_horn
sound_650.wav,650,1,4,3,car_horn
sound_651.wav,651,1,4,3,car_horn
sound_652.wav,652,1,4,3,car_horn
sound_653.wav,653,1,4,3,car_horn
sound_654.wav,654,1,4,3,car_horn
sound_655.wav,655,1,4,3,car_horn
sound_656.wav,656,1,4,3,car_horn
sound_657.wav,657,1,4,3,car_horn
sound_658.wav,658,1,4,3,car_horn
sound_659.wav,659,1,4,3,car_horn
sound_660.wav,660,1,4,3,car_horn
sound_661.wav,661,1,4,3,car_horn
sound_662.wav,662,1,4,3,car_horn
sound_663.wav,663,1,4,3,car_horn
sound_664.wav,664,1,4,3,car_horn
sound_665.wav,665,1,4,3,car_horn
sound_666.wav,666,1,4,3,car_horn
sound_667.wav,667,1,4,3,car_horn
sound_668.wav,668,1,4,3,car_horn
sound_669.wav,669,1,4,3,car_horn
sound_670.wav,670,1,4,3,car_horn
sound_671.wav,671,1,4,3,car_horn
sound_672.wav,672,1,4,3,car_horn
sound_673.wav,673,1,4,3,car_horn
sound_674.wav,674,1,4,3,car_horn
sound_675.wav,675,1,4,3,car_horn
sound_676.wav,676,1,4,3,car_horn
sound_677.wav,677,1,4,3,car_horn
sound_678.wav,678,1,4,3,car_horn
sound_679.wav,679,1,4,3,car_horn
sound_680.wav,680,1,4,3,car_horn
sound_681.wav,681,1,4,3,car_horn
sound_682.wav,682,1,4,3,car_horn
sound_683.wav,683,1,4,3,car_horn
sound_684.wav,684,1,4,3,car_horn
sound_685.wav,685,1,4,3,car_horn
sound_686.wav,686,1,4,3,car_horn
sound_687.wav,687,1,4,3,car_horn
sound_688.wav,688,1,4,3,car_horn
sound_689.wav,689,1,4,3,car_horn
sound_690.wav,690,1,4,3,car_horn
sound_691.wav,691,1,4,3,car_horn
sound_692.wav,692,1,4,3,car_horn
sound_693.wav,693,1,4,3,car_horn
sound_694.wav,694,1,4,3,car_horn
sound_695.wav,695,1,4,3,car_horn
sound_696.wav,696,1,4,3,car_horn
sound_697.wav,697,1,4,3,car_horn
sound_698.wav,698,1,4,3,car_horn
sound_699.wav,699,1,4,3,car_horn
sound_700.wav,700,1,4,3,car_horn
sound_701.wav,701,1,4,3,car_horn
sound_702.wav,702,1,4,3,car_horn
sound_703.wav,703,1,4,3,car_horn
sound_704.wav,704,1,4,3,car_horn
sound_705.wav,705,1,4,3,car_horn
sound_706.wav,706,1,4,3,car_horn
sound_707.wav,707,1,4,3,car_horn
sound_708.wav,708,1,4,3,car_horn
sound_709.wav,709,1,4,3,car_horn
sound_710.wav,710,1,4,3,car_horn
sound_711.wav,711,1,4,3,car_horn
sound_712.wav,712,1,4,3,car_horn
sound_713.wav,713,1,4,3,car_horn
sound_714.wav,714,1,4,3,car_horn
sound_715.wav,715,1,4,3,car_horn
sound_716.wav,716,1,4,3,car_horn
sound_717.wav,717,1,4,3,car_horn
sound_718.wav,718,1,4,3,car_horn
sound_719.wav,719,1,4,3,car_horn
sound_720.wav,720,1,4,3,car_horn
sound_721.wav,721,1,4,3,car_horn
sound_722.wav,722,1,4,3,car_horn
sound_723.wav,723,1,4,3,car_horn
sound_724.wav,724,1,4,3,car_horn
sound_725.wav,725,1,4,3,car_horn
sound_726.wav,726,1,4,3,car_horn
sound_727.wav,727,1,4,3,car_horn
sound_728.wav,728,1,4,3,car_horn
sound_729.wav,729,1,4,3,car_horn
sound_730.wav,730,1,4,3,car_horn
sound_731.wav,731,1,4,3,car_horn
sound_732.wav,732,1,4,3,car_horn
sound_733.wav,733,1,4,3,car_horn
sound_734.wav,734,1,4,3,car_horn
sound_735.wav,735,1,4,3,car_horn
sound_736.wav,736,1,4,3,car_horn
sound_737.wav,737,1,4,3,car_horn
sound_738.wav,738,1,4,3,car_horn
sound_739.wav,739,1,4,3,car_horn
sound_740.wav,740,1,4,3,car_horn
sound_741.wav,741,1,4,3,car_horn
sound_742.wav,742,1,4,3,car_horn
sound_743.wav,743,1,4,3,car_horn
sound_744.wav,744,1,4,3,car_horn
sound_745.wav,745,1,4,3,car_horn
sound_746.wav,746,1,4,3,car_horn
sound_747.wav,747,1,4,3,car_horn
sound_748.wav,748,1,4,3,car_horn
sound_749.wav,749,1,4,3,car_horn
sound_750.wav,750,1,4,3,car_horn
sound_751.wav,751,1,4,3,car_horn
sound_752.wav,752,1,4,3,car_horn
sound_753.wav,753,1,4,3,car_horn
sound_754.wav,754,1,4,3,car_horn
sound_755.wav,755,1,4,3,car_horn
sound_756.wav,756,1,4,3,car_horn
sound_757.wav,757,1,4,3,car_horn
sound_758.wav,758,1,4,3,car_horn
sound_759.wav,759,1,4,3,car_horn
sound_760.wav,760,1,4,3,car_horn
sound_761.wav,761,1,4,3,car_horn
sound_762.wav,762,1,4,3,car_horn
sound_763.wav,763,1,4,3,car_horn
sound_764.wav,764,1,4,3,car_horn
sound_765.wav,765,1,4,3,car_horn
sound_766.wav,766,1,4,3,car_horn
sound_767.wav,767,1,4,3,car_horn
sound_768.wav,768,1,4,3,car_horn
sound_769.wav,769,1,4,3,car_horn
sound_770.wav,770,1,4,3,car_horn
sound_771.wav,771,1,4,3,car_horn
sound_772.wav,772,1,4,3,car_horn
sound_773.wav,773,1,4,3,car_horn
sound_774.wav,774,1,4,3,car_horn
sound_775.wav,775,1,4,3,car_horn
sound_776.wav,776,1,4,3,car_horn
sound_777.wav,777,1,4,3,car_horn
sound_778.wav,778,1,4,3,car_horn
sound_779.wav,779,1,4,3,car_horn
sound_780.wav,780,1,4,3,car_horn
sound_781.wav,781,1,4,3,car_horn
sound_782.wav,782,1,4,3,car_horn
sound_783.wav,783,1,4,3,car_horn
sound_784.wav,784,1,4,3,car_horn
sound_785.wav,785,1,4,3,car_horn
sound_786.wav,786,1,4,3,car_horn
sound_787.wav,787,1,4,3,car_horn
sound_788.wav,788,1,4,3,car_horn
sound_789.wav,789,1,4,3,car_horn
sound_790.wav,790,1,4,3,car_horn
sound_791.wav,791,1,4,3,car_horn
sound_792.wav,792,1,4,3,car_horn
sound_793.wav,793,1,4,3,car_horn
sound_794.wav,794,1,4,3,car_horn
sound_795.wav,795,1,4,3,car_horn
sound_796.wav,796,1,4,3,car_horn
sound_797.wav,797,1,4,3,car_horn
sound_798.wav,798,1,4,3,car_horn
sound_799.wav,799,1,4,3,car_horn
sound_800.wav,800,1,4,3,car_horn
sound_801.wav,801,1,4,3,car_horn
sound_802.wav,802,1,4,3,car_horn
sound_803.wav,803,1,4,3,car_horn
sound_804.wav,804,1,4,3,car_horn
sound_805.wav,805,1,4,3,car_horn
sound_806.wav,806,1,4,3,car_horn
sound_807.wav,807,1,4,3,car_horn
sound_808.wav,808,1,4,3,car_horn
sound_809.wav,809,1,4,3,car_horn
sound_810.wav,810,1,4,3,car_horn
sound_811.wav,811,1,4,3,car_horn
sound_812.wav,812,1,4,3,car_horn
sound_813.wav,813,1,4,3,car_horn
sound_814.wav,814,1,4,3,car_horn
sound_815.wav,815,1,4,3,car_horn
sound_816.wav,816,1,4,3,car_horn
sound_817.wav,817,1,4,3,car_horn
sound_818.wav,818,1,4,3,car_horn
sound_819.wav,819,1,4,3,car_horn
sound_820.wav,820,1,4,3,car_horn
sound_821.wav,821,1,4,3,car_horn
sound_822.wav,822,1,4,3,car_horn
sound_823.wav,823,1,4,3,car_horn
sound_824.wav,824,1,4,3,car_horn
sound_825.wav,825,1,4,3,car_horn
sound_826.wav,826,1,4,3,car_horn
sound_827.wav,827,1,4,3,car_horn
sound_828.wav,828,1,4,3,car_horn
sound_829.wav,829,1,4,3,car_horn
sound_830.wav,830,1,4,3,car_horn
sound_831.wav,831,1,4,3,car_horn
sound_832.wav,832,1,4,3,car_horn
sound_833.wav,833,1,4,3,car_horn
sound_834.wav,834,1,4,3,car_horn
sound_835.wav,835,1,4,3,car_horn
sound_836.wav,836,1,4,3,car_horn
sound_837.wav,837,1,4,3,car_horn
sound_838.wav,838,1,4,3,car_horn
sound_839.wav,839,1,4,3,car_horn
sound_840.wav,840,1,4,3,car_horn
sound_841.wav,841,1,4,3,car_horn
sound_842.wav,842,1,4,3,car_horn
sound_843.wav,843,1,4,3,car_horn
sound_844.wav,844,1,4,3,car_horn
sound_845.wav,845,1,4,3,car_horn
sound_846.wav,846,1,4,3,car_horn
sound_847.wav,847,1,4,3,car_horn
sound_848.wav,848,1,4,3,car_horn
sound_849.wav,849,1,4,3,car_horn
sound_850.wav,850,1,4,3,car_horn
sound_851.wav,851,1,4,3,car_horn
sound_852.wav,852,1,4,3,car_horn
sound_853.wav,853,1,4,3,car_horn
sound_854.wav,854,1,4,3,car_horn
sound_855.wav,855,1,4,3,car_horn
sound_856.wav,856,1,4,3,car_horn
sound_857.wav,857,1,4,3,car_horn
sound_858.wav,858,1,4,3,car_horn
sound_859.wav,859,1,4,3,car_horn
sound_860.wav,860,1,4,3,car_horn
sound_861.wav,861,1,4,3,car_horn
sound_862.wav,862,1,4,3,car_horn
sound_863.wav,863,1,4,3,car_horn
sound_864.wav,864,1,4,3,car_horn
sound_865.wav,865,1,4,3,car_horn
sound_866.wav,866,1,4,3,car_horn
sound_867.wav,867,1,4,3,car_horn
sound_868.wav,868,1,4,3,car_horn
sound_869.wav,869,1,4,3,car_horn
sound_870.wav,870,1,4,3,car_horn
sound_871.wav,871,1,4,3,car_horn
sound_872.wav,872,1,4,3,car_horn
sound_873.wav,873,1,4,3,car_horn
sound_874.wav,874,1,4,3,car_horn
sound_875.wav,875,1,4,3,car_horn
sound_876.wav,876,1,4,3,car_horn
sound_877.wav,877,1,4,3,car_horn
sound_878.wav,878,1,4,3,car_horn
sound_879.wav,879,1,4,3,car_horn
sound_880.wav,880,1,4,3,car_horn
sound_881.wav,881,1,4,3,car_horn
sound_882.wav,882,1,4,3,car_horn
sound_883.wav,883,1,4,3,car_horn
sound_884.wav,884,1,4,3,car_horn
sound_885.wav,885,1,4,3,car_horn
sound_886.wav,886,1,4,3,car_horn
sound_887.wav,887,1,4,3,car_horn
sound_888.wav,888,1,4,3,car_horn
sound_889.wav,889,1,4,3,car_horn
sound_890.wav,890,1,4,3,car_horn
sound_891.wav,891,1,4,3,car_horn
sound_892.wav,892,1,4,3,car_horn
sound_893.wav,893,1,4,3,car_horn
sound_894.wav,894,1,4,3,car_horn
sound_895.wav,895,1,4,3,car_horn
sound_896.wav,896,1,4,3,car_horn
sound_897.wav,897,1,4,3,car_horn
sound_898.wav,898,1,4,3,car_horn
sound_899.wav,899,1,4,3,car_horn
sound_900.wav,900,1,4,3,car_horn
sound_901.wav,901,1,4,3,car_horn
sound_902.wav,902,1,4,3,car_horn
sound_903.wav,903,1,4,3,car_horn
sound_904.wav,904,1,4,3,car_horn
sound_905.wav,905,1,4,3,car_horn
sound_906.wav,906,1,4,3,car_horn
sound_907.wav,907,1,4,3,car_horn
sound_908.wav,908,1,4,3,car_horn
sound_909.wav,909,1,4,3,car_horn
sound_910.wav,910,1,4,3,car_horn
sound_911.wav,911,1,4,3,car_horn
sound_912.wav,912,1,4,3,car_horn
sound_913.wav,913,1,4,3,car_horn
sound_914.wav,914,1,4,3,car_horn
sound_915.wav,915,1,4,3,car_horn
sound_916.wav,916,1,4,3,car_horn
sound_917.wav,917,1,4,3,car_horn
sound_918.wav,918,1,4,3,car_horn
sound_919.wav,919,1,4,3,car_horn
sound_920.wav,920,1,4,3,car_horn
sound_921.wav,921,1,4,3,car_horn
sound_922.wav,922,1,4,3,car_horn
sound_923.wav,923,1,4,3,car_horn
sound_924.wav,924,1,4,3,car_horn
sound_925.wav,925,1,4,3,car_horn
sound_926.wav,926,1,4,3,car_horn
sound_927.wav,927,1,4,3,car_horn
sound_928.wav,928,1,4,3,car_horn
sound_929.wav,929,1,4,3,car_horn
sound_930.wav,930,1,4,3,car_horn
sound_931.wav,931,1,4,3,car_horn
sound_932.wav,932,1,4,3,car_horn
sound_933.wav,933,1,4,3,car_horn
sound_934.wav,934,1,4,3,car_horn
sound_935.wav,935,1,4,3,car_horn
sound_936.wav,936,1,4,3,car_horn
sound_937.wav,937,1,4,3,car_horn
sound_938.wav,938,1,4,3,car_horn
sound_939.wav,939,1,4,3,car_horn
sound_940.wav,940,1,4,3,car_horn
sound_941.wav,941,1,4,3,car_horn
sound_942.wav,942,1,4,3,car_horn
sound_943.wav,943,1,4,3,car_horn
sound_944.wav,944,1,4,3,car_horn
sound_945.wav,945,1,4,3,car_horn
sound_946.wav,946,1,4,3,car_horn
sound_947.wav,947,1,4,3,car_horn
sound_948.wav,948,1,4,3,car_horn
sound_949.wav,949,1,4,3,car_horn
sound_950.wav,950,1,4,3,car_horn
sound_951.wav,951,1,4,3,car_horn
sound_952.wav,952,1,4,3,car_horn
sound_953.wav,953,1,4,3,car_horn
sound_954.wav,954,1,4,3,car_horn
sound_955.wav,955,1,4,3,car_horn
sound_956.wav,956,1,4,3,car_horn
sound_957.wav,957,1,4,3,car_horn
sound_958.wav,958,1,4,3,car_horn
sound_959.wav,959,1,4,3,car_horn
sound_960.wav,960,1,4,3,car_horn
sound_961.wav,961,1,4,3,car_horn
sound_962.wav,962,1,4,3,car_horn
sound_963.wav,963,1,4,3,car_horn
sound_964.wav,964,1,4,3,car_horn
sound_965.wav,965,1,4,3,car_horn
sound_966.wav,966,1,4,3,car_horn
sound_967.wav,967,1,4,3,car_horn
sound_968.wav,968,1,4,3,car_horn
sound_969.wav,969,1,4,3,car_horn
sound_970.wav,970,1,4,3,car_horn
sound_971.wav,971,1,4,3,car_horn
sound_972.wav,972,1,4,3,car_horn
sound_973.wav,973,1,4,3,car_horn
sound_974.wav,974,1,4,3,car_horn
sound_975.wav,975,1,4,3,car_horn
sound_976.wav,976,1,4,3,car_horn
sound_977.wav,977,1,4,3,car_horn
sound_978.wav,978,1,4,3,car_horn
sound_979.wav,979,1,4,3,car_horn
sound_980.wav,980,1,4,3,car_horn
sound_981.wav,981,1,4,3,car_horn
sound_982.wav,982,1,4,3,car_horn
sound_983.wav,983,1,4,3,car_horn
sound_984.wav,984,1,4,3,car_horn
sound_985.wav,985,1,4,3,car_horn
sound_986.wav,986,1,4,3,car_horn
sound_987.wav,987,1,4,3,car_horn
sound_988.wav,988,1,4,3,car_horn
sound_989.wav,989,1,4,3,car_horn
sound_990.wav,990,1,4,3,car_horn
sound_991.wav,991,1,4,3,car_horn
sound_992.wav,992,1,4,3,car_horn
sound_993.wav,993,1,4,3,car_horn
sound_994.wav,994,1,4,3,car_horn
sound_995.wav,995,1,4,3,car_horn
sound_996.wav,996,1,4,3,car_horn
sound_997.wav,997,1,4,3,car_horn
sound_998.wav,998,1,4,3,car_horn
sound_999.wav,999,1,4,3,car_horn
sound_1000.wav,1000,1,4,3,car_horn
sound_1001.wav,1001,1,5,4,air_conditioner
sound_1002.wav,1002,1,5,4,air_conditioner
sound_1003.wav,1003,1,5,4,air_conditioner
sound_1004.wav,1004,1,5,4,air_conditioner
sound_1005.wav,1005,1,5,4,air_conditioner
sound_1006.wav,1006,1,5,4,air_conditioner
sound_1007.wav,1007,1,5,4,air_conditioner
sound_1008.wav,1008,1,5,4,air_conditioner
sound_1009.wav,1009,1,5,4,air_conditioner
sound_1010.wav,1010,1,5,4,air_conditioner
sound_1011.wav,1011,1,5,4,air_conditioner
sound_1012.wav,1012,1,5,4,air_conditioner
sound_1013.wav,1013,1,5,4,air_conditioner
sound_1014.wav,1014,1,5,4,air_conditioner
sound_1015.wav,1015,1,5,4,air_conditioner
sound_1016.wav,1016,1,5,4,air_conditioner
sound_1017.wav,1017,1,5,4,air_conditioner
sound_1018.wav,1018,1,5,4,air_conditioner
sound_1019.wav,1019,1,5,4,air_conditioner
sound_1020.wav,1020,1,5,4,air_conditioner
sound_1021.wav,1021,1,5,4,air_conditioner
sound_1022.wav,1022,1,5,4,air_conditioner
sound_1023.wav,1023,1,5,4,air_conditioner
sound_1024.wav,1024,1,5,4,air_conditioner
sound_1025.wav,1025,1,5,4,air_conditioner
sound_1026.wav,1026,1,5,4,air_conditioner
sound_1027.wav,1027,1,5,4,air_conditioner
sound_1028.wav,1028,1,5,4,air_conditioner
sound_1029.wav,1029,1,5,4,air_conditioner
sound_1030.wav,1030,1,5,4,air_conditioner
sound_1031.wav,1031,1,5,4,air_conditioner
sound_1032.wav,1032,1,5,4,air_conditioner
sound_1033.wav,1033,1,5,4,air_conditioner
sound_1034.wav,1034,1,5,4,air_conditioner
sound_1035.wav,1035,1,5,4,air_conditioner
sound_1036.wav,1036,1,5,4,air_conditioner
sound_1037.wav,1037,1,5,4,air_conditioner
sound_1038.wav,1038,1,5,4,air_conditioner
sound_1039.wav,1039,1,5,4,air_conditioner
sound_1040.wav,1040,1,5,4,air_conditioner
sound_1041.wav,1041,1,5,4,air_conditioner
sound_1042.wav,1042,1,5,4,air_conditioner
sound_1043.wav,1043,1,5,4,air_conditioner
sound_1044.wav,1044,1,5,4,air_conditioner
sound_1045.wav,1045,1,5,4,air_conditioner
sound_1046.wav,1046,1,5,4,air_conditioner
sound_1047.wav,1047,1,5,4,air_conditioner
sound_1048.wav,1048,1,5,4,air_conditioner
sound_1049.wav,1049,1,5,4,air_conditioner
sound_1050.wav,1050,1,5,4,air_conditioner
sound_1051.wav,1051,1,5,4,air_conditioner
sound_1052.wav,1052,1,5,4,air_conditioner
sound_1053.wav,1053,1,5,4,air_conditioner
sound_1054.wav,1054,1,5,4,air_conditioner
sound_1055.wav,1055,1,5,4,air_conditioner
sound_1056.wav,1056,1,5,4,air_conditioner
sound_1057.wav,1057,1,5,4,air_conditioner
sound_1058.wav,1058,1,5,4,air_conditioner
sound_1059.wav,1059,1,5,4,air_conditioner
sound_1060.wav,1060,1,5,4,air_conditioner
sound_1061.wav,1061,1,5,4,air_conditioner
sound_1062.wav,1062,1,5,4,air_conditioner
sound_1063.wav,1063,1,5,4,air_conditioner
sound_1064.wav,1064,1,5,4,air_conditioner
sound_1065.wav,1065,1,5,4,air_conditioner
sound_1066.wav,1066,1,5,4,air_conditioner
sound_1067.wav,1067,1,5,4,air_conditioner
sound_1068.wav,1068,1,5,4,air_conditioner
sound_1069.wav,1069,1,5,4,air_conditioner
sound_1070.wav,1070,1,5,4,air_conditioner
sound_1071.wav,1071,1,5,4,air_conditioner
sound_1072.wav,1072,1,5,4,air_conditioner
sound_1073.wav,1073,1,5,4,air_conditioner
sound_1074.wav,1074,1,5,4,air_conditioner
sound_1075.wav,1075,1,5,4,air_conditioner
sound_1076.wav,1076,1,5,4,air_conditioner
sound_1077.wav,1077,1,5,4,air_conditioner
sound_1078.wav,1078,1,5,4,air_conditioner
sound_1079.wav,1079,1,5,4,air_conditioner
sound_1080.wav,1080,1,5,4,air_conditioner
sound_1081.wav,1081,1,5,4,air_conditioner
sound_1082.wav,1082,1,5,4,air_conditioner
sound_1083.wav,1083,1,5,4,air_conditioner
sound_1084.wav,1084,1,5,4,air_conditioner
sound_1085.wav,1085,1,5,4,air_conditioner
sound_1086.wav,1086,1,5,4,air_conditioner
sound_1087.wav,1087,1,5,4,air_conditioner
sound_1088.wav,1088,1,5,4,air_conditioner
sound_1089.wav,1089,1,5,4,air_conditioner
sound_1090.wav,1090,1,5,4,air_conditioner
sound_1091.wav,1091,1,5,4,air_conditioner
sound_1092.wav,1092,1,5,4,air_conditioner
sound_1093.wav,1093,1,5,4,air_conditioner
sound_1094.wav,1094,1,5,4,air_conditioner
sound_1095.wav,1095,1,5,4,air_conditioner
sound_1096.wav,1096,1,5,4,air_conditioner
sound_1097.wav,1097,1,5,4,air_conditioner
sound_1098.wav,1098,1,5,4,air_conditioner
sound_1099.wav,1099,1,5,4,air_conditioner
sound_1100.wav,1100,1,5,4,air_conditioner
sound_1101.wav,1101,1,5,4,air_conditioner
sound_1102.wav,1102,1,5,4,air_conditioner
sound_1103.wav,1103,1,5,4,air_conditioner
sound_1104.wav,1104,1,5,4,air_conditioner
sound_1105.wav,1105,1,5,4,air_conditioner
sound_1106.wav,1106,1,5,4,air_conditioner
sound_1107.wav,1107,1,5,4,air_conditioner
sound_1108.wav,1108,1,5,4,air_conditioner
sound_1109.wav,1109,1,5,4,air_conditioner
sound_1110.wav,1110,1,5,4,air_conditioner
sound_1111.wav,1111,1,5,4,air_conditioner
sound_1112.wav,1112,1,5,4,air_conditioner
sound_1113.wav,1113,1,5,4,air_conditioner
sound_1114.wav,1114,1,5,4,air_conditioner
sound_1115.wav,1115,1,5,4,air_conditioner
sound_1116.wav,1116,1,5,4,air_conditioner
sound_1117.wav,1117,1,5,4,air_conditioner
sound_1118.wav,1118,1,5,4,air_conditioner
sound_1119.wav,1119,1,5,4,air_conditioner
sound_1120.wav,1120,1,5,4,air_conditioner
sound_1121.wav,1121,1,5,4,air_conditioner
sound_1122.wav,1122,1,5,4,air_conditioner
sound_1123.wav,1123,1,5,4,air_conditioner
sound_1124.wav,1124,1,5,4,air_conditioner
sound_1125.wav,1125,1,5,4,air_conditioner
sound_1126.wav,1126,1,5,4,air_conditioner
sound_1127.wav,1127,1,5,4,air_conditioner
sound_1128.wav,1128,1,5,4,air_conditioner
sound_1129.wav,1129,1,5,4,air_conditioner
sound_1130.wav,1130,1,5,4,air_conditioner
sound_1131.wav,1131,1,5,4,air_conditioner
sound_1132.wav,1132,1,5,4,air_conditioner
sound_1133.wav,1133,1,5,4,air_conditioner
sound_1134.wav,1134,1,5,4,air_conditioner
sound_1135.wav,1135,1,5,4,air_conditioner
sound_1136.wav,1136,1,5,4,air_conditioner
sound_1137.wav,1137,1,5,4,air_conditioner
sound_1138.wav,1138,1,5,4,air_conditioner
sound_1139.wav,1139,1,5,4,air_conditioner
sound_1140.wav,1140,1,5,4,air_conditioner
sound_1141.wav,1141,1,5,4,air_conditioner
sound_1142.wav,1142,1,5,4,air_conditioner
sound_1143.wav,1143,1,5,4,air_conditioner
sound_1144.wav,1144,1,5,4,air_conditioner
sound_1145.wav,1145,1,5,4,air_conditioner
sound_1146.wav,1146,1,5,4,air_conditioner
sound_1147.wav,1147,1,5,4,air_conditioner
sound_1148.wav,1148,1,5,4,air_conditioner
sound_1149.wav,1149,1,5,4,air_conditioner
sound_1150.wav,1150,1,5,4,air_conditioner
sound_1151.wav,1151,1,5,4,air_conditioner
sound_1152.wav,1152,1,5,4,air_conditioner
sound_1153.wav,1153,1,5,4,air_conditioner
sound_1154.wav,1154,1,5,4,air_conditioner
sound_1155.wav,1155,1,5,4,air_conditioner
sound_1156.wav,1156,1,5,4,air_conditioner
sound_1157.wav,1157,1,5,4,air_conditioner
sound_1158.wav,1158,1,5,4,air_conditioner
sound_1159.wav,1159,1,5,4,air_conditioner
sound_1160.wav,1160,1,5,4,air_conditioner
sound_1161.wav,1161,1,5,4,air_conditioner
sound_1162.wav,1162,1,5,4,air_conditioner
sound_1163.wav,1163,1,5,4,air_conditioner
sound_1164.wav,1164,1,5,4,air_conditioner
sound_1165.wav,1165,1,5,4,air_conditioner
sound_1166.wav,1166,1,5,4,air_conditioner
sound_1167.wav,1167,1,5,4,air_conditioner
sound_1168.wav,1168,1,5,4,air_conditioner
sound_1169.wav,1169,1,5,4,air_conditioner
sound_1170.wav,1170,1,5,4,air_conditioner
sound_1171.wav,1171,1,5,4,air_conditioner
sound_1172.wav,1172,1,5,4,air_conditioner
sound_1173.wav,1173,1,5,4,air_conditioner
sound_1174.wav,1174,1,5,4,air_conditioner
sound_1175.wav,1175,1,5,4,air_conditioner
sound_1176.wav,1176,1,5,4,air_conditioner
sound_1177.wav,1177,1,5,4,air_conditioner
sound_1178.wav,1178,1,5,4,air_conditioner
sound_1179.wav,1179,1,5,4,air_conditioner
sound_1180.wav,1180,1,5,4,air_conditioner
sound_1181.wav,1181,1,5,4,air_conditioner
sound_1182.wav,1182,1,5,4,air_conditioner
sound_1183.wav,1183,1,5,4,air_conditioner
sound_1184.wav,1184,1,5,4,air_conditioner
sound_1185.wav,1185,1,5,4,air_conditioner
sound_1186.wav,1186,1,5,4,air_conditioner
sound_1187.wav,1187,1,5,4,air_conditioner
sound_1188.wav,1188,1,5,4,air_conditioner
sound_1189.wav,1189,1,5,4,air_conditioner
sound_1190.wav,1190,1,5,4,air_conditioner
sound_1191.wav,1191,1,5,4,air_conditioner
sound_1192.wav,1192,1,5,4,air_conditioner
sound_1193.wav,1193,1,5,4,air_conditioner
sound_1194.wav,1194,1,5,4,air_conditioner
sound_1195.wav,1195,1,5,4,air_conditioner
sound_1196.wav,1196,1,5,4,air_conditioner
sound_1197.wav,1197,1,5,4,air_conditioner
sound_1198.wav,1198,1,5,4,air_conditioner
sound_1199.wav,1199,1,5,4,air_conditioner
sound_1200.wav,1200,1,5,4,air_conditioner
sound_1201.wav,1201,1,5,4,air_conditioner
sound_1202.wav,1202,1,5,4,air_conditioner
sound_1203.wav,1203,1,5,4,air_conditioner
sound_1204.wav,1204,1,5,4,air_conditioner
sound_1205.wav,1205,1,5,4,air_conditioner
sound_1206.wav,1206,1,5,4,air_conditioner
sound_1207.wav,1207,1,5,4,air_conditioner
sound_1208.wav,1208,1,5,4,air_conditioner
sound_1209.wav,1209,1,5,4,air_conditioner
sound_1210.wav,1210,1,5,4,air_conditioner
sound_1211.wav,1211,1,5,4,air_conditioner
sound_1212.wav,1212,1,5,4,air_conditioner
sound_1213.wav,1213,1,5,4,air_conditioner
sound_1214.wav,1214,1,5,4,air_conditioner
sound_1215.wav,1215,1,5,4,air_conditioner
sound_1216.wav,1216,1,5,4,air_conditioner
sound_1217.wav,1217,1,5,4,air_conditioner
sound_1218.wav,1218,1,5,4,air_conditioner
sound_1219.wav,1219,1,5,4,air_conditioner
sound_1220.wav,1220,1,5,4,air_conditioner
sound_1221.wav,1221,1,5,4,air_conditioner
sound_1222.wav,1222,1,5,4,air_conditioner
sound_1223.wav,1223,1,5,4,air_conditioner
sound_1224.wav,1224,1,5,4,air_conditioner
sound_1225.wav,1225,1,5,4,air_conditioner
sound_1226.wav,1226,1,5,4,air_conditioner
sound_1227.wav,1227,1,5,4,air_conditioner
sound_1228.wav,1228,1,5,4,air_conditioner
sound_1229.wav,1229,1,5,4,air_conditioner
sound_1230.wav,1230,1,5,4,air_conditioner
sound_1231.wav,1231,1,5,4,air_conditioner
sound_1232.wav,1232,1,5,4,air_conditioner
sound_1233.wav,1233,1,5,4,air_conditioner
sound_1234.wav,1234,1,5,4,air_conditioner
sound_1235.wav,1235,1,5,4,air_conditioner
sound_1236.wav,1236,1,5,4,air_conditioner
sound_1237.wav,1237,1,5,4,air_conditioner
sound_1238.wav,1238,1,5,4,air_conditioner
sound_1239.wav,1239,1,5,4,air_conditioner
sound_1240.wav,1240,1,5,4,air_conditioner
sound_1241.wav,1241,1,5,4,air_conditioner
sound_1242.wav,1242,1,5,4,air_conditioner
sound_1243.wav,1243,1,5,4,air_conditioner
sound_1244.wav,1244,1,5,4,air_conditioner
sound_1245.wav,1245,1,5,4,air_conditioner
sound_1246.wav,1246,1,5,4,air_conditioner
sound_1247.wav,1247,1,5,4,air_conditioner
sound_1248.wav,1248,1,5,4,air_conditioner
sound_1249.wav,1249,1,5,4,air_conditioner
sound_1250.wav,1250,1,5,4,air_conditioner
sound_1251.wav,1251,1,5,4,air_conditioner
sound_1252.wav,1252,1,5,4,air_conditioner
sound_1253.wav,1253,1,5,4,air_conditioner
sound_1254.wav,1254,1,5,4,air_conditioner
sound_1255.wav,1255,1,5,4,air_conditioner
sound_1256.wav,1256,1,5,4,air_conditioner
sound_1257.wav,1257,1,5,4,air_conditioner
sound_1258.wav,1258,1,5,4,air_conditioner
sound_1259.wav,1259,1,5,4,air_conditioner
sound_1260.wav,1260,1,5,4,air_conditioner
sound_1261.wav,1261,1,5,4,air_conditioner
sound_1262.wav,1262,1,5,4,air_conditioner
sound_1263.wav,1263,1,5,4,air_conditioner
sound_1264.wav,1264,1,5,4,air_conditioner
sound_1265.wav,1265,1,5,4,air_conditioner
sound_1266.wav,1266,1,5,4,air_conditioner
sound_1267.wav,1267,1,5,4,air_conditioner
sound_1268.wav,1268,1,5,4,air_conditioner
sound_1269.wav,1269,1,5,4,air_conditioner
sound_1270.wav,1270,1,5,4,air_conditioner
sound_1271.wav,1271,1,5,4,air_conditioner
sound_1272.wav,1272,1,5,4,air_conditioner
sound_1273.wav,1273,1,5,4,air_conditioner
sound_1274.wav,1274,1,5,4,air_conditioner
sound_1275.wav,1275,1,5,4,air_conditioner
sound_1276.wav,1276,1,5,4,air_conditioner
sound_1277.wav,1277,1,5,4,air_conditioner
sound_1278.wav,1278,1,5,4,air_conditioner
sound_1279.wav,1279,1,5,4,air_conditioner
sound_1280.wav,1280,1,5,4,air_conditioner
sound_1281.wav,1281,1,5,4,air_conditioner
sound_1282.wav,1282,1,5,4,air_conditioner
sound_1283.wav,1283,1,5,4,air_conditioner
sound_1284.wav,1284,1,5,4,air_conditioner
sound_1285.wav,1285,1,5,4,air_conditioner
sound_1286.wav,1286,1,5,4,air_conditioner
sound_1287.wav,1287,1,5,4,air_conditioner
sound_1288.wav,1288,1,5,4,air_conditioner
sound_1289.wav,1289,1,5,4,air_conditioner
sound_1290.wav,1290,1,5,4,air_conditioner
sound_1291.wav,1291,1,5,4,air_conditioner
sound_1292.wav,1292,1,5,4,air_conditioner
sound_1293.wav,1293,1,5,4,air_conditioner
sound_1294.wav,1294,1,5,4,air_conditioner
sound_1295.wav,1295,1,5,4,air_conditioner
sound_1296.wav,1296,1,5,4,air_conditioner
sound_1297.wav,1297,1,5,4,air_conditioner
sound_1298.wav,1298,1,5,4,air_conditioner
sound_1299.wav,1299,1,5,4,air_conditioner
sound_1300.wav,1300,1,5,4,air_conditioner
sound_1301.wav,1301,1,5,4,air_conditioner
sound_1302.wav,1302,1,5,4,air_conditioner
sound_1303.wav,1303,1,5,4,air_conditioner
sound_1304.wav,1304,1,5,4,air_conditioner
sound_1305.wav,1305,1,5,4,air_conditioner
sound_1306.wav,1306,1,5,4,air_conditioner
sound_1307.wav,1307,1,5,4,air_conditioner
sound_1308.wav,1308,1,5,4,air_conditioner
sound_1309.wav,1309,1,5,4,air_conditioner
sound_1310.wav,1310,1,5,4,air_conditioner
sound_1311.wav,1311,1,5,4,air_conditioner
sound_1312.wav,1312,1,5,4,air_conditioner
sound_1313.wav,1313,1,5,4,air_conditioner
sound_1314.wav,1314,1,5,4,air_conditioner
sound_1315.wav,1315,1,5,4,air_conditioner
sound_1316.wav,1316,1,5,4,air_conditioner
sound_1317.wav,1317,1,5,4,air_conditioner
sound_1318.wav,1318,1,5,4,air_conditioner
sound_1319.wav,1319,1,5,4,air_conditioner
sound_1320.wav,1320,1,5,4,air_conditioner
sound_1321.wav,1321,1,5,4,air_conditioner
sound_1322.wav,1322,1,5,4,air_conditioner
sound_1323.wav,1323,1,5,4,air_conditioner
sound_1324.wav,1324,1,5,4,air_conditioner
sound_1325.wav,1325,1,5,4,air_conditioner
sound_1326.wav,1326,1,5,4,air_conditioner
sound_1327.wav,1327,1,5,4,air_conditioner
sound_1328.wav,1328,1,5,4,air_conditioner
sound_1329.wav,1329,1,5,4,air_conditioner
sound_1330.wav,1330,1,5,4,air_conditioner
sound_1331.wav,1331,1,5,4,air_conditioner
sound_1332.wav,1332,1,5,4,air_conditioner
sound_1333.wav,1333,1,5,4,air_conditioner
sound_1334.wav,1334,1,5,4,air_conditioner
sound_1335.wav,1335,1,5,4,air_conditioner
sound_1336.wav,1336,1,5,4,air_conditioner
sound_1337.wav,1337,1,5,4,air_conditioner
sound_1338.wav,1338,1,5,4,air_conditioner
sound_1339.wav,1339,1,5,4,air_conditioner
sound_1340.wav,1340,1,5,4,air_conditioner
sound_1341.wav,1341,1,5,4,air_conditioner
sound_1342.wav,1342,1,5,4,air_conditioner
sound_1343.wav,1343,1,5,4,air_conditioner
sound_1344.wav,1344,1,5,4,air_conditioner
sound_1345.wav,1345,1,5,4,air_conditioner
sound_1346.wav,1346,1,5,4,air_conditioner
sound_1347.wav,1347,1,5,4,air_conditioner
sound_1348.wav,1348,1,5,4,air_conditioner
sound_1349.wav,1349,1,5,4,air_conditioner
sound_1350.wav,1350,1,5,4,air_conditioner
sound_1351.wav,1351,1,5,4,air_conditioner
sound_1352.wav,1352,1,5,4,air_conditioner
sound_1353.wav,1353,1,5,4,air_conditioner
sound_1354.wav,1354,1,5,4,air_conditioner
sound_1355.wav,1355,1,5,4,air_conditioner
sound_1356.wav,1356,1,5,4,air_conditioner
sound_1357.wav,1357,1,5,4,air_conditioner
sound_1358.wav,1358,1,5,4,air_conditioner
sound_1359.wav,1359,1,5,4,air_conditioner
sound_1360.wav,1360,1,5,4,air_conditioner
sound_1361.wav,1361,1,5,4,air_conditioner
sound_1362.wav,1362,1,5,4,air_conditioner
sound_1363.wav,1363,1,5,4,air_conditioner
sound_1364.wav,1364,1,5,4,air_conditioner
sound_1365.wav,1365,1,5,4,air_conditioner
sound_1366.wav,1366,1,5,4,air_conditioner
sound_1367.wav,1367,1,5,4,air_conditioner
sound_1368.wav,1368,1,5,4,air_conditioner
sound_1369.wav,1369,1,5,4,air_conditioner
sound_1370.wav,1370,1,5,4,air_conditioner
sound_1371.wav,1371,1,5,4,air_conditioner
sound_1372.wav,1372,1,5,4,air_conditioner
sound_1373.wav,1373,1,5,4,air_conditioner
sound_1374.wav,1374,1,5,4,air_conditioner
sound_1375.wav,1375,1,5,4,air_conditioner
sound_1376.wav,1376,1,5,4,air_conditioner
sound_1377.wav,1377,1,5,4,air_conditioner
sound_1378.wav,1378,1,5,4,air_conditioner
sound_1379.wav,1379,1,5,4,air_conditioner
sound_1380.wav,1380,1,5,4,air_conditioner
sound_1381.wav,1381,1,5,4,air_conditioner
sound_1382.wav,1382,1,5,4,air_conditioner
sound_1383.wav,1383,1,5,4,air_conditioner
sound_1384.wav,1384,1,5,4,air_conditioner
sound_1385.wav,1385,1,5,4,air_conditioner
sound_1386.wav,1386,1,5,4,air_conditioner
sound_1387.wav,1387,1,5,4,air_conditioner
sound_1388.wav,1388,1,5,4,air_conditioner
sound_1389.wav,1389,1,5,4,air_conditioner
sound_1390.wav,1390,1,5,4,air_conditioner
sound_1391.wav,1391,1,5,4,air_conditioner
sound_1392.wav,1392,1,5,4,air_conditioner
sound_1393.wav,1393,1,5,4,air_conditioner
sound_1394.wav,1394,1,5,4,air_conditioner
sound_1395.wav,1395,1,5,4,air_conditioner
sound_1396.wav,1396,1,5,4,air_conditioner
sound_1397.wav,1397,1,5,4,air_conditioner
sound_1398.wav,1398,1,5,4,air_conditioner
sound_1399.wav,1399,1,5,4,air_conditioner
sound_1400.wav,1400,1,5,4,air_conditioner
sound_1401.wav,1401,1,5,4,air_conditioner
sound_1402.wav,1402,1,5,4,air_conditioner
sound_1403.wav,1403,1,5,4,air_conditioner
sound_1404.wav,1404,1,5,4,air_conditioner
sound_1405.wav,1405,1,5,4,air_conditioner
sound_1406.wav,1406,1,5,4,air_conditioner
sound_1407.wav,1407,1,5,4,air_conditioner
sound_1408.wav,1408,1,5,4,air_conditioner
sound_1409.wav,1409,1,5,4,air_conditioner
sound_1410.wav,1410,1,5,4,air_conditioner
sound_1411.wav,1411,1,5,4,air_conditioner
sound_1412.wav,1412,1,5,4,air_conditioner
sound_1413.wav,1413,1,5,4,air_conditioner
sound_1414.wav,1414,1,5,4,air_conditioner
sound_1415.wav,1415,1,5,4,air_conditioner
sound_1416.wav,1416,1,5,4,air_conditioner
sound_1417.wav,1417,1,5,4,air_conditioner
sound_1418.wav,1418,1,5,4,air_conditioner
sound_1419.wav,1419,1,5,4,air_conditioner
sound_1420.wav,1420,1,5,4,air_conditioner
sound_1421.wav,1421,1,5,4,air_conditioner
sound_1422.wav,1422,1,5,4,air_conditioner
sound_1423.wav,1423,1,5,4,air_conditioner
sound_1424.wav,1424,1,5,4,air_conditioner
sound_1425.wav,1425,1,5,4,air_conditioner
sound_1426.wav,1426,1,5,4,air_conditioner
sound_1427.wav,1427,1,5,4,air_conditioner
sound_1428.wav,1428,1,5,4,air_conditioner
sound_1429.wav,1429,1,5,4,air_conditioner
sound_1430.wav,1430,1,5,4,air_conditioner
sound_1431.wav,1431,1,5,4,air_conditioner
sound_1432.wav,1432,1,5,4,air_conditioner
sound_1433.wav,1433,1,5,4,air_conditioner
sound_1434.wav,1434,1,5,4,air_conditioner
sound_1435.wav,1435,1,5,4,air_conditioner
sound_1436.wav,1436,1,5,4,air_conditioner
sound_1437.wav,1437,1,5,4,air_conditioner
sound_1438.wav,1438,1,5,4,air_conditioner
sound_1439.wav,1439,1,5,4,air_conditioner
sound_1440.wav,1440,1,5,4,air_conditioner
sound_1441.wav,1441,1,5,4,air_conditioner
sound_1442.wav,1442,1,5,4,air_conditioner
sound_1443.wav,1443,1,5,4,air_conditioner
sound_1444.wav,1444,1,5,4,air_conditioner
sound_1445.wav,1445,1,5,4,air_conditioner
sound_1446.wav,1446,1,5,4,air_conditioner
sound_1447.wav,1447,1,5,4,air_conditioner
sound_1448.wav,1448,1,5,4,air_conditioner
sound_1449.wav,1449,1,5,4,air_conditioner
sound_1450.wav,1450,1,5,4,air_conditioner
sound_1451.wav,1451,1,5,4,air_conditioner
sound_1452.wav,1452,1,5,4,air_conditioner
sound_1453.wav,1453,1,5,4,air_conditioner
sound_1454.wav,1454,1,5,4,air_conditioner
sound_1455.wav,1455,1,5,4,air_conditioner
sound_1456.wav,1456,1,5,4,air_conditioner
sound_1457.wav,1457,1,5,4,air_conditioner
sound_1458.wav,1458,1,5,4,air_conditioner
sound_1459.wav,1459,1,5,4,air_conditioner
sound_1460.wav,1460,1,5,4,air_conditioner
sound_1461.wav,1461,1,5,4,air_conditioner
sound_1462.wav,1462,1,5,4,air_conditioner
sound_1463.wav,1463,1,5,4,air_conditioner
sound_1464.wav,1464,1,5,4,air_conditioner
sound_1465.wav,1465,1,5,4,air_conditioner
sound_1466.wav,1466,1,5,4,air_conditioner
sound_1467.wav,1467,1,5,4,air_conditioner
sound_1468.wav,1468,1,5,4,air_conditioner
sound_1469.wav,1469,1,5,4,air_conditioner
sound_1470.wav,1470,1,5,4,air_conditioner
sound_1471.wav,1471,1,5,4,air_conditioner
sound_1472.wav,1472,1,5,4,air_conditioner
sound_1473.wav,1473,1,5,4,air_conditioner
sound_1474.wav,1474,1,5,4,air_conditioner
sound_1475.wav,1475,1,5,4,air_conditioner
sound_1476.wav,1476,1,5,4,air_conditioner
sound_1477.wav,1477,1,5,4,air_conditioner
sound_1478.wav,1478,1,5,4,air_conditioner
sound_1479.wav,1479,1,5,4,air_conditioner
sound_1480.wav,1480,1,5,4,air_conditioner
sound_1481.wav,1481,1,5,4,air_conditioner
sound_1482.wav,1482,1,5,4,air_conditioner
sound_1483.wav,1483,1,5,4,air_conditioner
sound_1484.wav,1484,1,5,4,air_conditioner
sound_1485.wav,1485,1,5,4,air_conditioner
sound_1486.wav,1486,1,5,4,air_conditioner
sound_1487.wav,1487,1,5,4,air_conditioner
sound_1488.wav,1488,1,5,4,air_conditioner
sound_1489.wav,1489,1,5,4,air_conditioner
sound_1490.wav,1490,1,5,4,air_conditioner
sound_1491.wav,1491,1,5,4,air_conditioner
sound_1492.wav,1492,1,5,4,air_conditioner
sound_1493.wav,1493,1,5,4,air_conditioner
sound_1494.wav,1494,1,5,4,air_conditioner
sound_1495.wav,1495,1,5,4,air_conditioner
sound_1496.wav,1496,1,5,4,air_conditioner
sound_1497.wav,1497,1,5,4,air_conditioner
sound_1498.wav,1498,1,5,4,air_conditioner
sound_1499.wav,1499,1,5,4,air_conditioner
sound_1500.wav,1500,1,5,4,air_conditioner
sound_1501.wav,1501,1,5,4,air_conditioner
sound_1502.wav,1502,1,5,4,air_conditioner
sound_1503.wav,1503,1,5,4,air_conditioner
sound_1504.wav,1504,1,5,4,air_conditioner
sound_1505.wav,1505,1,5,4,air_conditioner
sound_1506.wav,1506,1,5,4,air_conditioner
sound_1507.wav,1507,1,5,4,air_conditioner
sound_1508.wav,1508,1,5,4,air_conditioner
sound_1509.wav,1509,1,5,4,air_conditioner
sound_1510.wav,1510,1,5,4,air_conditioner
sound_1511.wav,1511,1,5,4,air_conditioner
sound_1512.wav,1512,1,5,4,air_conditioner
sound_1513.wav,1513,1,5,4,air_conditioner
sound_1514.wav,1514,1,5,4,air_conditioner
sound_1515.wav,1515,1,5,4,air_conditioner
sound_1516.wav,1516,1,5,4,air_conditioner
sound_1517.wav,1517,1,5,4,air_conditioner
sound_1518.wav,1518,1,5,4,air_conditioner
sound_1519.wav,1519,1,5,4,air_conditioner
sound_1520.wav,1520,1,5,4,air_conditioner
sound_1521.wav,1521,1,5,4,air_conditioner
sound_1522.wav,1522,1,5,4,air_conditioner
sound_1523.wav,1523,1,5,4,air_conditioner
sound_1524.wav,1524,1,5,4,air_conditioner
sound_1525.wav,1525,1,5,4,air_conditioner
sound_1526.wav,1526,1,5,4,air_conditioner
sound_1527.wav,1527,1,5,4,air_conditioner
sound_1528.wav,1528,1,5,4,air_conditioner
sound_1529.wav,1529,1,5,4,air_conditioner
sound_1530.wav,1530,1,5,4,air_conditioner
sound_1531.wav,1531,1,5,4,air_conditioner
sound_1532.wav,1532,1,5,4,air_conditioner
sound_1533.wav,1533,1,5,4,air_conditioner
sound_1534.wav,1534,1,5,4,air_conditioner
sound_1535.wav,1535,1,5,4,air_conditioner
sound_1536.wav,1536,1,5,4,air_conditioner
sound_1537.wav,1537,1,5,4,air_conditioner
sound_1538.wav,1538,1,5,4,air_conditioner
sound_1539.wav,1539,1,5,4,air_conditioner
sound_1540.wav,1540,1,5,4,air_conditioner
sound_1541.wav,1541,1,5,4,air_conditioner
sound_1542.wav,1542,1,5,4,air_conditioner
sound_1543.wav,1543,1,5,4,air_conditioner
sound_1544.wav,1544,1,5,4,air_conditioner
sound_1545.wav,1545,1,5,4,air_conditioner
sound_1546.wav,1546,1,5,4,air_conditioner
sound_1547.wav,1547,1,5,4,air_conditioner
sound_1548.wav,1548,1,5,4,air_conditioner
sound_1549.wav,1549,1,5,4,air_conditioner
sound_1550.wav,1550,1,5,4,air_conditioner
sound_1551.wav,1551,1,5,4,air_conditioner
sound_1552.wav,1552,1,5,4,air_conditioner
sound_1553.wav,1553,1,5,4,air_conditioner
sound_1554.wav,1554,1,5,4,air_conditioner
sound_1555.wav,1555,1,5,4,air_conditioner
sound_1556.wav,1556,1,5,4,air_conditioner
sound_1557.wav,1557,1,5,4,air_conditioner
sound_1558.wav,1558,1,5,4,air_conditioner
sound_1559.wav,1559,1,5,4,air_conditioner
sound_1560.wav,1560,1,5,4,air_conditioner
sound_1561.wav,1561,1,5,4,air_conditioner
sound_1562.wav,1562,1,5,4,air_conditioner
sound_1563.wav,1563,1,5,4,air_conditioner
sound_1564.wav,1564,1,5,4,air_conditioner
sound_1565.wav,1565,1,5,4,air_conditioner
sound_1566.wav,1566,1,5,4,air_conditioner
sound_1567.wav,1567,1,5,4,air_conditioner
sound_1568.wav,1568,1,5,4,air_conditioner
sound_1569.wav,1569,1,5,4,air_conditioner
sound_1570.wav,1570,1,5,4,air_conditioner
sound_1571.wav,1571,1,5,4,air_conditioner
sound_1572.wav,1572,1,5,4,air_conditioner
sound_1573.wav,1573,1,5,4,air_conditioner
sound_1574.wav,1574,1,5,4,air_conditioner
sound_1575.wav,1575,1,5,4,air_conditioner
sound_1576.wav,1576,1,5,4,air_conditioner
sound_1577.wav,1577,1,5,4,air_conditioner
sound_1578.wav,1578,1,5,4,air_conditioner
sound_1579.wav,1579,1,5,4,air_conditioner
sound_1580.wav,1580,1,5,4,air_conditioner
sound_1581.wav,1581,1,5,4,air_conditioner
sound_1582.wav,1582,1,5,4,air_conditioner
sound_1583.wav,1583,1,5,4,air_conditioner
sound_1584.wav,1584,1,5,4,air_conditioner
sound_1585.wav,1585,1,5,4,air_conditioner
sound_1586.wav,1586,1,5,4,air_conditioner
sound_1587.wav,1587,1,5,4,air_conditioner
sound_1588.wav,1588,1,5,4,air_conditioner
sound_1589.wav,1589,1,5,4,air_conditioner
sound_1590.wav,1590,1,5,4,air_conditioner
sound_1591.wav,1591,1,5,4,air_conditioner
sound_1592.wav,1592,1,5,4,air_conditioner
sound_1593.wav,1593,1,5,4,air_conditioner
sound_1594.wav,1594,1,5,4,air_conditioner
sound_1595.wav,1595,1,5,4,air_conditioner
sound_1596.wav,1596,1,5,4,air_conditioner
sound_1597.wav,1597,1,5,4,air_conditioner
sound_1598.wav,1598,1,5,4,air_conditioner
sound_1599.wav,1599,1,5,4,air_conditioner
sound_1600.wav,1600,1,5,4,air_conditioner
sound_1601.wav,1601,1,5,4,air_conditioner
sound_1602.wav,1602,1,5,4,air_conditioner
sound_1603.wav,1603,1,5,4,air_conditioner
sound_1604.wav,1604,1,5,4,air_conditioner
sound_1605.wav,1605,1,5,4,air_conditioner
sound_1606.wav,1606,1,5,4,air_conditioner
sound_1607.wav,1607,1,5,4,air_conditioner
sound_1608.wav,1608,1,5,4,air_conditioner
sound_1609.wav,1609,1,5,4,air_conditioner
sound_1610.wav,1610,1,5,4,air_conditioner
sound_1611.wav,1611,1,5,4,air_conditioner
sound_1612.wav,1612,1,5,4,air_conditioner
sound_1613.wav,1613,1,5,4,air_conditioner
sound_1614.wav,1614,1,5,4,air_conditioner
sound_1615.wav,1615,1,5,4,air_conditioner
sound_1616.wav,1616,1,5,4,air_conditioner
sound_1617.wav,1617,1,5,4,air_conditioner
sound_1618.wav,1618,1,5,4,air_conditioner
sound_1619.wav,1619,1,5,4,air_conditioner
sound_1620.wav,1620,1,5,4,air_conditioner
sound_1621.wav,1621,1,5,4,air_conditioner
sound_1622.wav,1622,1,5,4,air_conditioner
sound_1623.wav,1623,1,5,4,air_conditioner
sound_1624.wav,1624,1,5,4,air_conditioner
sound_1625.wav,1625,1,5,4,air_conditioner
sound_1626.wav,1626,1,5,4,air_conditioner
sound_1627.wav,1627,1,5,4,air_conditioner
sound_1628.wav,1628,1,5,4,air_conditioner
sound_1629.wav,1629,1,5,4,air_conditioner
sound_1630.wav,1630,1,5,4,air_conditioner
sound_1631.wav,1631,1,5,4,air_conditioner
sound_1632.wav,1632,1,5,4,air_conditioner
sound_1633.wav,1633,1,5,4,air_conditioner
sound_1634.wav,1634,1,5,4,air_conditioner
sound_1635.wav,1635,1,5,4,air_conditioner
sound_1636.wav,1636,1,5,4,air_conditioner
sound_1637.wav,1637,1,5,4,air_conditioner
sound_1638.wav,1638,1,5,4,air_conditioner
sound_1639.wav,1639,1,5,4,air_conditioner
sound_1640.wav,1640,1,5,4,air_conditioner
sound_1641.wav,1641,1,5,4,air_conditioner
sound_1642.wav,1642,1,5,4,air_conditioner
sound_1643.wav,1643,1,5,4,air_conditioner
sound_1644.wav,1644,1,5,4,air_conditioner
sound_1645.wav,1645,1,5,4,air_conditioner
sound_1646.wav,1646,1,5,4,air_conditioner
sound_1647.wav,1647,1,5,4,air_conditioner
sound_1648.wav,1648,1,5,4,air_conditioner
sound_1649.wav,1649,1,5,4,air_conditioner
sound_1650.wav,1650,1,5,4,air_conditioner
sound_1651.wav,1651,1,5,4,air_conditioner
sound_1652.wav,1652,1,5,4,air_conditioner
sound_1653.wav,1653,1,5,4,air_conditioner
sound_1654.wav,1654,1,5,4,air_conditioner
sound_1655.wav,1655,1,5,4,air_conditioner
sound_1656.wav,1656,1,5,4,air_conditioner
sound_1657.wav,1657,1,5,4,air_conditioner
sound_1658.wav,1658,1,5,4,air_conditioner
sound_1659.wav,1659,1,5,4,air_conditioner
sound_1660.wav,1660,1,5,4,air_conditioner
sound_1661.wav,1661,1,5,4,air_conditioner
sound_1662.wav,1662,1,5,4,air_conditioner
sound_1663.wav,1663,1,5,4,air_conditioner
sound_1664.wav,1664,1,5,4,air_conditioner
sound_1665.wav,1665,1,5,4,air_conditioner
sound_1666.wav,1666,1,5,4,air_conditioner
sound_1667.wav,1667,1,5,4,air_conditioner
sound_1668.wav,1668,1,5,4,air_conditioner
sound_1669.wav,1669,1,5,4,air_conditioner
sound_1670.wav,1670,1,5,4,air_conditioner
sound_1671.wav,1671,1,5,4,air_conditioner
sound_1672.wav,1672,1,5,4,air_conditioner
sound_1673.wav,1673,1,5,4,air_conditioner
sound_1674.wav,1674,1,5,4,air_conditioner
sound_1675.wav,1675,1,5,4,air_conditioner
sound_1676.wav,1676,1,5,4,air_conditioner
sound_1677.wav,1677,1,5,4,air_conditioner
sound_1678.wav,1678,1,5,4,air_conditioner
sound_1679.wav,1679,1,5,4,air_conditioner
sound_1680.wav,1680,1,5,4,air_conditioner
sound_1681.wav,1681,1,5,4,air_conditioner
sound_1682.wav,1682,1,5,4,air_conditioner
sound_1683.wav,1683,1,5,4,air_conditioner
sound_1684.wav,1684,1,5,4,air_conditioner
sound_1685.wav,1685,1,5,4,air_conditioner
sound_1686.wav,1686,1,5,4,air_conditioner
sound_1687.wav,1687,1,5,4,air_conditioner
sound_1688.wav,1688,1,5,4,air_conditioner
sound_1689.wav,1689,1,5,4,air_conditioner
sound_1690.wav,1690,1,5,4,air_conditioner
sound_1691.wav,1691,1,5,4,air_conditioner
sound_1692.wav,1692,1,5,4,air_conditioner
sound_1693.wav,1693,1,5,4,air_conditioner
sound_1694.wav,1694,1,5,4,air_conditioner
sound_1695.wav,1695,1,5,4,air_conditioner
sound_1696.wav,1696,1,5,4,air_conditioner
sound_1697.wav,1697,1,5,4,air_conditioner
sound_1698.wav,1698,1,5,4,air_conditioner
sound_1699.wav,1699,1,5,4,air_conditioner
sound_1700.wav,1700,1,5,4,air_conditioner
sound_1701.wav,1701,1,5,4,air_conditioner
sound_1702.wav,1702,1,5,4,air_conditioner
sound_1703.wav,1703,1,5,4,air_conditioner
sound_1704.wav,1704,1,5,4,air_conditioner
sound_1705.wav,1705,1,5,4,air_conditioner
sound_1706.wav,1706,1,5,4,air_conditioner
sound_1707.wav,1707,1,5,4,air_conditioner
sound_1708.wav,1708,1,5,4,air_conditioner
sound_1709.wav,1709,1,5,4,air_conditioner
sound_1710.wav,1710,1,5,4,air_conditioner
sound_1711.wav,1711,1,5,4,air_conditioner
sound_1712.wav,1712,1,5,4,air_conditioner
sound_1713.wav,1713,1,5,4,air_conditioner
sound_1714.wav,1714,1,5,4,air_conditioner
sound_1715.wav,1715,1,5,4,air_conditioner
sound_1716.wav,1716,1,5,4,air_conditioner
sound_1717.wav,1717,1,5,4,air_conditioner
sound_1718.wav,1718,1,5,4,air_conditioner
sound_1719.wav,1719,1,5,4,air_conditioner
sound_1720.wav,1720,1,5,4,air_conditioner
sound_1721.wav,1721,1,5,4,air_conditioner
sound_1722.wav,1722,1,5,4,air_conditioner
sound_1723.wav,1723,1,5,4,air_conditioner
sound_1724.wav,1724,1,5,4,air_conditioner
sound_1725.wav,1725,1,5,4,air_conditioner
sound_1726.wav,1726,1,5,4,air_conditioner
sound_1727.wav,1727,1,5,4,air_conditioner
sound_1728.wav,1728,1,5,4,air_conditioner
sound_1729.wav,1729,1,5,4,air_conditioner
sound_1730.wav,1730,1,5,4,air_conditioner
sound_1731.wav,1731,1,5,4,air_conditioner
sound_1732.wav,1732,1,5,4,air_conditioner
sound_1733.wav,1733,1,5,4,air_conditioner
sound_1734.wav,1734,1,5,4,air_conditioner
sound_1735.wav,1735,1,5,4,air_conditioner
sound_1736.wav,1736,1,5,4,air_conditioner
sound_1737.wav,1737,1,5,4,air_conditioner
sound_1738.wav,1738,1,5,4,air_conditioner
sound_1739.wav,1739,1,5,4,air_conditioner
sound_1740.wav,1740,1,5,4,air_conditioner
sound_1741.wav,1741,1,5,4,air_conditioner
sound_1742.wav,1742,1,5,4,air_conditioner
sound_1743.wav,1743,1,5,4,air_conditioner
sound_1744.wav,1744,1,5,4,air_conditioner
sound_1745.wav,1745,1,5,4,air_conditioner
sound_1746.wav,1746,1,5,4,air_conditioner
sound_1747.wav,1747,1,5,4,air_conditioner
sound_1748.wav,1748,1,5,4,air_conditioner
sound_1749.wav,1749,1,5,4,air_conditioner
sound_1750.wav,1750,1,5,4,air_conditioner
sound_1751.wav,1751,1,5,4,air_conditioner
sound_1752.wav,1752,1,5,4,air_conditioner
sound_1753.wav,1753,1,5,4,air_conditioner
sound_1754.wav,1754,1,5,4,air_conditioner
sound_1755.wav,1755,1,5,4,air_conditioner
sound_1756.wav,1756,1,5,4,air_conditioner
sound_1757.wav,1757,1,5,4,air_conditioner
sound_1758.wav,1758,1,5,4,air_conditioner
sound_1759.wav,1759,1,5,4,air_conditioner
sound_1760.wav,1760,1,5,4,air_conditioner
sound_1761.wav,1761,1,5,4,air_conditioner
sound_1762.wav,1762,1,5,4,air_conditioner
sound_1763.wav,1763,1,5,4,air_conditioner
sound_1764.wav,1764,1,5,4,air_conditioner
sound_1765.wav,1765,1,5,4,air_conditioner
sound_1766.wav,1766,1,5,4,air_conditioner
sound_1767.wav,1767,1,5,4,air_conditioner
sound_1768.wav,1768,1,5,4,air_conditioner
sound_1769.wav,1769,1,5,4,air_conditioner
sound_1770.wav,1770,1,5,4,air_conditioner
sound_1771.wav,1771,1,5,4,air_conditioner
sound_1772.wav,1772,1,5,4,air_conditioner
sound_1773.wav,1773,1,5,4,air_conditioner
sound_1774.wav,1774,1,5,4,air_conditioner
sound_1775.wav,1775,1,5,4,air_conditioner
sound_1776.wav,1776,1,5,4,air_conditioner
sound_1777.wav,1777,1,5,4,air_conditioner
sound_1778.wav,1778,1,5,4,air_conditioner
sound_1779.wav,1779,1,5,4,air_conditioner
sound_1780.wav,1780,1,5,4,air_conditioner
sound_1781.wav,1781,1,5,4,air_conditioner
sound_1782.wav,1782,1,5,4,air_conditioner
sound_1783.wav,1783,1,5,4,air_conditioner
sound_1784.wav,1784,1,5,4,air_conditioner
sound_1785.wav,1785,1,5,4,air_conditioner
sound_1786.wav,1786,1,5,4,air_conditioner
sound_1787.wav,1787,1,5,4,air_conditioner
sound_1788.wav,1788,1,5,4,air_conditioner
sound_1789.wav,1789,1,5,4,air_conditioner
sound_1790.wav,1790,1,5,4,air_conditioner
sound_1791.wav,1791,1,5,4,air_conditioner
sound_1792.wav,1792,1,5,4,air_conditioner
sound_1793.wav,1793,1,5,4,air_conditioner
sound_1794.wav,1794,1,5,4,air_conditioner
sound_1795.wav,1795,1,5,4,air_conditioner
sound_1796.wav,1796,1,5,4,air_conditioner
sound_1797.wav,1797,1,5,4,air_conditioner
sound_1798.wav,1798,1,5,4,air_conditioner
sound_1799.wav,1799,1,5,4,air_conditioner
sound_1800.wav,1800,1,5,4,air_conditioner
sound_1801.wav,1801,1,5,4,air_conditioner
sound_1802.wav,1802,1,5,4,air_conditioner
sound_1803.wav,1803,1,5,4,air_conditioner
sound_1804.wav,1804,1,5,4,air_conditioner
sound_1805.wav,1805,1,5,4,air_conditioner
sound_1806.wav,1806,1,5,4,air_conditioner
sound_1807.wav,1807,1,5,4,air_conditioner
sound_1808.wav,1808,1,5,4,air_conditioner
sound_1809.wav,1809,1,5,4,air_conditioner
sound_1810.wav,1810,1,5,4,air_conditioner
sound_1811.wav,1811,1,5,4,air_conditioner
sound_1812.wav,1812,1,5,4,air_conditioner
sound_1813.wav,1813,1,5,4,air_conditioner
sound_1814.wav,1814,1,5,4,air_conditioner
sound_1815.wav,1815,1,5,4,air_conditioner
sound_1816.wav,1816,1,5,4,air_conditioner
sound_1817.wav,1817,1,5,4,air_conditioner
sound_1818.wav,1818,1,5,4,air_conditioner
sound_1819.wav,1819,1,5,4,air_conditioner
sound_1820.wav,1820,1,5,4,air_conditioner
sound_1821.wav,1821,1,5,4,air_conditioner
sound_1822.wav,1822,1,5,4,air_conditioner
sound_1823.wav,1823,1,5,4,air_conditioner
sound_1824.wav,1824,1,5,4,air_conditioner
sound_1825.wav,1825,1,5,4,air_conditioner
sound_1826.wav,1826,1,5,4,air_conditioner
sound_1827.wav,1827,1,5,4,air_conditioner
sound_1828.wav,1828,1,5,4,air_conditioner
sound_1829.wav,1829,1,5,4,air_conditioner
sound_1830.wav,1830,1,5,4,air_conditioner
sound_1831.wav,1831,1,5,4,air_conditioner
sound_1832.wav,1832,1,5,4,air_conditioner
sound_1833.wav,1833,1,5,4,air_conditioner
sound_1834.wav,1834,1,5,4,air_conditioner
sound_1835.wav,1835,1,5,4,air_conditioner
sound_1836.wav,1836,1,5,4,air_conditioner
sound_1837.wav,1837,1,5,4,air_conditioner
sound_1838.wav,1838,1,5,4,air_conditioner
sound_1839.wav,1839,1,5,4,air_conditioner
sound_1840.wav,1840,1,5,4,air_conditioner
sound_1841.wav,1841,1,5,4,air_conditioner
sound_1842.wav,1842,1,5,4,air_conditioner
sound_1843.wav,1843,1,5,4,air_conditioner
sound_1844.wav,1844,1,5,4,air_conditioner
sound_1845.wav,1845,1,5,4,air_conditioner
sound_1846.wav,1846,1,5,4,air_conditioner
sound_1847.wav,1847,1,5,4,air_conditioner
sound_1848.wav,1848,1,5,4,air_conditioner
sound_1849.wav,1849,1,5,4,air_conditioner
sound_1850.wav,1850,1,5,4,air_conditioner
sound_1851.wav,1851,1,5,4,air_conditioner
sound_1852.wav,1852,1,5,4,air_conditioner
sound_1853.wav,1853,1,5,4,air_conditioner
sound_1854.wav,1854,1,5,4,air_conditioner
sound_1855.wav,1855,1,5,4,air_conditioner
sound_1856.wav,1856,1,5,4,air_conditioner
sound_1857.wav,1857,1,5,4,air_conditioner
sound_1858.wav,1858,1,5,4,air_conditioner
sound_1859.wav,1859,1,5,4,air_conditioner
sound_1860.wav,1860,1,5,4,air_conditioner
sound_1861.wav,1861,1,5,4,air_conditioner
sound_1862.wav,1862,1,5,4,air_conditioner
sound_1863.wav,1863,1,5,4,air_conditioner
sound_1864.wav,1864,1,5,4,air_conditioner
sound_1865.wav,1865,1,5,4,air_conditioner
sound_1866.wav,1866,1,5,4,air_conditioner
sound_1867.wav,1867,1,5,4,air_conditioner
sound_1868.wav,1868,1,5,4,air_conditioner
sound_1869.wav,1869,1,5,4,air_conditioner
sound_1870.wav,1870,1,5,4,air_conditioner
sound_1871.wav,1871,1,5,4,air_conditioner
sound_1872.wav,1872,1,5,4,air_conditioner
sound_1873.wav,1873,1,5,4,air_conditioner
sound_1874.wav,1874,1,5,4,air_conditioner
sound_1875.wav,1875,1,5,4,air_conditioner
sound_1876.wav,1876,1,5,4,air_conditioner
sound_1877.wav,1877,1,5,4,air_conditioner
sound_1878.wav,1878,1,5,4,air_conditioner
sound_1879.wav,1879,1,5,4,air_conditioner
sound_1880.wav,1880,1,5,4,air_conditioner
sound_1881.wav,1881,1,5,4,air_conditioner
sound_1882.wav,1882,1,5,4,air_conditioner
sound_1883.wav,1883,1,5,4,air_conditioner
sound_1884.wav,1884,1,5,4,air_conditioner
sound_1885.wav,1885,1,5,4,air_conditioner
sound_1886.wav,1886,1,5,4,air_conditioner
sound_1887.wav,1887,1,5,4,air_conditioner
sound_1888.wav,1888,1,5,4,air_conditioner
sound_1889.wav,1889,1,5,4,air_conditioner
sound_1890.wav,1890,1,5,4,air_conditioner
sound_1891.wav,1891,1,5,4,air_conditioner
sound_1892.wav,1892,1,5,4,air_conditioner
sound_1893.wav,1893,1,5,4,air_conditioner
sound_1894.wav,1894,1,5,4,air_conditioner
sound_1895.wav,1895,1,5,4,air_conditioner
sound_1896.wav,1896,1,5,4,air_conditioner
sound_1897.wav,1897,1,5,4,air_conditioner
sound_1898.wav,1898,1,5,4,air_conditioner
sound_1899.wav,1899,1,5,4,air_conditioner
sound_1900.wav,1900,1,5,4,air_conditioner
sound_1901.wav,1901,1,5,4,air_conditioner
sound_1902.wav,1902,1,5,4,air_conditioner
sound_1903.wav,1903,1,5,4,air_conditioner
sound_1904.wav,1904,1,5,4,air_conditioner
sound_1905.wav,1905,1,5,4,air_conditioner
sound_1906.wav,1906,1,5,4,air_conditioner
sound_1907.wav,1907,1,5,4,air_conditioner
sound_1908.wav,1908,1,5,4,air_conditioner
sound_1909.wav,1909,1,5,4,air_conditioner
sound_1910.wav,1910,1,5,4,air_conditioner
sound_1911.wav,1911,1,5,4,air_conditioner
sound_1912.wav,1912,1,5,4,air_conditioner
sound_1913.wav,1913,1,5,4,air_conditioner
sound_1914.wav,1914,1,5,4,air_conditioner
sound_1915.wav,1915,1,5,4,air_conditioner
sound_1916.wav,1916,1,5,4,air_conditioner
sound_1917.wav,1917,1,5,4,air_conditioner
sound_1918.wav,1918,1,5,4,air_conditioner
sound_1919.wav,1919,1,5,4,air_conditioner
sound_1920.wav,1920,1,5,4,air_conditioner
sound_1921.wav,1921,1,5,4,air_conditioner
sound_1922.wav,1922,1,5,4,air_conditioner
sound_1923.wav,1923,1,5,4,air_conditioner
sound_1924.wav,1924,1,5,4,air_conditioner
sound_1925.wav,1925,1,5,4,air_conditioner
sound_1926.wav,1926,1,5,4,air_conditioner
sound_1927.wav,1927,1,5,4,air_conditioner
sound_1928.wav,1928,1,5,4,air_conditioner
sound_1929.wav,1929,1,5,4,air_conditioner
sound_1930.wav,1930,1,5,4,air_conditioner
sound_1931.wav,1931,1,5,4,air_conditioner
sound_1932.wav,1932,1,5,4,air_conditioner
sound_1933.wav,1933,1,5,4,air_conditioner
sound_1934.wav,1934,1,5,4,air_conditioner
sound_1935.wav,1935,1,5,4,air_conditioner
sound_1936.wav,1936,1,5,4,air_conditioner
sound_1937.wav,1937,1,5,4,air_conditioner
sound_1938.wav,1938,1,5,4,air_conditioner
sound_1939.wav,1939,1,5,4,air_conditioner
sound_1940.wav,1940,1,5,4,air_conditioner
sound_1941.wav,1941,1,5,4,air_conditioner
sound_1942.wav,1942,1,5,4,air_conditioner
sound_1943.wav,1943,1,5,4,air_conditioner
sound_1944.wav,1944,1,5,4,air_conditioner
sound_1945.wav,1945,1,5,4,air_conditioner
sound_1946.wav,1946,1,5,4,air_conditioner
sound_1947.wav,1947,1,5,4,air_conditioner
sound_1948.wav,1948,1,5,4,air_conditioner
sound_1949.wav,1949,1,5,4,air_conditioner
sound_1950.wav,1950,1,5,4,air_conditioner
sound_1951.wav,1951,1,5,4,air_conditioner
sound_1952.wav,1952,1,5,4,air_conditioner
sound_1953.wav,1953,1,5,4,air_conditioner
sound_1954.wav,1954,1,5,4,air_conditioner
sound_1955.wav,1955,1,5,4,air_conditioner
sound_1956.wav,1956,1,5,4,air_conditioner
sound_1957.wav,1957,1,5,4,air_conditioner
sound_1958.wav,1958,1,5,4,air_conditioner
sound_1959.wav,1959,1,5,4,air_conditioner
sound_1960.wav,1960,1,5,4,air_conditioner
sound_1961.wav,1961,1,5,4,air_conditioner
sound_1962.wav,1962,1,5,4,air_conditioner
sound_1963.wav,1963,1,5,4,air_conditioner
sound_1964.wav,1964,1,5,4,air_conditioner
sound_1965.wav,1965,1,5,4,air_conditioner
sound_1966.wav,1966,1,5,4,air_conditioner
sound_1967.wav,1967,1,5,4,air_conditioner
sound_1968.wav,1968,1,5,4,air_conditioner
sound_1969.wav,1969,1,5,4,air_conditioner
sound_1970.wav,1970,1,5,4,air_conditioner
sound_1971.wav,1971,1,5,4,air_conditioner
sound_1972.wav,1972,1,5,4,air_conditioner
sound_1973.wav,1973,1,5,4,air_conditioner
sound_1974.wav,1974,1,5,4,air_conditioner
sound_1975.wav,1975,1,5,4,air_conditioner
sound_1976.wav,1976,1,5,4,air_conditioner
sound_1977.wav,1977,1,5,4,air_conditioner
sound_1978.wav,1978,1,5,4,air_conditioner
sound_1979.wav,1979,1,5,4,air_conditioner
sound_1980.wav,1980,1,5,4,air_conditioner
sound_1981.wav,1981,1,5,4,air_conditioner
sound_1982.wav,1982,1,5,4,air_conditioner
sound_1983.wav,1983,1,5,4,air_conditioner
sound_1984.wav,1984,1,5,4,air_conditioner
sound_1985.wav,1985,1,5,4,air_conditioner
sound_1986.wav,1986,1,5,4,air_conditioner
sound_1987.wav,1987,1,5,4,air_conditioner
sound_1988.wav,1988,1,5,4,air_conditioner
sound_1989.wav,1989,1,5,4,air_conditioner
sound_1990.wav,1990,1,5,4,air_conditioner
sound_1991.wav,1991,1,5,4,air_conditioner
sound_1992.wav,1992,1,5,4,air_conditioner
sound_1993.wav,1993,1,5,4,air_conditioner
sound_1994.wav,1994,1,5,4,air_conditioner
sound_1995.wav,1995,1,5,4,air_conditioner
sound_1996.wav,1996,1,5,4,air_conditioner
sound_1997.wav,1997,1,5,4,air_conditioner
sound_1998.wav,1998,1,5,4,air_conditioner
sound_1999.wav,1999,1,5,4,air_conditioner
sound_2000.wav,2000,1,5,4,air_conditioner
sound_2001.wav,2001,1,6,5,children_playing
sound_2002.wav,2002,1,6,5,children_playing
sound_2003.wav,2003,1,6,5,children_playing
sound_2004.wav,2004,1,6,5,children_playing
sound_2005.wav,2005,1,6,5,children_playing
sound_2006.wav,2006,1,6,5,children_playing
sound_2007.wav,2007,1,6,5,children_playing
sound_2008.wav,2008,1,6,5,children_playing
sound_2009.wav,2009,1,6,5,children_playing
sound_2010.wav,2010,1,6,5,children_playing
sound_2011.wav,2011,1,6,5,children_playing
sound_2012.wav,2012,1,6,5,children_playing
sound_2013.wav,2013,1,6,5,children_playing
sound_2014.wav,2014,1,6,5,children_playing
sound_2015.wav,2015,1,6,5,children_playing
sound_2016.wav,2016,1,6,5,children_playing
sound_2017.wav,2017,1,6,5,children_playing
sound_2018.wav,2018,1,6,5,children_playing
sound_2019.wav,2019,1,6,5,children_playing
sound_2020.wav,2020,1,6,5,children_playing
sound_2021.wav,2021,1,6,5,children_playing
sound_2022.wav,2022,1,6,5,children_playing
sound_2023.wav,2023,1,6,5,children_playing
sound_2024.wav,2024,1,6,5,children_playing
sound_2025.wav,2025,1,6,5,children_playing
sound_2026.wav,2026,1,6,5,children_playing
sound_2027.wav,2027,1,6,5,children_playing
sound_2028.wav,2028,1,6,5,children_playing
sound_2029.wav,2029,1,6,5,children_playing
sound_2030.wav,2030,1,6,5,children_playing
sound_2031.wav,2031,1,6,5,children_playing
sound_2032.wav,2032,1,6,5,children_playing
sound_2033.wav,2033,1,6,5,children_playing
sound_2034.wav,2034,1,6,5,children_playing
sound_2035.wav,2035,1,6,5,children_playing
sound_2036.wav,2036,1,6,5,children_playing
sound_2037.wav,2037,1,6,5,children_playing
sound_2038.wav,2038,1,6,5,children_playing
sound_2039.wav,2039,1,6,5,children_playing
sound_2040.wav,2040,1,6,5,children_playing
sound_2041.wav,2041,1,6,5,children_playing
sound_2042.wav,2042,1,6,5,children_playing
sound_2043.wav,2043,1,6,5,children_playing
sound_2044.wav,2044,1,6,5,children_playing
sound_2045.wav,2045,1,6,5,children_playing
sound_2046.wav,2046,1,6,5,children_playing
sound_2047.wav,2047,1,6,5,children_playing
sound_2048.wav,2048,1,6,5,children_playing
sound_2049.wav,2049,1,6,5,children_playing
sound_2050.wav,2050,1,6,5,children_playing
sound_2051.wav,2051,1,6,5,children_playing
sound_2052.wav,2052,1,6,5,children_playing
sound_2053.wav,2053,1,6,5,children_playing
sound_2054.wav,2054,1,6,5,children_playing
sound_2055.wav,2055,1,6,5,children_playing
sound_2056.wav,2056,1,6,5,children_playing
sound_2057.wav,2057,1,6,5,children_playing
sound_2058.wav,2058,1,6,5,children_playing
sound_2059.wav,2059,1,6,5,children_playing
sound_2060.wav,2060,1,6,5,children_playing
sound_2061.wav,2061,1,6,5,children_playing
sound_2062.wav,2062,1,6,5,children_playing
sound_2063.wav,2063,1,6,5,children_playing
sound_2064.wav,2064,1,6,5,children_playing
sound_2065.wav,2065,1,6,5,children_playing
sound_2066.wav,2066,1,6,5,children_playing
sound_2067.wav,2067,1,6,5,children_playing
sound_2068.wav,2068,1,6,5,children_playing
sound_2069.wav,2069,1,6,5,children_playing
sound_2070.wav,2070,1,6,5,children_playing
sound_2071.wav,2071,1,6,5,children_playing
sound_2072.wav,2072,1,6,5,children_playing
sound_2073.wav,2073,1,6,5,children_playing
sound_2074.wav,2074,1,6,5,children_playing
sound_2075.wav,2075,1,6,5,children_playing
sound_2076.wav,2076,1,6,5,children_playing
sound_2077.wav,2077,1,6,5,children_playing
sound_2078.wav,2078,1,6,5,children_playing
sound_2079.wav,2079,1,6,5,children_playing
sound_2080.wav,2080,1,6,5,children_playing
sound_2081.wav,2081,1,6,5,children_playing
sound_2082.wav,2082,1,6,5,children_playing
sound_2083.wav,2083,1,6,5,children_playing
sound_2084.wav,2084,1,6,5,children_playing
sound_2085.wav,2085,1,6,5,children_playing
sound_2086.wav,2086,1,6,5,children_playing
sound_2087.wav,2087,1,6,5,children_playing
sound_2088.wav,2088,1,6,5,children_playing
sound_2089.wav,2089,1,6,5,children_playing
sound_2090.wav,2090,1,6,5,children_playing
sound_2091.wav,2091,1,6,5,children_playing
sound_2092.wav,2092,1,6,5,children_playing
sound_2093.wav,2093,1,6,5,children_playing
sound_2094.wav,2094,1,6,5,children_playing
sound_2095.wav,2095,1,6,5,children_playing
sound_2096.wav,2096,1,6,5,children_playing
sound_2097.wav,2097,1,6,5,children_playing
sound_2098.wav,2098,1,6,5,children_playing
sound_2099.wav,2099,1,6,5,children_playing
sound_2100.wav,2100,1,6,5,children_playing
sound_2101.wav,2101,1,6,5,children_playing
sound_2102.wav,2102,1,6,5,children_playing
sound_2103.wav,2103,1,6,5,children_playing
sound_2104.wav,2104,1,6,5,children_playing
sound_2105.wav,2105,1,6,5,children_playing
sound_2106.wav,2106,1,6,5,children_playing
sound_2107.wav,2107,1,6,5,children_playing
sound_2108.wav,2108,1,6,5,children_playing
sound_2109.wav,2109,1,6,5,children_playing
sound_2110.wav,2110,1,6,5,children_playing
sound_2111.wav,2111,1,6,5,children_playing
sound_2112.wav,2112,1,6,5,children_playing
sound_2113.wav,2113,1,6,5,children_playing
sound_2114.wav,2114,1,6,5,children_playing
sound_2115.wav,2115,1,6,5,children_playing
sound_2116.wav,2116,1,6,5,children_playing
sound_2117.wav,2117,1,6,5,children_playing
sound_2118.wav,2118,1,6,5,children_playing
sound_2119.wav,2119,1,6,5,children_playing
sound_2120.wav,2120,1,6,5,children_playing
sound_2121.wav,2121,1,6,5,children_playing
sound_2122.wav,2122,1,6,5,children_playing
sound_2123.wav,2123,1,6,5,children_playing
sound_2124.wav,2124,1,6,5,children_playing
sound_2125.wav,2125,1,6,5,children_playing
sound_2126.wav,2126,1,6,5,children_playing
sound_2127.wav,2127,1,6,5,children_playing
sound_2128.wav,2128,1,6,5,children_playing
sound_2129.wav,2129,1,6,5,children_playing
sound_2130.wav,2130,1,6,5,children_playing
sound_2131.wav,2131,1,6,5,children_playing
sound_2132.wav,2132,1,6,5,children_playing
sound_2133.wav,2133,1,6,5,children_playing
sound_2134.wav,2134,1,6,5,children_playing
sound_2135.wav,2135,1,6,5,children_playing
sound_2136.wav,2136,1,6,5,children_playing
sound_2137.wav,2137,1,6,5,children_playing
sound_2138.wav,2138,1,6,5,children_playing
sound_2139.wav,2139,1,6,5,children_playing
sound_2140.wav,2140,1,6,5,children_playing
sound_2141.wav,2141,1,6,5,children_playing
sound_2142.wav,2142,1,6,5,children_playing
sound_2143.wav,2143,1,6,5,children_playing
sound_2144.wav,2144,1,6,5,children_playing
sound_2145.wav,2145,1,6,5,children_playing
sound_2146.wav,2146,1,6,5,children_playing
sound_2147.wav,2147,1,6,5,children_playing
sound_2148.wav,2148,1,6,5,children_playing
sound_2149.wav,2149,1,6,5,children_playing
sound_2150.wav,2150,1,6,5,children_playing
sound_2151.wav,2151,1,6,5,children_playing
sound_2152.wav,2152,1,6,5,children_playing
sound_2153.wav,2153,1,6,5,children_playing
sound_2154.wav,2154,1,6,5,children_playing
sound_2155.wav,2155,1,6,5,children_playing
sound_2156.wav,2156,1,6,5,children_playing
sound_2157.wav,2157,1,6,5,children_playing
sound_2158.wav,2158,1,6,5,children_playing
sound_2159.wav,2159,1,6,5,children_playing
sound_2160.wav,2160,1,6,5,children_playing
sound_2161.wav,2161,1,6,5,children_playing
sound_2162.wav,2162,1,6,5,children_playing
sound_2163.wav,2163,1,6,5,children_playing
sound_2164.wav,2164,1,6,5,children_playing
sound_2165.wav,2165,1,6,5,children_playing
sound_2166.wav,2166,1,6,5,children_playing
sound_2167.wav,2167,1,6,5,children_playing
sound_2168.wav,2168,1,6,5,children_playing
sound_2169.wav,2169,1,6,5,children_playing
sound_2170.wav,2170,1,6,5,children_playing
sound_2171.wav,2171,1,6,5,children_playing
sound_2172.wav,2172,1,6,5,children_playing
sound_2173.wav,2173,1,6,5,children_playing
sound_2174.wav,2174,1,6,5,children_playing
sound_2175.wav,2175,1,6,5,children_playing
sound_2176.wav,2176,1,6,5,children_playing
sound_2177.wav,2177,1,6,5,children_playing
sound_2178.wav,2178,1,6,5,children_playing
sound_2179.wav,2179,1,6,5,children_playing
sound_2180.wav,2180,1,6,5,children_playing
sound_2181.wav,2181,1,6,5,children_playing
sound_2182.wav,2182,1,6,5,children_playing
sound_2183.wav,2183,1,6,5,children_playing
sound_2184.wav,2184,1,6,5,children_playing
sound_2185.wav,2185,1,6,5,children_playing
sound_2186.wav,2186,1,6,5,children_playing
sound_2187.wav,2187,1,6,5,children_playing
sound_2188.wav,2188,1,6,5,children_playing
sound_2189.wav,2189,1,6,5,children_playing
sound_2190.wav,2190,1,6,5,children_playing
sound_2191.wav,2191,1,6,5,children_playing
sound_2192.wav,2192,1,6,5,children_playing
sound_2193.wav,2193,1,6,5,children_playing
sound_2194.wav,2194,1,6,5,children_playing
sound_2195.wav,2195,1,6,5,children_playing
sound_2196.wav,2196,1,6,5,children_playing
sound_2197.wav,2197,1,6,5,children_playing
sound_2198.wav,2198,1,6,5,children_playing
sound_2199.wav,2199,1,6,5,children_playing
sound_2200.wav,2200,1,6,5,children_playing
sound_2201.wav,2201,1,6,5,children_playing
sound_2202.wav,2202,1,6,5,children_playing
sound_2203.wav,2203,1,6,5,children_playing
sound_2204.wav,2204,1,6,5,children_playing
sound_2205.wav,2205,1,6,5,children_playing
sound_2206.wav,2206,1,6,5,children_playing
sound_2207.wav,2207,1,6,5,children_playing
sound_2208.wav,2208,1,6,5,children_playing
sound_2209.wav,2209,1,6,5,children_playing
sound_2210.wav,2210,1,6,5,children_playing
sound_2211.wav,2211,1,6,5,children_playing
sound_2212.wav,2212,1,6,5,children_playing
sound_2213.wav,2213,1,6,5,children_playing
sound_2214.wav,2214,1,6,5,children_playing
sound_2215.wav,2215,1,6,5,children_playing
sound_2216.wav,2216,1,6,5,children_playing
sound_2217.wav,2217,1,6,5,children_playing
sound_2218.wav,2218,1,6,5,children_playing
sound_2219.wav,2219,1,6,5,children_playing
sound_2220.wav,2220,1,6,5,children_playing
sound_2221.wav,2221,1,6,5,children_playing
sound_2222.wav,2222,1,6,5,children_playing
sound_2223.wav,2223,1,6,5,children_playing
sound_2224.wav,2224,1,6,5,children_playing
sound_2225.wav,2225,1,6,5,children_playing
sound_2226.wav,2226,1,6,5,children_playing
sound_2227.wav,2227,1,6,5,children_playing
sound_2228.wav,2228,1,6,5,children_playing
sound_2229.wav,2229,1,6,5,children_playing
sound_2230.wav,2230,1,6,5,children_playing
sound_2231.wav,2231,1,6,5,children_playing
sound_2232.wav,2232,1,6,5,children_playing
sound_2233.wav,2233,1,6,5,children_playing
sound_2234.wav,2234,1,6,5,children_playing
sound_2235.wav,2235,1,6,5,children_playing
sound_2236.wav,2236,1,6,5,children_playing
sound_2237.wav,2237,1,6,5,children_playing
sound_2238.wav,2238,1,6,5,children_playing
sound_2239.wav,2239,1,6,5,children_playing
sound_2240.wav,2240,1,6,5,children_playing
sound_2241.wav,2241,1,6,5,children_playing
sound_2242.wav,2242,1,6,5,children_playing
sound_2243.wav,2243,1,6,5,children_playing
sound_2244.wav,2244,1,6,5,children_playing
sound_2245.wav,2245,1,6,5,children_playing
sound_2246.wav,2246,1,6,5,children_playing
sound_2247.wav,2247,1,6,5,children_playing
sound_2248.wav,2248,1,6,5,children_playing
sound_2249.wav,2249,1,6,5,children_playing
sound_2250.wav,2250,1,6,5,children_playing
sound_2251.wav,2251,1,6,5,children_playing
sound_2252.wav,2252,1,6,5,children_playing
sound_2253.wav,2253,1,6,5,children_playing
sound_2254.wav,2254,1,6,5,children_playing
sound_2255.wav,2255,1,6,5,children_playing
sound_2256.wav,2256,1,6,5,children_playing
sound_2257.wav,2257,1,6,5,children_playing
sound_2258.wav,2258,1,6,5,children_playing
sound_2259.wav,2259,1,6,5,children_playing
sound_2260.wav,2260,1,6,5,children_playing
sound_2261.wav,2261,1,6,5,children_playing
sound_2262.wav,2262,1,6,5,children_playing
sound_2263.wav,2263,1,6,5,children_playing
sound_2264.wav,2264,1,6,5,children_playing
sound_2265.wav,2265,1,6,5,children_playing
sound_2266.wav,2266,1,6,5,children_playing
sound_2267.wav,2267,1,6,5,children_playing
sound_2268.wav,2268,1,6,5,children_playing
sound_2269.wav,2269,1,6,5,children_playing
sound_2270.wav,2270,1,6,5,children_playing
sound_2271.wav,2271,1,6,5,children_playing
sound_2272.wav,2272,1,6,5,children_playing
sound_2273.wav,2273,1,6,5,children_playing
sound_2274.wav,2274,1,6,5,children_playing
sound_2275.wav,2275,1,6,5,children_playing
sound_2276.wav,2276,1,6,5,children_playing
sound_2277.wav,2277,1,6,5,children_playing
sound_2278.wav,2278,1,6,5,children_playing
sound_2279.wav,2279,1,6,5,children_playing
sound_2280.wav,2280,1,6,5,children_playing
sound_2281.wav,2281,1,6,5,children_playing
sound_2282.wav,2282,1,6,5,children_playing
sound_2283.wav,2283,1,6,5,children_playing
sound_2284.wav,2284,1,6,5,children_playing
sound_2285.wav,2285,1,6,5,children_playing
sound_2286.wav,2286,1,6,5,children_playing
sound_2287.wav,2287,1,6,5,children_playing
sound_2288.wav,2288,1,6,5,children_playing
sound_2289.wav,2289,1,6,5,children_playing
sound_2290.wav,2290,1,6,5,children_playing
sound_2291.wav,2291,1,6,5,children_playing
sound_2292.wav,2292,1,6,5,children_playing
sound_2293.wav,2293,1,6,5,children_playing
sound_2294.wav,2294,1,6,5,children_playing
sound_2295.wav,2295,1,6,5,children_playing
sound_2296.wav,2296,1,6,5,children_playing
sound_2297.wav,2297,1,6,5,children_playing
sound_2298.wav,2298,1,6,5,children_playing
sound_2299.wav,2299,1,6,5,children_playing
sound_2300.wav,2300,1,6,5,children_playing
sound_2301.wav,2301,1,6,5,children_playing
sound_2302.wav,2302,1,6,5,children_playing
sound_2303.wav,2303,1,6,5,children_playing
sound_2304.wav,2304,1,6,5,children_playing
sound_2305.wav,2305,1,6,5,children_playing
sound_2306.wav,2306,1,6,5,children_playing
sound_2307.wav,2307,1,6,5,children_playing
sound_2308.wav,2308,1,6,5,children_playing
sound_2309.wav,2309,1,6,5,children_playing
sound_2310.wav,2310,1,6,5,children_playing
sound_2311.wav,2311,1,6,5,children_playing
sound_2312.wav,2312,1,6,5,children_playing
sound_2313.wav,2313,1,6,5,children_playing
sound_2314.wav,2314,1,6,5,children_playing
sound_2315.wav,2315,1,6,5,children_playing
sound_2316.wav,2316,1,6,5,children_playing
sound_2317.wav,2317,1,6,5,children_playing
sound_2318.wav,2318,1,6,5,children_playing
sound_2319.wav,2319,1,6,5,children_playing
sound_2320.wav,2320,1,6,5,children_playing
sound_2321.wav,2321,1,6,5,children_playing
sound_2322.wav,2322,1,6,5,children_playing
sound_2323.wav,2323,1,6,5,children_playing
sound_2324.wav,2324,1,6,5,children_playing
sound_2325.wav,2325,1,6,5,children_playing
sound_2326.wav,2326,1,6,5,children_playing
sound_2327.wav,2327,1,6,5,children_playing
sound_2328.wav,2328,1,6,5,children_playing
sound_2329.wav,2329,1,6,5,children_playing
sound_2330.wav,2330,1,6,5,children_playing
sound_2331.wav,2331,1,6,5,children_playing
sound_2332.wav,2332,1,6,5,children_playing
sound_2333.wav,2333,1,6,5,children_playing
sound_2334.wav,2334,1,6,5,children_playing
sound_2335.wav,2335,1,6,5,children_playing
sound_2336.wav,2336,1,6,5,children_playing
sound_2337.wav,2337,1,6,5,children_playing
sound_2338.wav,2338,1,6,5,children_playing
sound_2339.wav,2339,1,6,5,children_playing
sound_2340.wav,2340,1,6,5,children_playing
sound_2341.wav,2341,1,6,5,children_playing
sound_2342.wav,2342,1,6,5,children_playing
sound_2343.wav,2343,1,6,5,children_playing
sound_2344.wav,2344,1,6,5,children_playing
sound_2345.wav,2345,1,6,5,children_playing
sound_2346.wav,2346,1,6,5,children_playing
sound_2347.wav,2347,1,6,5,children_playing
sound_2348.wav,2348,1,6,5,children_playing
sound_2349.wav,2349,1,6,5,children_playing
sound_2350.wav,2350,1,6,5,children_playing
sound_2351.wav,2351,1,6,5,children_playing
sound_2352.wav,2352,1,6,5,children_playing
sound_2353.wav,2353,1,6,5,children_playing
sound_2354.wav,2354,1,6,5,children_playing
sound_2355.wav,2355,1,6,5,children_playing
sound_2356.wav,2356,1,6,5,children_playing
sound_2357.wav,2357,1,6,5,children_playing
sound_2358.wav,2358,1,6,5,children_playing
sound_2359.wav,2359,1,6,5,children_playing
sound_2360.wav,2360,1,6,5,children_playing
sound_2361.wav,2361,1,6,5,children_playing
sound_2362.wav,2362,1,6,5,children_playing
sound_2363.wav,2363,1,6,5,children_playing
sound_2364.wav,2364,1,6,5,children_playing
sound_2365.wav,2365,1,6,5,children_playing
sound_2366.wav,2366,1,6,5,children_playing
sound_2367.wav,2367,1,6,5,children_playing
sound_2368.wav,2368,1,6,5,children_playing
sound_2369.wav,2369,1,6,5,children_playing
sound_2370.wav,2370,1,6,5,children_playing
sound_2371.wav,2371,1,6,5,children_playing
sound_2372.wav,2372,1,6,5,children_playing
sound_2373.wav,2373,1,6,5,children_playing
sound_2374.wav,2374,1,6,5,children_playing
sound_2375.wav,2375,1,6,5,children_playing
sound_2376.wav,2376,1,6,5,children_playing
sound_2377.wav,2377,1,6,5,children_playing
sound_2378.wav,2378,1,6,5,children_playing
sound_2379.wav,2379,1,6,5,children_playing
sound_2380.wav,2380,1,6,5,children_playing
sound_2381.wav,2381,1,6,5,children_playing
sound_2382.wav,2382,1,6,5,children_playing
sound_2383.wav,2383,1,6,5,children_playing
sound_2384.wav,2384,1,6,5,children_playing
sound_2385.wav,2385,1,6,5,children_playing
sound_2386.wav,2386,1,6,5,children_playing
sound_2387.wav,2387,1,6,5,children_playing
sound_2388.wav,2388,1,6,5,children_playing
sound_2389.wav,2389,1,6,5,children_playing
sound_2390.wav,2390,1,6,5,children_playing
sound_2391.wav,2391,1,6,5,children_playing
sound_2392.wav,2392,1,6,5,children_playing
sound_2393.wav,2393,1,6,5,children_playing
sound_2394.wav,2394,1,6,5,children_playing
sound_2395.wav,2395,1,6,5,children_playing
sound_2396.wav,2396,1,6,5,children_playing
sound_2397.wav,2397,1,6,5,children_playing
sound_2398.wav,2398,1,6,5,children_playing
sound_2399.wav,2399,1,6,5,children_playing
sound_2400.wav,2400,1,6,5,children_playing
sound_2401.wav,2401,1,6,5,children_playing
sound_2402.wav,2402,1,6,5,children_playing
sound_2403.wav,2403,1,6,5,children_playing
sound_2404.wav,2404,1,6,5,children_playing
sound_2405.wav,2405,1,6,5,children_playing
sound_2406.wav,2406,1,6,5,children_playing
sound_2407.wav,2407,1,6,5,children_playing
sound_2408.wav,2408,1,6,5,children_playing
sound_2409.wav,2409,1,6,5,children_playing
sound_2410.wav,2410,1,6,5,children_playing
sound_2411.wav,2411,1,6,5,children_playing
sound_2412.wav,2412,1,6,5,children_playing
sound_2413.wav,2413,1,6,5,children_playing
sound_2414.wav,2414,1,6,5,children_playing
sound_2415.wav,2415,1,6,5,children_playing
sound_2416.wav,2416,1,6,5,children_playing
sound_2417.wav,2417,1,6,5,children_playing
sound_2418.wav,2418,1,6,5,children_playing
sound_2419.wav,2419,1,6,5,children_playing
sound_2420.wav,2420,1,6,5,children_playing
sound_2421.wav,2421,1,6,5,children_playing
sound_2422.wav,2422,1,6,5,children_playing
sound_2423.wav,2423,1,6,5,children_playing
sound_2424.wav,2424,1,6,5,children_playing
sound_2425.wav,2425,1,6,5,children_playing
sound_2426.wav,2426,1,6,5,children_playing
sound_2427.wav,2427,1,6,5,children_playing
sound_2428.wav,2428,1,6,5,children_playing
sound_2429.wav,2429,1,6,5,children_playing
sound_2430.wav,2430,1,6,5,children_playing
sound_2431.wav,2431,1,6,5,children_playing
sound_2432.wav,2432,1,6,5,children_playing
sound_2433.wav,2433,1,6,5,children_playing
sound_2434.wav,2434,1,6,5,children_playing
sound_2435.wav,2435,1,6,5,children_playing
sound_2436.wav,2436,1,6,5,children_playing
sound_2437.wav,2437,1,6,5,children_playing
sound_2438.wav,2438,1,6,5,children_playing
sound_2439.wav,2439,1,6,5,children_playing
sound_2440.wav,2440,1,6,5,children_playing
sound_2441.wav,2441,1,6,5,children_playing
sound_2442.wav,2442,1,6,5,children_playing
sound_2443.wav,2443,1,6,5,children_playing
sound_2444.wav,2444,1,6,5,children_playing
sound_2445.wav,2445,1,6,5,children_playing
sound_2446.wav,2446,1,6,5,children_playing
sound_2447.wav,2447,1,6,5,children_playing
sound_2448.wav,2448,1,6,5,children_playing
sound_2449.wav,2449,1,6,5,children_playing
sound_2450.wav,2450,1,6,5,children_playing
sound_2451.wav,2451,1,6,5,children_playing
sound_2452.wav,2452,1,6,5,children_playing
sound_2453.wav,2453,1,6,5,children_playing
sound_2454.wav,2454,1,6,5,children_playing
sound_2455.wav,2455,1,6,5,children_playing
sound_2456.wav,2456,1,6,5,children_playing
sound_2457.wav,2457,1,6,5,children_playing
sound_2458.wav,2458,1,6,5,children_playing
sound_2459.wav,2459,1,6,5,children_playing
sound_2460.wav,2460,1,6,5,children_playing
sound_2461.wav,2461,1,6,5,children_playing
sound_2462.wav,2462,1,6,5,children_playing
sound_2463.wav,2463,1,6,5,children_playing
sound_2464.wav,2464,1,6,5,children_playing
sound_2465.wav,2465,1,6,5,children_playing
sound_2466.wav,2466,1,6,5,children_playing
sound_2467.wav,2467,1,6,5,children_playing
sound_2468.wav,2468,1,6,5,children_playing
sound_2469.wav,2469,1,6,5,children_playing
sound_2470.wav,2470,1,6,5,children_playing
sound_2471.wav,2471,1,6,5,children_playing
sound_2472.wav,2472,1,6,5,children_playing
sound_2473.wav,2473,1,6,5,children_playing
sound_2474.wav,2474,1,6,5,children_playing
sound_2475.wav,2475,1,6,5,children_playing
sound_2476.wav,2476,1,6,5,children_playing
sound_2477.wav,2477,1,6,5,children_playing
sound_2478.wav,2478,1,6,5,children_playing
sound_2479.wav,2479,1,6,5,children_playing
sound_2480.wav,2480,1,6,5,children_playing
sound_2481.wav,2481,1,6,5,children_playing
sound_2482.wav,2482,1,6,5,children_playing
sound_2483.wav,2483,1,6,5,children_playing
sound_2484.wav,2484,1,6,5,children_playing
sound_2485.wav,2485,1,6,5,children_playing
sound_2486.wav,2486,1,6,5,children_playing
sound_2487.wav,2487,1,6,5,children_playing
sound_2488.wav,2488,1,6,5,children_playing
sound_2489.wav,2489,1,6,5,children_playing
sound_2490.wav,2490,1,6,5,children_playing
sound_2491.wav,2491,1,6,5,children_playing
sound_2492.wav,2492,1,6,5,children_playing
sound_2493.wav,2493,1,6,5,children_playing
sound_2494.wav,2494,1,6,5,children_playing
sound_2495.wav,2495,1,6,5,children_playing
sound_2496.wav,2496,1,6,5,children_playing
sound_2497.wav,2497,1,6,5,children_playing
sound_2498.wav,2498,1,6,5,children_playing
sound_2499.wav,2499,1,6,5,children_playing
sound_2500.wav,2500,1,6,5,children_playing
sound_2501.wav,2501,1,6,5,children_playing
sound_2502.wav,2502,1,6,5,children_playing
sound_2503.wav,2503,1,6,5,children_playing
sound_2504.wav,2504,1,6,5,children_playing
sound_2505.wav,2505,1,6,5,children_playing
sound_2506.wav,2506,1,6,5,children_playing
sound_2507.wav,2507,1,6,5,children_playing
sound_2508.wav,2508,1,6,5,children_playing
sound_2509.wav,2509,1,6,5,children_playing
sound_2510.wav,2510,1,6,5,children_playing
sound_2511.wav,2511,1,6,5,children_playing
sound_2512.wav,2512,1,6,5,children_playing
sound_2513.wav,2513,1,6,5,children_playing
sound_2514.wav,2514,1,6,5,children_playing
sound_2515.wav,2515,1,6,5,children_playing
sound_2516.wav,2516,1,6,5,children_playing
sound_2517.wav,2517,1,6,5,children_playing
sound_2518.wav,2518,1,6,5,children_playing
sound_2519.wav,2519,1,6,5,children_playing
sound_2520.wav,2520,1,6,5,children_playing
sound_2521.wav,2521,1,6,5,children_playing
sound_2522.wav,2522,1,6,5,children_playing
sound_2523.wav,2523,1,6,5,children_playing
sound_2524.wav,2524,1,6,5,children_playing
sound_2525.wav,2525,1,6,5,children_playing
sound_2526.wav,2526,1,6,5,children_playing
sound_2527.wav,2527,1,6,5,children_playing
sound_2528.wav,2528,1,6,5,children_playing
sound_2529.wav,2529,1,6,5,children_playing
sound_2530.wav,2530,1,6,5,children_playing
sound_2531.wav,2531,1,6,5,children_playing
sound_2532.wav,2532,1,6,5,children_playing
sound_2533.wav,2533,1,6,5,children_playing
sound_2534.wav,2534,1,6,5,children_playing
sound_2535.wav,2535,1,6,5,children_playing
sound_2536.wav,2536,1,6,5,children_playing
sound_2537.wav,2537,1,6,5,children_playing
sound_2538.wav,2538,1,6,5,children_playing
sound_2539.wav,2539,1,6,5,children_playing
sound_2540.wav,2540,1,6,5,children_playing
sound_2541.wav,2541,1,6,5,children_playing
sound_2542.wav,2542,1,6,5,children_playing
sound_2543.wav,2543,1,6,5,children_playing
sound_2544.wav,2544,1,6,5,children_playing
sound_2545.wav,2545,1,6,5,children_playing
sound_2546.wav,2546,1,6,5,children_playing
sound_2547.wav,2547,1,6,5,children_playing
sound_2548.wav,2548,1,6,5,children_playing
sound_2549.wav,2549,1,6,5,children_playing
sound_2550.wav,2550,1,6,5,children_playing
sound_2551.wav,2551,1,6,5,children_playing
sound_2552.wav,2552,1,6,5,children_playing
sound_2553.wav,2553,1,6,5,children_playing
sound_2554.wav,2554,1,6,5,children_playing
sound_2555.wav,2555,1,6,5,children_playing
sound_2556.wav,2556,1,6,5,children_playing
sound_2557.wav,2557,1,6,5,children_playing
sound_2558.wav,2558,1,6,5,children_playing
sound_2559.wav,2559,1,6,5,children_playing
sound_2560.wav,2560,1,6,5,children_playing
sound_2561.wav,2561,1,6,5,children_playing
sound_2562.wav,2562,1,6,5,children_playing
sound_2563.wav,2563,1,6,5,children_playing
sound_2564.wav,2564,1,6,5,children_playing
sound_2565.wav,2565,1,6,5,children_playing
sound_2566.wav,2566,1,6,5,children_playing
sound_2567.wav,2567,1,6,5,children_playing
sound_2568.wav,2568,1,6,5,children_playing
sound_2569.wav,2569,1,6,5,children_playing
sound_2570.wav,2570,1,6,5,children_playing
sound_2571.wav,2571,1,6,5,children_playing
sound_2572.wav,2572,1,6,5,children_playing
sound_2573.wav,2573,1,6,5,children_playing
sound_2574.wav,2574,1,6,5,children_playing
sound_2575.wav,2575,1,6,5,children_playing
sound_2576.wav,2576,1,6,5,children_playing
sound_2577.wav,2577,1,6,5,children_playing
sound_2578.wav,2578,1,6,5,children_playing
sound_2579.wav,2579,1,6,5,children_playing
sound_2580.wav,2580,1,6,5,children_playing
sound_2581.wav,2581,1,6,5,children_playing
sound_2582.wav,2582,1,6,5,children_playing
sound_2583.wav,2583,1,6,5,children_playing
sound_2584.wav,2584,1,6,5,children_playing
sound_2585.wav,2585,1,6,5,children_playing
sound_2586.wav,2586,1,6,5,children_playing
sound_2587.wav,2587,1,6,5,children_playing
sound_2588.wav,2588,1,6,5,children_playing
sound_2589.wav,2589,1,6,5,children_playing
sound_2590.wav,2590,1,6,5,children_playing
sound_2591.wav,2591,1,6,5,children_playing
sound_2592.wav,2592,1,6,5,children_playing
sound_2593.wav,2593,1,6,5,children_playing
sound_2594.wav,2594,1,6,5,children_playing
sound_2595.wav,2595,1,6,5,children_playing
sound_2596.wav,2596,1,6,5,children_playing
sound_2597.wav,2597,1,6,5,children_playing
sound_2598.wav,2598,1,6,5,children_playing
sound_2599.wav,2599,1,6,5,children_playing
sound_2600.wav,2600,1,6,5,children_playing
sound_2601.wav,2601,1,6,5,children_playing
sound_2602.wav,2602,1,6,5,children_playing
sound_2603.wav,2603,1,6,5,children_playing
sound_2604.wav,2604,1,6,5,children_playing
sound_2605.wav,2605,1,6,5,children_playing
sound_2606.wav,2606,1,6,5,children_playing
sound_2607.wav,2607,1,6,5,children_playing
sound_2608.wav,2608,1,6,5,children_playing
sound_2609.wav,2609,1,6,5,children_playing
sound_2610.wav,2610,1,6,5,children_playing
sound_2611.wav,2611,1,6,5,children_playing
sound_2612.wav,2612,1,6,5,children_playing
sound_2613.wav,2613,1,6,5,children_playing
sound_2614.wav,2614,1,6,5,children_playing
sound_2615.wav,2615,1,6,5,children_playing
sound_2616.wav,2616,1,6,5,children_playing
sound_2617.wav,2617,1,6,5,children_playing
sound_2618.wav,2618,1,6,5,children_playing
sound_2619.wav,2619,1,6,5,children_playing
sound_2620.wav,2620,1,6,5,children_playing
sound_2621.wav,2621,1,6,5,children_playing
sound_2622.wav,2622,1,6,5,children_playing
sound_2623.wav,2623,1,6,5,children_playing
sound_2624.wav,2624,1,6,5,children_playing
sound_2625.wav,2625,1,6,5,children_playing
sound_2626.wav,2626,1,6,5,children_playing
sound_2627.wav,2627,1,6,5,children_playing
sound_2628.wav,2628,1,6,5,children_playing
sound_2629.wav,2629,1,6,5,children_playing
sound_2630.wav,2630,1,6,5,children_playing
sound_2631.wav,2631,1,6,5,children_playing
sound_2632.wav,2632,1,6,5,children_playing
sound_2633.wav,2633,1,6,5,children_playing
sound_2634.wav,2634,1,6,5,children_playing
sound_2635.wav,2635,1,6,5,children_playing
sound_2636.wav,2636,1,6,5,children_playing
sound_2637.wav,2637,1,6,5,children_playing
sound_2638.wav,2638,1,6,5,children_playing
sound_2639.wav,2639,1,6,5,children_playing
sound_2640.wav,2640,1,6,5,children_playing
sound_2641.wav,2641,1,6,5,children_playing
sound_2642.wav,2642,1,6,5,children_playing
sound_2643.wav,2643,1,6,5,children_playing
sound_2644.wav,2644,1,6,5,children_playing
sound_2645.wav,2645,1,6,5,children_playing
sound_2646.wav,2646,1,6,5,children_playing
sound_2647.wav,2647,1,6,5,children_playing
sound_2648.wav,2648,1,6,5,children_playing
sound_2649.wav,2649,1,6,5,children_playing
sound_2650.wav,2650,1,6,5,children_playing
sound_2651.wav,2651,1,6,5,children_playing
sound_2652.wav,2652,1,6,5,children_playing
sound_2653.wav,2653,1,6,5,children_playing
sound_2654.wav,2654,1,6,5,children_playing
sound_2655.wav,2655,1,6,5,children_playing
sound_2656.wav,2656,1,6,5,children_playing
sound_2657.wav,2657,1,6,5,children_playing
sound_2658.wav,2658,1,6,5,children_playing
sound_2659.wav,2659,1,6,5,children_playing
sound_2660.wav,2660,1,6,5,children_playing
sound_2661.wav,2661,1,6,5,children_playing
sound_2662.wav,2662,1,6,5,children_playing
sound_2663.wav,2663,1,6,5,children_playing
sound_2664.wav,2664,1,6,5,children_playing
sound_2665.wav,2665,1,6,5,children_playing
sound_2666.wav,2666,1,6,5,children_playing
sound_2667.wav,2667,1,6,5,children_playing
sound_2668.wav,2668,1,6,5,children_playing
sound_2669.wav,2669,1,6,5,children_playing
sound_2670.wav,2670,1,6,5,children_playing
sound_2671.wav,2671,1,6,5,children_playing
sound_2672.wav,2672,1,6,5,children_playing
sound_2673.wav,2673,1,6,5,children_playing
sound_2674.wav,2674,1,6,5,children_playing
sound_2675.wav,2675,1,6,5,children_playing
sound_2676.wav,2676,1,6,5,children_playing
sound_2677.wav,2677,1,6,5,children_playing
sound_2678.wav,2678,1,6,5,children_playing
sound_2679.wav,2679,1,6,5,children_playing
sound_2680.wav,2680,1,6,5,children_playing
sound_2681.wav,2681,1,6,5,children_playing
sound_2682.wav,2682,1,6,5,children_playing
sound_2683.wav,2683,1,6,5,children_playing
sound_2684.wav,2684,1,6,5,children_playing
sound_2685.wav,2685,1,6,5,children_playing
sound_2686.wav,2686,1,6,5,children_playing
sound_2687.wav,2687,1,6,5,children_playing
sound_2688.wav,2688,1,6,5,children_playing
sound_2689.wav,2689,1,6,5,children_playing
sound_2690.wav,2690,1,6,5,children_playing
sound_2691.wav,2691,1,6,5,children_playing
sound_2692.wav,2692,1,6,5,children_playing
sound_2693.wav,2693,1,6,5,children_playing
sound_2694.wav,2694,1,6,5,children_playing
sound_2695.wav,2695,1,6,5,children_playing
sound_2696.wav,2696,1,6,5,children_playing
sound_2697.wav,2697,1,6,5,children_playing
sound_2698.wav,2698,1,6,5,children_playing
sound_2699.wav,2699,1,6,5,children_playing
sound_2700.wav,2700,1,6,5,children_playing
sound_2701.wav,2701,1,6,5,children_playing
sound_2702.wav,2702,1,6,5,children_playing
sound_2703.wav,2703,1,6,5,children_playing
sound_2704.wav,2704,1,6,5,children_playing
sound_2705.wav,2705,1,6,5,children_playing
sound_2706.wav,2706,1,6,5,children_playing
sound_2707.wav,2707,1,6,5,children_playing
sound_2708.wav,2708,1,6,5,children_playing
sound_2709.wav,2709,1,6,5,children_playing
sound_2710.wav,2710,1,6,5,children_playing
sound_2711.wav,2711,1,6,5,children_playing
sound_2712.wav,2712,1,6,5,children_playing
sound_2713.wav,2713,1,6,5,children_playing
sound_2714.wav,2714,1,6,5,children_playing
sound_2715.wav,2715,1,6,5,children_playing
sound_2716.wav,2716,1,6,5,children_playing
sound_2717.wav,2717,1,6,5,children_playing
sound_2718.wav,2718,1,6,5,children_playing
sound_2719.wav,2719,1,6,5,children_playing
sound_2720.wav,2720,1,6,5,children_playing
sound_2721.wav,2721,1,6,5,children_playing
sound_2722.wav,2722,1,6,5,children_playing
sound_2723.wav,2723,1,6,5,children_playing
sound_2724.wav,2724,1,6,5,children_playing
sound_2725.wav,2725,1,6,5,children_playing
sound_2726.wav,2726,1,6,5,children_playing
sound_2727.wav,2727,1,6,5,children_playing
sound_2728.wav,2728,1,6,5,children_playing
sound_2729.wav,2729,1,6,5,children_playing
sound_2730.wav,2730,1,6,5,children_playing
sound_2731.wav,2731,1,6,5,children_playing
sound_2732.wav,2732,1,6,5,children_playing
sound_2733.wav,2733,1,6,5,children_playing
sound_2734.wav,2734,1,6,5,children_playing
sound_2735.wav,2735,1,6,5,children_playing
sound_2736.wav,2736,1,6,5,children_playing
sound_2737.wav,2737,1,6,5,children_playing
sound_2738.wav,2738,1,6,5,children_playing
sound_2739.wav,2739,1,6,5,children_playing
sound_2740.wav,2740,1,6,5,children_playing
sound_2741.wav,2741,1,6,5,children_playing
sound_2742.wav,2742,1,6,5,children_playing
sound_2743.wav,2743,1,6,5,children_playing
sound_2744.wav,2744,1,6,5,children_playing
sound_2745.wav,2745,1,6,5,children_playing
sound_2746.wav,2746,1,6,5,children_playing
sound_2747.wav,2747,1,6,5,children_playing
sound_2748.wav,2748,1,6,5,children_playing
sound_2749.wav,2749,1,6,5,children_playing
sound_2750.wav,2750,1,6,5,children_playing
sound_2751.wav,2751,1,6,5,children_playing
sound_2752.wav,2752,1,6,5,children_playing
sound_2753.wav,2753,1,6,5,children_playing
sound_2754.wav,2754,1,6,5,children_playing
sound_2755.wav,2755,1,6,5,children_playing
sound_2756.wav,2756,1,6,5,children_playing
sound_2757.wav,2757,1,6,5,children_playing
sound_2758.wav,2758,1,6,5,children_playing
sound_2759.wav,2759,1,6,5,children_playing
sound_2760.wav,2760,1,6,5,children_playing
sound_2761.wav,2761,1,6,5,children_playing
sound_2762.wav,2762,1,6,5,children_playing
sound_2763.wav,2763,1,6,5,children_playing
sound_2764.wav,2764,1,6,5,children_playing
sound_2765.wav,2765,1,6,5,children_playing
sound_2766.wav,2766,1,6,5,children_playing
sound_2767.wav,2767,1,6,5,children_playing
sound_2768.wav,2768,1,6,5,children_playing
sound_2769.wav,2769,1,6,5,children_playing
sound_2770.wav,2770,1,6,5,children_playing
sound_2771.wav,2771,1,6,5,children_playing
sound_2772.wav,2772,1,6,5,children_playing
sound_2773.wav,2773,1,6,5,children_playing
sound_2774.wav,2774,1,6,5,children_playing
sound_2775.wav,2775,1,6,5,children_playing
sound_2776.wav,2776,1,6,5,children_playing
sound_2777.wav,2777,1,6,5,children_playing
sound_2778.wav,2778,1,6,5,children_playing
sound_2779.wav,2779,1,6,5,children_playing
sound_2780.wav,2780,1,6,5,children_playing
sound_2781.wav,2781,1,6,5,children_playing
sound_2782.wav,2782,1,6,5,children_playing
sound_2783.wav,2783,1,6,5,children_playing
sound_2784.wav,2784,1,6,5,children_playing
sound_2785.wav,2785,1,6,5,children_playing
sound_2786.wav,2786,1,6,5,children_playing
sound_2787.wav,2787,1,6,5,children_playing
sound_2788.wav,2788,1,6,5,children_playing
sound_2789.wav,2789,1,6,5,children_playing
sound_2790.wav,2790,1,6,5,children_playing
sound_2791.wav,2791,1,6,5,children_playing
sound_2792.wav,2792,1,6,5,children_playing
sound_2793.wav,2793,1,6,5,children_playing
sound_2794.wav,2794,1,6,5,children_playing
sound_2795.wav,2795,1,6,5,children_playing
sound_2796.wav,2796,1,6,5,children_playing
sound_2797.wav,2797,1,6,5,children_playing
sound_2798.wav,2798,1,6,5,children_playing
sound_2799.wav,2799,1,6,5,children_playing
sound_2800.wav,2800,1,6,5,children_playing
sound_2801.wav,2801,1,6,5,children_playing
sound_2802.wav,2802,1,6,5,children_playing
sound_2803.wav,2803,1,6,5,children_playing
sound_2804.wav,2804,1,6,5,children_playing
sound_2805.wav,2805,1,6,5,children_playing
sound_2806.wav,2806,1,6,5,children_playing
sound_2807.wav,2807,1,6,5,children_playing
sound_2808.wav,2808,1,6,5,children_playing
sound_2809.wav,2809,1,6,5,children_playing
sound_2810.wav,2810,1,6,5,children_playing
sound_2811.wav,2811,1,6,5,children_playing
sound_2812.wav,2812,1,6,5,children_playing
sound_2813.wav,2813,1,6,5,children_playing
sound_2814.wav,2814,1,6,5,children_playing
sound_2815.wav,2815,1,6,5,children_playing
sound_2816.wav,2816,1,6,5,children_playing
sound_2817.wav,2817,1,6,5,children_playing
sound_2818.wav,2818,1,6,5,children_playing
sound_2819.wav,2819,1,6,5,children_playing
sound_2820.wav,2820,1,6,5,children_playing
sound_2821.wav,2821,1,6,5,children_playing
sound_2822.wav,2822,1,6,5,children_playing
sound_2823.wav,2823,1,6,5,children_playing
sound_2824.wav,2824,1,6,5,children_playing
sound_2825.wav,2825,1,6,5,children_playing
sound_2826.wav,2826,1,6,5,children_playing
sound_2827.wav,2827,1,6,5,children_playing
sound_2828.wav,2828,1,6,5,children_playing
sound_2829.wav,2829,1,6,5,children_playing
sound_2830.wav,2830,1,6,5,children_playing
sound_2831.wav,2831,1,6,5,children_playing
sound_2832.wav,2832,1,6,5,children_playing
sound_2833.wav,2833,1,6,5,children_playing
sound_2834.wav,2834,1,6,5,children_playing
sound_2835.wav,2835,1,6,5,children_playing
sound_2836.wav,2836,1,6,5,children_playing
sound_2837.wav,2837,1,6,5,children_playing
sound_2838.wav,2838,1,6,5,children_playing
sound_2839.wav,2839,1,6,5,children_playing
sound_2840.wav,2840,1,6,5,children_playing
sound_2841.wav,2841,1,6,5,children_playing
sound_2842.wav,2842,1,6,5,children_playing
sound_2843.wav,2843,1,6,5,children_playing
sound_2844.wav,2844,1,6,5,children_playing
sound_2845.wav,2845,1,6,5,children_playing
sound_2846.wav,2846,1,6,5,children_playing
sound_2847.wav,2847,1,6,5,children_playing
sound_2848.wav,2848,1,6,5,children_playing
sound_2849.wav,2849,1,6,5,children_playing
sound_2850.wav,2850,1,6,5,children_playing
sound_2851.wav,2851,1,6,5,children_playing
sound_2852.wav,2852,1,6,5,children_playing
sound_2853.wav,2853,1,6,5,children_playing
sound_2854.wav,2854,1,6,5,children_playing
sound_2855.wav,2855,1,6,5,children_playing
sound_2856.wav,2856,1,6,5,children_playing
sound_2857.wav,2857,1,6,5,children_playing
sound_2858.wav,2858,1,6,5,children_playing
sound_2859.wav,2859,1,6,5,children_playing
sound_2860.wav,2860,1,6,5,children_playing
sound_2861.wav,2861,1,6,5,children_playing
sound_2862.wav,2862,1,6,5,children_playing
sound_2863.wav,2863,1,6,5,children_playing
sound_2864.wav,2864,1,6,5,children_playing
sound_2865.wav,2865,1,6,5,children_playing
sound_2866.wav,2866,1,6,5,children_playing
sound_2867.wav,2867,1,6,5,children_playing
sound_2868.wav,2868,1,6,5,children_playing
sound_2869.wav,2869,1,6,5,children_playing
sound_2870.wav,2870,1,6,5,children_playing
sound_2871.wav,2871,1,6,5,children_playing
sound_2872.wav,2872,1,6,5,children_playing
sound_2873.wav,2873,1,6,5,children_playing
sound_2874.wav,2874,1,6,5,children_playing
sound_2875.wav,2875,1,6,5,children_playing
sound_2876.wav,2876,1,6,5,children_playing
sound_2877.wav,2877,1,6,5,children_playing
sound_2878.wav,2878,1,6,5,children_playing
sound_2879.wav,2879,1,6,5,children_playing
sound_2880.wav,2880,1,6,5,children_playing
sound_2881.wav,2881,1,6,5,children_playing
sound_2882.wav,2882,1,6,5,children_playing
sound_2883.wav,2883,1,6,5,children_playing
sound_2884.wav,2884,1,6,5,children_playing
sound_2885.wav,2885,1,6,5,children_playing
sound_2886.wav,2886,1,6,5,children_playing
sound_2887.wav,2887,1,6,5,children_playing
sound_2888.wav,2888,1,6,5,children_playing
sound_2889.wav,2889,1,6,5,children_playing
sound_2890.wav,2890,1,6,5,children_playing
sound_2891.wav,2891,1,6,5,children_playing
sound_2892.wav,2892,1,6,5,children_playing
sound_2893.wav,2893,1,6,5,children_playing
sound_2894.wav,2894,1,6,5,children_playing
sound_2895.wav,2895,1,6,5,children_playing
sound_2896.wav,2896,1,6,5,children_playing
sound_2897.wav,2897,1,6,5,children_playing
sound_2898.wav,2898,1,6,5,children_playing
sound_2899.wav,2899,1,6,5,children_playing
sound_2900.wav,2900,1,6,5,children_playing
sound_2901.wav,2901,1,6,5,children_playing
sound_2902.wav,2902,1,6,5,children_playing
sound_2903.wav,2903,1,6,5,children_playing
sound_2904.wav,2904,1,6,5,children_playing
sound_2905.wav,2905,1,6,5,children_playing
sound_2906.wav,2906,1,6,5,children_playing
sound_2907.wav,2907,1,6,5,children_playing
sound_2908.wav,2908,1,6,5,children_playing
sound_2909.wav,2909,1,6,5,children_playing
sound_2910.wav,2910,1,6,5,children_playing
sound_2911.wav,2911,1,6,5,children_playing
sound_2912.wav,2912,1,6,5,children_playing
sound_2913.wav,2913,1,6,5,children_playing
sound_2914.wav,2914,1,6,5,children_playing
sound_2915.wav,2915,1,6,5,children_playing
sound_2916.wav,2916,1,6,5,children_playing
sound_2917.wav,2917,1,6,5,children_playing
sound_2918.wav,2918,1,6,5,children_playing
sound_2919.wav,2919,1,6,5,children_playing
sound_2920.wav,2920,1,6,5,children_playing
sound_2921.wav,2921,1,6,5,children_playing
sound_2922.wav,2922,1,6,5,children_playing
sound_2923.wav,2923,1,6,5,children_playing
sound_2924.wav,2924,1,6,5,children_playing
sound_2925.wav,2925,1,6,5,children_playing
sound_2926.wav,2926,1,6,5,children_playing
sound_2927.wav,2927,1,6,5,children_playing
sound_2928.wav,2928,1,6,5,children_playing
sound_2929.wav,2929,1,6,5,children_playing
sound_2930.wav,2930,1,6,5,children_playing
sound_2931.wav,2931,1,6,5,children_playing
sound_2932.wav,2932,1,6,5,children_playing
sound_2933.wav,2933,1,6,5,children_playing
sound_2934.wav,2934,1,6,5,children_playing
sound_2935.wav,2935,1,6,5,children_playing
sound_2936.wav,2936,1,6,5,children_playing
sound_2937.wav,2937,1,6,5,children_playing
sound_2938.wav,2938,1,6,5,children_playing
sound_2939.wav,2939,1,6,5,children_playing
sound_2940.wav,2940,1,6,5,children_playing
sound_2941.wav,2941,1,6,5,children_playing
sound_2942.wav,2942,1,6,5,children_playing
sound_2943.wav,2943,1,6,5,children_playing
sound_2944.wav,2944,1,6,5,children_playing
sound_2945.wav,2945,1,6,5,children_playing
sound_2946.wav,2946,1,6,5,children_playing
sound_2947.wav,2947,1,6,5,children_playing
sound_2948.wav,2948,1,6,5,children_playing
sound_2949.wav,2949,1,6,5,children_playing
sound_2950.wav,2950,1,6,5,children_playing
sound_2951.wav,2951,1,6,5,children_playing
sound_2952.wav,2952,1,6,5,children_playing
sound_2953.wav,2953,1,6,5,children_playing
sound_2954.wav,2954,1,6,5,children_playing
sound_2955.wav,2955,1,6,5,children_playing
sound_2956.wav,2956,1,6,5,children_playing
sound_2957.wav,2957,1,6,5,children_playing
sound_2958.wav,2958,1,6,5,children_playing
sound_2959.wav,2959,1,6,5,children_playing
sound_2960.wav,2960,1,6,5,children_playing
sound_2961.wav,2961,1,6,5,children_playing
sound_2962.wav,2962,1,6,5,children_playing
sound_2963.wav,2963,1,6,5,children_playing
sound_2964.wav,2964,1,6,5,children_playing
sound_2965.wav,2965,1,6,5,children_playing
sound_2966.wav,2966,1,6,5,children_playing
sound_2967.wav,2967,1,6,5,children_playing
sound_2968.wav,2968,1,6,5,children_playing
sound_2969.wav,2969,1,6,5,children_playing
sound_2970.wav,2970,1,6,5,children_playing
sound_2971.wav,2971,1,6,5,children_playing
sound_2972.wav,2972,1,6,5,children_playing
sound_2973.wav,2973,1,6,5,children_playing
sound_2974.wav,2974,1,6,5,children_playing
sound_2975.wav,2975,1,6,5,children_playing
sound_2976.wav,2976,1,6,5,children_playing
sound_2977.wav,2977,1,6,5,children_playing
sound_2978.wav,2978,1,6,5,children_playing
sound_2979.wav,2979,1,6,5,children_playing
sound_2980.wav,2980,1,6,5,children_playing
sound_2981.wav,2981,1,6,5,children_playing
sound_2982.wav,2982,1,6,5,children_playing
sound_2983.wav,2983,1,6,5,children_playing
sound_2984.wav,2984,1,6,5,children_playing
sound_2985.wav,2985,1,6,5,children_playing
sound_2986.wav,2986,1,6,5,children_playing
sound_2987.wav,2987,1,6,5,children_playing
sound_2988.wav,2988,1,6,5,children_playing
sound_2989.wav,2989,1,6,5,children_playing
sound_2990.wav,2990,1,6,5,children_playing
sound_2991.wav,2991,1,6,5,children_playing
sound_2992.wav,2992,1,6,5,children_playing
sound_2993.wav,2993,1,6,5,children_playing
sound_2994.wav,2994,1,6,5,children_playing
sound_2995.wav,2995,1,6,5,children_playing
sound_2996.wav,2996,1,6,5,children_playing
sound_2997.wav,2997,1,6,5,children_playing
sound_2998.wav,2998,1,6,5,children_playing
sound_2999.wav,2999,1,6,5,children_playing
sound_3000.wav,3000,1,6,5,children_playing
sound_3001.wav,3001,2,7,6,dog_bark
sound_3002.wav,3002,2,7,6,dog_bark
sound_3003.wav,3003,2,7,6,dog_bark
sound_3004.wav,3004,2,7,6,dog_bark
sound_3005.wav,3005,2,7,6,dog_bark
sound_3006.wav,3006,2,7,6,dog_bark
sound_3007.wav,3007,2,7,6,dog_bark
sound_3008.wav,3008,2,7,6,dog_bark
sound_3009.wav,3009,2,7,6,dog_bark
sound_3010.wav,3010,2,7,6,dog_bark
sound_3011.wav,3011,2,7,6,dog_bark
sound_3012.wav,3012,2,7,6,dog_bark
sound_3013.wav,3013,2,7,6,dog_bark
sound_3014.wav,3014,2,7,6,dog_bark
sound_3015.wav,3015,2,7,6,dog_bark
sound_3016.wav,3016,2,7,6,dog_bark
sound_3017.wav,3017,2,7,6,dog_bark
sound_3018.wav,3018,2,7,6,dog_bark
sound_3019.wav,3019,2,7,6,dog_bark
sound_3020.wav,3020,2,7,6,dog_bark
sound_3021.wav,3021,2,7,6,dog_bark
sound_3022.wav,3022,2,7,6,dog_bark
sound_3023.wav,3023,2,7,6,dog_bark
sound_3024.wav,3024,2,7,6,dog_bark
sound_3025.wav,3025,2,7,6,dog_bark
sound_3026.wav,3026,2,7,6,dog_bark
sound_3027.wav,3027,2,7,6,dog_bark
sound_3028.wav,3028,2,7,6,dog_bark
sound_3029.wav,3029,2,7,6,dog_bark
sound_3030.wav,3030,2,7,6,dog_bark
sound_3031.wav,3031,2,7,6,dog_bark
sound_3032.wav,3032,2,7,6,dog_bark
sound_3033.wav,3033,2,7,6,dog_bark
sound_3034.wav,3034,2,7,6,dog_bark
sound_3035.wav,3035,2,7,6,dog_bark
sound_3036.wav,3036,2,7,6,dog_bark
sound_3037.wav,3037,2,7,6,dog_bark
sound_3038.wav,3038,2,7,6,dog_bark
sound_3039.wav,3039,2,7,6,dog_bark
sound_3040.wav,3040,2,7,6,dog_bark
sound_3041.wav,3041,2,7,6,dog_bark
sound_3042.wav,3042,2,7,6,dog_bark
sound_3043.wav,3043,2,7,6,dog_bark
sound_3044.wav,3044,2,7,6,dog_bark
sound_3045.wav,3045,2,7,6,dog_bark
sound_3046.wav,3046,2,7,6,dog_bark
sound_3047.wav,3047,2,7,6,dog_bark
sound_3048.wav,3048,2,7,6,dog_bark
sound_3049.wav,3049,2,7,6,dog_bark
sound_3050.wav,3050,2,7,6,dog_bark
sound_3051.wav,3051,2,7,6,dog_bark
sound_3052.wav,3052,2,7,6,dog_bark
sound_3053.wav,3053,2,7,6,dog_bark
sound_3054.wav,3054,2,7,6,dog_bark
sound_3055.wav,3055,2,7,6,dog_bark
sound_3056.wav,3056,2,7,6,dog_bark
sound_3057.wav,3057,2,7,6,dog_bark
sound_3058.wav,3058,2,7,6,dog_bark
sound_3059.wav,3059,2,7,6,dog_bark
sound_3060.wav,3060,2,7,6,dog_bark
sound_3061.wav,3061,2,7,6,dog_bark
sound_3062.wav,3062,2,7,6,dog_bark
sound_3063.wav,3063,2,7,6,dog_bark
sound_3064.wav,3064,2,7,6,dog_bark
sound_3065.wav,3065,2,7,6,dog_bark
sound_3066.wav,3066,2,7,6,dog_bark
sound_3067.wav,3067,2,7,6,dog_bark
sound_3068.wav,3068,2,7,6,dog_bark
sound_3069.wav,3069,2,7,6,dog_bark
sound_3070.wav,3070,2,7,6,dog_bark
sound_3071.wav,3071,2,7,6,dog_bark
sound_3072.wav,3072,2,7,6,dog_bark
sound_3073.wav,3073,2,7,6,dog_bark
sound_3074.wav,3074,2,7,6,dog_bark
sound_3075.wav,3075,2,7,6,dog_bark
sound_3076.wav,3076,2,7,6,dog_bark
sound_3077.wav,3077,2,7,6,dog_bark
sound_3078.wav,3078,2,7,6,dog_bark
sound_3079.wav,3079,2,7,6,dog_bark
sound_3080.wav,3080,2,7,6,dog_bark
sound_3081.wav,3081,2,7,6,dog_bark
sound_3082.wav,3082,2,7,6,dog_bark
sound_3083.wav,3083,2,7,6,dog_bark
sound_3084.wav,3084,2,7,6,dog_bark
sound_3085.wav,3085,2,7,6,dog_bark
sound_3086.wav,3086,2,7,6,dog_bark
sound_3087.wav,3087,2,7,6,dog_bark
sound_3088.wav,3088,2,7,6,dog_bark
sound_3089.wav,3089,2,7,6,dog_bark
sound_3090.wav,3090,2,7,6,dog_bark
sound_3091.wav,3091,2,7,6,dog_bark
sound_3092.wav,3092,2,7,6,dog_bark
sound_3093.wav,3093,2,7,6,dog_bark
sound_3094.wav,3094,2,7,6,dog_bark
sound_3095.wav,3095,2,7,6,dog_bark
sound_3096.wav,3096,2,7,6,dog_bark
sound_3097.wav,3097,2,7,6,dog_bark
sound_3098.wav,3098,2,7,6,dog_bark
sound_3099.wav,3099,2,7,6,dog_bark
sound_3100.wav,3100,2,7,6,dog_bark
sound_3101.wav,3101,2,7,6,dog_bark
sound_3102.wav,3102,2,7,6,dog_bark
sound_3103.wav,3103,2,7,6,dog_bark
sound_3104.wav,3104,2,7,6,dog_bark
sound_3105.wav,3105,2,7,6,dog_bark
sound_3106.wav,3106,2,7,6,dog_bark
sound_3107.wav,3107,2,7,6,dog_bark
sound_3108.wav,3108,2,7,6,dog_bark
sound_3109.wav,3109,2,7,6,dog_bark
sound_3110.wav,3110,2,7,6,dog_bark
sound_3111.wav,3111,2,7,6,dog_bark
sound_3112.wav,3112,2,7,6,dog_bark
sound_3113.wav,3113,2,7,6,dog_bark
sound_3114.wav,3114,2,7,6,dog_bark
sound_3115.wav,3115,2,7,6,dog_bark
sound_3116.wav,3116,2,7,6,dog_bark
sound_3117.wav,3117,2,7,6,dog_bark
sound_3118.wav,3118,2,7,6,dog_bark
sound_3119.wav,3119,2,7,6,dog_bark
sound_3120.wav,3120,2,7,6,dog_bark
sound_3121.wav,3121,2,7,6,dog_bark
sound_3122.wav,3122,2,7,6,dog_bark
sound_3123.wav,3123,2,7,6,dog_bark
sound_3124.wav,3124,2,7,6,dog_bark
sound_3125.wav,3125,2,7,6,dog_bark
sound_3126.wav,3126,2,7,6,dog_bark
sound_3127.wav,3127,2,7,6,dog_bark
sound_3128.wav,3128,2,7,6,dog_bark
sound_3129.wav,3129,2,7,6,dog_bark
sound_3130.wav,3130,2,7,6,dog_bark
sound_3131.wav,3131,2,7,6,dog_bark
sound_3132.wav,3132,2,7,6,dog_bark
sound_3133.wav,3133,2,7,6,dog_bark
sound_3134.wav,3134,2,7,6,dog_bark
sound_3135.wav,3135,2,7,6,dog_bark
sound_3136.wav,3136,2,7,6,dog_bark
sound_3137.wav,3137,2,7,6,dog_bark
sound_3138.wav,3138,2,7,6,dog_bark
sound_3139.wav,3139,2,7,6,dog_bark
sound_3140.wav,3140,2,7,6,dog_bark
sound_3141.wav,3141,2,7,6,dog_bark
sound_3142.wav,3142,2,7,6,dog_bark
sound_3143.wav,3143,2,7,6,dog_bark
sound_3144.wav,3144,2,7,6,dog_bark
sound_3145.wav,3145,2,7,6,dog_bark
sound_3146.wav,3146,2,7,6,dog_bark
sound_3147.wav,3147,2,7,6,dog_bark
sound_3148.wav,3148,2,7,6,dog_bark
sound_3149.wav,3149,2,7,6,dog_bark
sound_3150.wav,3150,2,7,6,dog_bark
sound_3151.wav,3151,2,7,6,dog_bark
sound_3152.wav,3152,2,7,6,dog_bark
sound_3153.wav,3153,2,7,6,dog_bark
sound_3154.wav,3154,2,7,6,dog_bark
sound_3155.wav,3155,2,7,6,dog_bark
sound_3156.wav,3156,2,7,6,dog_bark
sound_3157.wav,3157,2,7,6,dog_bark
sound_3158.wav,3158,2,7,6,dog_bark
sound_3159.wav,3159,2,7,6,dog_bark
sound_3160.wav,3160,2,7,6,dog_bark
sound_3161.wav,3161,2,7,6,dog_bark
sound_3162.wav,3162,2,7,6,dog_bark
sound_3163.wav,3163,2,7,6,dog_bark
sound_3164.wav,3164,2,7,6,dog_bark
sound_3165.wav,3165,2,7,6,dog_bark
sound_3166.wav,3166,2,7,6,dog_bark
sound_3167.wav,3167,2,7,6,dog_bark
sound_3168.wav,3168,2,7,6,dog_bark
sound_3169.wav,3169,2,7,6,dog_bark
sound_3170.wav,3170,2,7,6,dog_bark
sound_3171.wav,3171,2,7,6,dog_bark
sound_3172.wav,3172,2,7,6,dog_bark
sound_3173.wav,3173,2,7,6,dog_bark
sound_3174.wav,3174,2,7,6,dog_bark
sound_3175.wav,3175,2,7,6,dog_bark
sound_3176.wav,3176,2,7,6,dog_bark
sound_3177.wav,3177,2,7,6,dog_bark
sound_3178.wav,3178,2,7,6,dog_bark
sound_3179.wav,3179,2,7,6,dog_bark
sound_3180.wav,3180,2,7,6,dog_bark
sound_3181.wav,3181,2,7,6,dog_bark
sound_3182.wav,3182,2,7,6,dog_bark
sound_3183.wav,3183,2,7,6,dog_bark
sound_3184.wav,3184,2,7,6,dog_bark
sound_3185.wav,3185,2,7,6,dog_bark
sound_3186.wav,3186,2,7,6,dog_bark
sound_3187.wav,3187,2,7,6,dog_bark
sound_3188.wav,3188,2,7,6,dog_bark
sound_3189.wav,3189,2,7,6,dog_bark
sound_3190.wav,3190,2,7,6,dog_bark
sound_3191.wav,3191,2,7,6,dog_bark
sound_3192.wav,3192,2,7,6,dog_bark
sound_3193.wav,3193,2,7,6,dog_bark
sound_3194.wav,3194,2,7,6,dog_bark
sound_3195.wav,3195,2,7,6,dog_bark
sound_3196.wav,3196,2,7,6,dog_bark
sound_3197.wav,3197,2,7,6,dog_bark
sound_3198.wav,3198,2,7,6,dog_bark
sound_3199.wav,3199,2,7,6,dog_bark
sound_3200.wav,3200,2,7,6,dog_bark
sound_3201.wav,3201,2,7,6,dog_bark
sound_3202.wav,3202,2,7,6,dog_bark
sound_3203.wav,3203,2,7,6,dog_bark
sound_3204.wav,3204,2,7,6,dog_bark
sound_3205.wav,3205,2,7,6,dog_bark
sound_3206.wav,3206,2,7,6,dog_bark
sound_3207.wav,3207,2,7,6,dog_bark
sound_3208.wav,3208,2,7,6,dog_bark
sound_3209.wav,3209,2,7,6,dog_bark
sound_3210.wav,3210,2,7,6,dog_bark
sound_3211.wav,3211,2,7,6,dog_bark
sound_3212.wav,3212,2,7,6,dog_bark
sound_3213.wav,3213,2,7,6,dog_bark
sound_3214.wav,3214,2,7,6,dog_bark
sound_3215.wav,3215,2,7,6,dog_bark
sound_3216.wav,3216,2,7,6,dog_bark
sound_3217.wav,3217,2,7,6,dog_bark
sound_3218.wav,3218,2,7,6,dog_bark
sound_3219.wav,3219,2,7,6,dog_bark
sound_3220.wav,3220,2,7,6,dog_bark
sound_3221.wav,3221,2,7,6,dog_bark
sound_3222.wav,3222,2,7,6,dog_bark
sound_3223.wav,3223,2,7,6,dog_bark
sound_3224.wav,3224,2,7,6,dog_bark
sound_3225.wav,3225,2,7,6,dog_bark
sound_3226.wav,3226,2,7,6,dog_bark
sound_3227.wav,3227,2,7,6,dog_bark
sound_3228.wav,3228,2,7,6,dog_bark
sound_3229.wav,3229,2,7,6,dog_bark
sound_3230.wav,3230,2,7,6,dog_bark
sound_3231.wav,3231,2,7,6,dog_bark
sound_3232.wav,3232,2,7,6,dog_bark
sound_3233.wav,3233,2,7,6,dog_bark
sound_3234.wav,3234,2,7,6,dog_bark
sound_3235.wav,3235,2,7,6,dog_bark
sound_3236.wav,3236,2,7,6,dog_bark
sound_3237.wav,3237,2,7,6,dog_bark
sound_3238.wav,3238,2,7,6,dog_bark
sound_3239.wav,3239,2,7,6,dog_bark
sound_3240.wav,3240,2,7,6,dog_bark
sound_3241.wav,3241,2,7,6,dog_bark
sound_3242.wav,3242,2,7,6,dog_bark
sound_3243.wav,3243,2,7,6,dog_bark
sound_3244.wav,3244,2,7,6,dog_bark
sound_3245.wav,3245,2,7,6,dog_bark
sound_3246.wav,3246,2,7,6,dog_bark
sound_3247.wav,3247,2,7,6,dog_bark
sound_3248.wav,3248,2,7,6,dog_bark
sound_3249.wav,3249,2,7,6,dog_bark
sound_3250.wav,3250,2,7,6,dog_bark
sound_3251.wav,3251,2,7,6,dog_bark
sound_3252.wav,3252,2,7,6,dog_bark
sound_3253.wav,3253,2,7,6,dog_bark
sound_3254.wav,3254,2,7,6,dog_bark
sound_3255.wav,3255,2,7,6,dog_bark
sound_3256.wav,3256,2,7,6,dog_bark
sound_3257.wav,3257,2,7,6,dog_bark
sound_3258.wav,3258,2,7,6,dog_bark
sound_3259.wav,3259,2,7,6,dog_bark
sound_3260.wav,3260,2,7,6,dog_bark
sound_3261.wav,3261,2,7,6,dog_bark
sound_3262.wav,3262,2,7,6,dog_bark
sound_3263.wav,3263,2,7,6,dog_bark
sound_3264.wav,3264,2,7,6,dog_bark
sound_3265.wav,3265,2,7,6,dog_bark
sound_3266.wav,3266,2,7,6,dog_bark
sound_3267.wav,3267,2,7,6,dog_bark
sound_3268.wav,3268,2,7,6,dog_bark
sound_3269.wav,3269,2,7,6,dog_bark
sound_3270.wav,3270,2,7,6,dog_bark
sound_3271.wav,3271,2,7,6,dog_bark
sound_3272.wav,3272,2,7,6,dog_bark
sound_3273.wav,3273,2,7,6,dog_bark
sound_3274.wav,3274,2,7,6,dog_bark
sound_3275.wav,3275,2,7,6,dog_bark
sound_3276.wav,3276,2,7,6,dog_bark
sound_3277.wav,3277,2,7,6,dog_bark
sound_3278.wav,3278,2,7,6,dog_bark
sound_3279.wav,3279,2,7,6,dog_bark
sound_3280.wav,3280,2,7,6,dog_bark
sound_3281.wav,3281,2,7,6,dog_bark
sound_3282.wav,3282,2,7,6,dog_bark
sound_3283.wav,3283,2,7,6,dog_bark
sound_3284.wav,3284,2,7,6,dog_bark
sound_3285.wav,3285,2,7,6,dog_bark
sound_3286.wav,3286,2,7,6,dog_bark
sound_3287.wav,3287,2,7,6,dog_bark
sound_3288.wav,3288,2,7,6,dog_bark
sound_3289.wav,3289,2,7,6,dog_bark
sound_3290.wav,3290,2,7,6,dog_bark
sound_3291.wav,3291,2,7,6,dog_bark
sound_3292.wav,3292,2,7,6,dog_bark
sound_3293.wav,3293,2,7,6,dog_bark
sound_3294.wav,3294,2,7,6,dog_bark
sound_3295.wav,3295,2,7,6,dog_bark
sound_3296.wav,3296,2,7,6,dog_bark
sound_3297.wav,3297,2,7,6,dog_bark
sound_3298.wav,3298,2,7,6,dog_bark
sound_3299.wav,3299,2,7,6,dog_bark
sound_3300.wav,3300,2,7,6,dog_bark
sound_3301.wav,3301,2,7,6,dog_bark
sound_3302.wav,3302,2,7,6,dog_bark
sound_3303.wav,3303,2,7,6,dog_bark
sound_3304.wav,3304,2,7,6,dog_bark
sound_3305.wav,3305,2,7,6,dog_bark
sound_3306.wav,3306,2,7,6,dog_bark
sound_3307.wav,3307,2,7,6,dog_bark
sound_3308.wav,3308,2,7,6,dog_bark
sound_3309.wav,3309,2,7,6,dog_bark
sound_3310.wav,3310,2,7,6,dog_bark
sound_3311.wav,3311,2,7,6,dog_bark
sound_3312.wav,3312,2,7,6,dog_bark
sound_3313.wav,3313,2,7,6,dog_bark
sound_3314.wav,3314,2,7,6,dog_bark
sound_3315.wav,3315,2,7,6,dog_bark
sound_3316.wav,3316,2,7,6,dog_bark
sound_3317.wav,3317,2,7,6,dog_bark
sound_3318.wav,3318,2,7,6,dog_bark
sound_3319.wav,3319,2,7,6,dog_bark
sound_3320.wav,3320,2,7,6,dog_bark
sound_3321.wav,3321,2,7,6,dog_bark
sound_3322.wav,3322,2,7,6,dog_bark
sound_3323.wav,3323,2,7,6,dog_bark
sound_3324.wav,3324,2,7,6,dog_bark
sound_3325.wav,3325,2,7,6,dog_bark
sound_3326.wav,3326,2,7,6,dog_bark
sound_3327.wav,3327,2,7,6,dog_bark
sound_3328.wav,3328,2,7,6,dog_bark
sound_3329.wav,3329,2,7,6,dog_bark
sound_3330.wav,3330,2,7,6,dog_bark
sound_3331.wav,3331,2,7,6,dog_bark
sound_3332.wav,3332,2,7,6,dog_bark
sound_3333.wav,3333,2,7,6,dog_bark
sound_3334.wav,3334,2,7,6,dog_bark
sound_3335.wav,3335,2,7,6,dog_bark
sound_3336.wav,3336,2,7,6,dog_bark
sound_3337.wav,3337,2,7,6,dog_bark
sound_3338.wav,3338,2,7,6,dog_bark
sound_3339.wav,3339,2,7,6,dog_bark
sound_3340.wav,3340,2,7,6,dog_bark
sound_3341.wav,3341,2,7,6,dog_bark
sound_3342.wav,3342,2,7,6,dog_bark
sound_3343.wav,3343,2,7,6,dog_bark
sound_3344.wav,3344,2,7,6,dog_bark
sound_3345.wav,3345,2,7,6,dog_bark
sound_3346.wav,3346,2,7,6,dog_bark
sound_3347.wav,3347,2,7,6,dog_bark
sound_3348.wav,3348,2,7,6,dog_bark
sound_3349.wav,3349,2,7,6,dog_bark
sound_3350.wav,3350,2,7,6,dog_bark
sound_3351.wav,3351,2,7,6,dog_bark
sound_3352.wav,3352,2,7,6,dog_bark
sound_3353.wav,3353,2,7,6,dog_bark
sound_3354.wav,3354,2,7,6,dog_bark
sound_3355.wav,3355,2,7,6,dog_bark
sound_3356.wav,3356,2,7,6,dog_bark
sound_3357.wav,3357,2,7,6,dog_bark
sound_3358.wav,3358,2,7,6,dog_bark
sound_3359.wav,3359,2,7,6,dog_bark
sound_3360.wav,3360,2,7,6,dog_bark
sound_3361.wav,3361,2,7,6,dog_bark
sound_3362.wav,3362,2,7,6,dog_bark
sound_3363.wav,3363,2,7,6,dog_bark
sound_3364.wav,3364,2,7,6,dog_bark
sound_3365.wav,3365,2,7,6,dog_bark
sound_3366.wav,3366,2,7,6,dog_bark
sound_3367.wav,3367,2,7,6,dog_bark
sound_3368.wav,3368,2,7,6,dog_bark
sound_3369.wav,3369,2,7,6,dog_bark
sound_3370.wav,3370,2,7,6,dog_bark
sound_3371.wav,3371,2,7,6,dog_bark
sound_3372.wav,3372,2,7,6,dog_bark
sound_3373.wav,3373,2,7,6,dog_bark
sound_3374.wav,3374,2,7,6,dog_bark
sound_3375.wav,3375,2,7,6,dog_bark
sound_3376.wav,3376,2,7,6,dog_bark
sound_3377.wav,3377,2,7,6,dog_bark
sound_3378.wav,3378,2,7,6,dog_bark
sound_3379.wav,3379,2,7,6,dog_bark
sound_3380.wav,3380,2,7,6,dog_bark
sound_3381.wav,3381,2,7,6,dog_bark
sound_3382.wav,3382,2,7,6,dog_bark
sound_3383.wav,3383,2,7,6,dog_bark
sound_3384.wav,3384,2,7,6,dog_bark
sound_3385.wav,3385,2,7,6,dog_bark
sound_3386.wav,3386,2,7,6,dog_bark
sound_3387.wav,3387,2,7,6,dog_bark
sound_3388.wav,3388,2,7,6,dog_bark
sound_3389.wav,3389,2,7,6,dog_bark
sound_3390.wav,3390,2,7,6,dog_bark
sound_3391.wav,3391,2,7,6,dog_bark
sound_3392.wav,3392,2,7,6,dog_bark
sound_3393.wav,3393,2,7,6,dog_bark
sound_3394.wav,3394,2,7,6,dog_bark
sound_3395.wav,3395,2,7,6,dog_bark
sound_3396.wav,3396,2,7,6,dog_bark
sound_3397.wav,3397,2,7,6,dog_bark
sound_3398.wav,3398,2,7,6,dog_bark
sound_3399.wav,3399,2,7,6,dog_bark
sound_3400.wav,3400,2,7,6,dog_bark
sound_3401.wav,3401,2,7,6,dog_bark
sound_3402.wav,3402,2,7,6,dog_bark
sound_3403.wav,3403,2,7,6,dog_bark
sound_3404.wav,3404,2,7,6,dog_bark
sound_3405.wav,3405,2,7,6,dog_bark
sound_3406.wav,3406,2,7,6,dog_bark
sound_3407.wav,3407,2,7,6,dog_bark
sound_3408.wav,3408,2,7,6,dog_bark
sound_3409.wav,3409,2,7,6,dog_bark
sound_3410.wav,3410,2,7,6,dog_bark
sound_3411.wav,3411,2,7,6,dog_bark
sound_3412.wav,3412,2,7,6,dog_bark
sound_3413.wav,3413,2,7,6,dog_bark
sound_3414.wav,3414,2,7,6,dog_bark
sound_3415.wav,3415,2,7,6,dog_bark
sound_3416.wav,3416,2,7,6,dog_bark
sound_3417.wav,3417,2,7,6,dog_bark
sound_3418.wav,3418,2,7,6,dog_bark
sound_3419.wav,3419,2,7,6,dog_bark
sound_3420.wav,3420,2,7,6,dog_bark
sound_3421.wav,3421,2,7,6,dog_bark
sound_3422.wav,3422,2,7,6,dog_bark
sound_3423.wav,3423,2,7,6,dog_bark
sound_3424.wav,3424,2,7,6,dog_bark
sound_3425.wav,3425,2,7,6,dog_bark
sound_3426.wav,3426,2,7,6,dog_bark
sound_3427.wav,3427,2,7,6,dog_bark
sound_3428.wav,3428,2,7,6,dog_bark
sound_3429.wav,3429,2,7,6,dog_bark
sound_3430.wav,3430,2,7,6,dog_bark
sound_3431.wav,3431,2,7,6,dog_bark
sound_3432.wav,3432,2,7,6,dog_bark
sound_3433.wav,3433,2,7,6,dog_bark
sound_3434.wav,3434,2,7,6,dog_bark
sound_3435.wav,3435,2,7,6,dog_bark
sound_3436.wav,3436,2,7,6,dog_bark
sound_3437.wav,3437,2,7,6,dog_bark
sound_3438.wav,3438,2,7,6,dog_bark
sound_3439.wav,3439,2,7,6,dog_bark
sound_3440.wav,3440,2,7,6,dog_bark
sound_3441.wav,3441,2,7,6,dog_bark
sound_3442.wav,3442,2,7,6,dog_bark
sound_3443.wav,3443,2,7,6,dog_bark
sound_3444.wav,3444,2,7,6,dog_bark
sound_3445.wav,3445,2,7,6,dog_bark
sound_3446.wav,3446,2,7,6,dog_bark
sound_3447.wav,3447,2,7,6,dog_bark
sound_3448.wav,3448,2,7,6,dog_bark
sound_3449.wav,3449,2,7,6,dog_bark
sound_3450.wav,3450,2,7,6,dog_bark
sound_3451.wav,3451,2,7,6,dog_bark
sound_3452.wav,3452,2,7,6,dog_bark
sound_3453.wav,3453,2,7,6,dog_bark
sound_3454.wav,3454,2,7,6,dog_bark
sound_3455.wav,3455,2,7,6,dog_bark
sound_3456.wav,3456,2,7,6,dog_bark
sound_3457.wav,3457,2,7,6,dog_bark
sound_3458.wav,3458,2,7,6,dog_bark
sound_3459.wav,3459,2,7,6,dog_bark
sound_3460.wav,3460,2,7,6,dog_bark
sound_3461.wav,3461,2,7,6,dog_bark
sound_3462.wav,3462,2,7,6,dog_bark
sound_3463.wav,3463,2,7,6,dog_bark
sound_3464.wav,3464,2,7,6,dog_bark
sound_3465.wav,3465,2,7,6,dog_bark
sound_3466.wav,3466,2,7,6,dog_bark
sound_3467.wav,3467,2,7,6,dog_bark
sound_3468.wav,3468,2,7,6,dog_bark
sound_3469.wav,3469,2,7,6,dog_bark
sound_3470.wav,3470,2,7,6,dog_bark
sound_3471.wav,3471,2,7,6,dog_bark
sound_3472.wav,3472,2,7,6,dog_bark
sound_3473.wav,3473,2,7,6,dog_bark
sound_3474.wav,3474,2,7,6,dog_bark
sound_3475.wav,3475,2,7,6,dog_bark
sound_3476.wav,3476,2,7,6,dog_bark
sound_3477.wav,3477,2,7,6,dog_bark
sound_3478.wav,3478,2,7,6,dog_bark
sound_3479.wav,3479,2,7,6,dog_bark
sound_3480.wav,3480,2,7,6,dog_bark
sound_3481.wav,3481,2,7,6,dog_bark
sound_3482.wav,3482,2,7,6,dog_bark
sound_3483.wav,3483,2,7,6,dog_bark
sound_3484.wav,3484,2,7,6,dog_bark
sound_3485.wav,3485,2,7,6,dog_bark
sound_3486.wav,3486,2,7,6,dog_bark
sound_3487.wav,3487,2,7,6,dog_bark
sound_3488.wav,3488,2,7,6,dog_bark
sound_3489.wav,3489,2,7,6,dog_bark
sound_3490.wav,3490,2,7,6,dog_bark
sound_3491.wav,3491,2,7,6,dog_bark
sound_3492.wav,3492,2,7,6,dog_bark
sound_3493.wav,3493,2,7,6,dog_bark
sound_3494.wav,3494,2,7,6,dog_bark
sound_3495.wav,3495,2,7,6,dog_bark
sound_3496.wav,3496,2,7,6,dog_bark
sound_3497.wav,3497,2,7,6,dog_bark
sound_3498.wav,3498,2,7,6,dog_bark
sound_3499.wav,3499,2,7,6,dog_bark
sound_3500.wav,3500,2,7,6,dog_bark
sound_3501.wav,3501,2,7,6,dog_bark
sound_3502.wav,3502,2,7,6,dog_bark
sound_3503.wav,3503,2,7,6,dog_bark
sound_3504.wav,3504,2,7,6,dog_bark
sound_3505.wav,3505,2,7,6,dog_bark
sound_3506.wav,3506,2,7,6,dog_bark
sound_3507.wav,3507,2,7,6,dog_bark
sound_3508.wav,3508,2,7,6,dog_bark
sound_3509.wav,3509,2,7,6,dog_bark
sound_3510.wav,3510,2,7,6,dog_bark
sound_3511.wav,3511,2,7,6,dog_bark
sound_3512.wav,3512,2,7,6,dog_bark
sound_3513.wav,3513,2,7,6,dog_bark
sound_3514.wav,3514,2,7,6,dog_bark
sound_3515.wav,3515,2,7,6,dog_bark
sound_3516.wav,3516,2,7,6,dog_bark
sound_3517.wav,3517,2,7,6,dog_bark
sound_3518.wav,3518,2,7,6,dog_bark
sound_3519.wav,3519,2,7,6,dog_bark
sound_3520.wav,3520,2,7,6,dog_bark
sound_3521.wav,3521,2,7,6,dog_bark
sound_3522.wav,3522,2,7,6,dog_bark
sound_3523.wav,3523,2,7,6,dog_bark
sound_3524.wav,3524,2,7,6,dog_bark
sound_3525.wav,3525,2,7,6,dog_bark
sound_3526.wav,3526,2,7,6,dog_bark
sound_3527.wav,3527,2,7,6,dog_bark
sound_3528.wav,3528,2,7,6,dog_bark
sound_3529.wav,3529,2,7,6,dog_bark
sound_3530.wav,3530,2,7,6,dog_bark
sound_3531.wav,3531,2,7,6,dog_bark
sound_3532.wav,3532,2,7,6,dog_bark
sound_3533.wav,3533,2,7,6,dog_bark
sound_3534.wav,3534,2,7,6,dog_bark
sound_3535.wav,3535,2,7,6,dog_bark
sound_3536.wav,3536,2,7,6,dog_bark
sound_3537.wav,3537,2,7,6,dog_bark
sound_3538.wav,3538,2,7,6,dog_bark
sound_3539.wav,3539,2,7,6,dog_bark
sound_3540.wav,3540,2,7,6,dog_bark
sound_3541.wav,3541,2,7,6,dog_bark
sound_3542.wav,3542,2,7,6,dog_bark
sound_3543.wav,3543,2,7,6,dog_bark
sound_3544.wav,3544,2,7,6,dog_bark
sound_3545.wav,3545,2,7,6,dog_bark
sound_3546.wav,3546,2,7,6,dog_bark
sound_3547.wav,3547,2,7,6,dog_bark
sound_3548.wav,3548,2,7,6,dog_bark
sound_3549.wav,3549,2,7,6,dog_bark
sound_3550.wav,3550,2,7,6,dog_bark
sound_3551.wav,3551,2,7,6,dog_bark
sound_3552.wav,3552,2,7,6,dog_bark
sound_3553.wav,3553,2,7,6,dog_bark
sound_3554.wav,3554,2,7,6,dog_bark
sound_3555.wav,3555,2,7,6,dog_bark
sound_3556.wav,3556,2,7,6,dog_bark
sound_3557.wav,3557,2,7,6,dog_bark
sound_3558.wav,3558,2,7,6,dog_bark
sound_3559.wav,3559,2,7,6,dog_bark
sound_3560.wav,3560,2,7,6,dog_bark
sound_3561.wav,3561,2,7,6,dog_bark
sound_3562.wav,3562,2,7,6,dog_bark
sound_3563.wav,3563,2,7,6,dog_bark
sound_3564.wav,3564,2,7,6,dog_bark
sound_3565.wav,3565,2,7,6,dog_bark
sound_3566.wav,3566,2,7,6,dog_bark
sound_3567.wav,3567,2,7,6,dog_bark
sound_3568.wav,3568,2,7,6,dog_bark
sound_3569.wav,3569,2,7,6,dog_bark
sound_3570.wav,3570,2,7,6,dog_bark
sound_3571.wav,3571,2,7,6,dog_bark
sound_3572.wav,3572,2,7,6,dog_bark
sound_3573.wav,3573,2,7,6,dog_bark
sound_3574.wav,3574,2,7,6,dog_bark
sound_3575.wav,3575,2,7,6,dog_bark
sound_3576.wav,3576,2,7,6,dog_bark
sound_3577.wav,3577,2,7,6,dog_bark
sound_3578.wav,3578,2,7,6,dog_bark
sound_3579.wav,3579,2,7,6,dog_bark
sound_3580.wav,3580,2,7,6,dog_bark
sound_3581.wav,3581,2,7,6,dog_bark
sound_3582.wav,3582,2,7,6,dog_bark
sound_3583.wav,3583,2,7,6,dog_bark
sound_3584.wav,3584,2,7,6,dog_bark
sound_3585.wav,3585,2,7,6,dog_bark
sound_3586.wav,3586,2,7,6,dog_bark
sound_3587.wav,3587,2,7,6,dog_bark
sound_3588.wav,3588,2,7,6,dog_bark
sound_3589.wav,3589,2,7,6,dog_bark
sound_3590.wav,3590,2,7,6,dog_bark
sound_3591.wav,3591,2,7,6,dog_bark
sound_3592.wav,3592,2,7,6,dog_bark
sound_3593.wav,3593,2,7,6,dog_bark
sound_3594.wav,3594,2,7,6,dog_bark
sound_3595.wav,3595,2,7,6,dog_bark
sound_3596.wav,3596,2,7,6,dog_bark
sound_3597.wav,3597,2,7,6,dog_bark
sound_3598.wav,3598,2,7,6,dog_bark
sound_3599.wav,3599,2,7,6,dog_bark
sound_3600.wav,3600,2,7,6,dog_bark
sound_3601.wav,3601,2,7,6,dog_bark
sound_3602.wav,3602,2,7,6,dog_bark
sound_3603.wav,3603,2,7,6,dog_bark
sound_3604.wav,3604,2,7,6,dog_bark
sound_3605.wav,3605,2,7,6,dog_bark
sound_3606.wav,3606,2,7,6,dog_bark
sound_3607.wav,3607,2,7,6,dog_bark
sound_3608.wav,3608,2,7,6,dog_bark
sound_3609.wav,3609,2,7,6,dog_bark
sound_3610.wav,3610,2,7,6,dog_bark
sound_3611.wav,3611,2,7,6,dog_bark
sound_3612.wav,3612,2,7,6,dog_bark
sound_3613.wav,3613,2,7,6,dog_bark
sound_3614.wav,3614,2,7,6,dog_bark
sound_3615.wav,3615,2,7,6,dog_bark
sound_3616.wav,3616,2,7,6,dog_bark
sound_3617.wav,3617,2,7,6,dog_bark
sound_3618.wav,3618,2,7,6,dog_bark
sound_3619.wav,3619,2,7,6,dog_bark
sound_3620.wav,3620,2,7,6,dog_bark
sound_3621.wav,3621,2,7,6,dog_bark
sound_3622.wav,3622,2,7,6,dog_bark
sound_3623.wav,3623,2,7,6,dog_bark
sound_3624.wav,3624,2,7,6,dog_bark
sound_3625.wav,3625,2,7,6,dog_bark
sound_3626.wav,3626,2,7,6,dog_bark
sound_3627.wav,3627,2,7,6,dog_bark
sound_3628.wav,3628,2,7,6,dog_bark
sound_3629.wav,3629,2,7,6,dog_bark
sound_3630.wav,3630,2,7,6,dog_bark
sound_3631.wav,3631,2,7,6,dog_bark
sound_3632.wav,3632,2,7,6,dog_bark
sound_3633.wav,3633,2,7,6,dog_bark
sound_3634.wav,3634,2,7,6,dog_bark
sound_3635.wav,3635,2,7,6,dog_bark
sound_3636.wav,3636,2,7,6,dog_bark
sound_3637.wav,3637,2,7,6,dog_bark
sound_3638.wav,3638,2,7,6,dog_bark
sound_3639.wav,3639,2,7,6,dog_bark
sound_3640.wav,3640,2,7,6,dog_bark
sound_3641.wav,3641,2,7,6,dog_bark
sound_3642.wav,3642,2,7,6,dog_bark
sound_3643.wav,3643,2,7,6,dog_bark
sound_3644.wav,3644,2,7,6,dog_bark
sound_3645.wav,3645,2,7,6,dog_bark
sound_3646.wav,3646,2,7,6,dog_bark
sound_3647.wav,3647,2,7,6,dog_bark
sound_3648.wav,3648,2,7,6,dog_bark
sound_3649.wav,3649,2,7,6,dog_bark
sound_3650.wav,3650,2,7,6,dog_bark
sound_3651.wav,3651,2,7,6,dog_bark
sound_3652.wav,3652,2,7,6,dog_bark
sound_3653.wav,3653,2,7,6,dog_bark
sound_3654.wav,3654,2,7,6,dog_bark
sound_3655.wav,3655,2,7,6,dog_bark
sound_3656.wav,3656,2,7,6,dog_bark
sound_3657.wav,3657,2,7,6,dog_bark
sound_3658.wav,3658,2,7,6,dog_bark
sound_3659.wav,3659,2,7,6,dog_bark
sound_3660.wav,3660,2,7,6,dog_bark
sound_3661.wav,3661,2,7,6,dog_bark
sound_3662.wav,3662,2,7,6,dog_bark
sound_3663.wav,3663,2,7,6,dog_bark
sound_3664.wav,3664,2,7,6,dog_bark
sound_3665.wav,3665,2,7,6,dog_bark
sound_3666.wav,3666,2,7,6,dog_bark
sound_3667.wav,3667,2,7,6,dog_bark
sound_3668.wav,3668,2,7,6,dog_bark
sound_3669.wav,3669,2,7,6,dog_bark
sound_3670.wav,3670,2,7,6,dog_bark
sound_3671.wav,3671,2,7,6,dog_bark
sound_3672.wav,3672,2,7,6,dog_bark
sound_3673.wav,3673,2,7,6,dog_bark
sound_3674.wav,3674,2,7,6,dog_bark
sound_3675.wav,3675,2,7,6,dog_bark
sound_3676.wav,3676,2,7,6,dog_bark
sound_3677.wav,3677,2,7,6,dog_bark
sound_3678.wav,3678,2,7,6,dog_bark
sound_3679.wav,3679,2,7,6,dog_bark
sound_3680.wav,3680,2,7,6,dog_bark
sound_3681.wav,3681,2,7,6,dog_bark
sound_3682.wav,3682,2,7,6,dog_bark
sound_3683.wav,3683,2,7,6,dog_bark
sound_3684.wav,3684,2,7,6,dog_bark
sound_3685.wav,3685,2,7,6,dog_bark
sound_3686.wav,3686,2,7,6,dog_bark
sound_3687.wav,3687,2,7,6,dog_bark
sound_3688.wav,3688,2,7,6,dog_bark
sound_3689.wav,3689,2,7,6,dog_bark
sound_3690.wav,3690,2,7,6,dog_bark
sound_3691.wav,3691,2,7,6,dog_bark
sound_3692.wav,3692,2,7,6,dog_bark
sound_3693.wav,3693,2,7,6,dog_bark
sound_3694.wav,3694,2,7,6,dog_bark
sound_3695.wav,3695,2,7,6,dog_bark
sound_3696.wav,3696,2,7,6,dog_bark
sound_3697.wav,3697,2,7,6,dog_bark
sound_3698.wav,3698,2,7,6,dog_bark
sound_3699.wav,3699,2,7,6,dog_bark
sound_3700.wav,3700,2,7,6,dog_bark
sound_3701.wav,3701,2,7,6,dog_bark
sound_3702.wav,3702,2,7,6,dog_bark
sound_3703.wav,3703,2,7,6,dog_bark
sound_3704.wav,3704,2,7,6,dog_bark
sound_3705.wav,3705,2,7,6,dog_bark
sound_3706.wav,3706,2,7,6,dog_bark
sound_3707.wav,3707,2,7,6,dog_bark
sound_3708.wav,3708,2,7,6,dog_bark
sound_3709.wav,3709,2,7,6,dog_bark
sound_3710.wav,3710,2,7,6,dog_bark
sound_3711.wav,3711,2,7,6,dog_bark
sound_3712.wav,3712,2,7,6,dog_bark
sound_3713.wav,3713,2,7,6,dog_bark
sound_3714.wav,3714,2,7,6,dog_bark
sound_3715.wav,3715,2,7,6,dog_bark
sound_3716.wav,3716,2,7,6,dog_bark
sound_3717.wav,3717,2,7,6,dog_bark
sound_3718.wav,3718,2,7,6,dog_bark
sound_3719.wav,3719,2,7,6,dog_bark
sound_3720.wav,3720,2,7,6,dog_bark
sound_3721.wav,3721,2,7,6,dog_bark
sound_3722.wav,3722,2,7,6,dog_bark
sound_3723.wav,3723,2,7,6,dog_bark
sound_3724.wav,3724,2,7,6,dog_bark
sound_3725.wav,3725,2,7,6,dog_bark
sound_3726.wav,3726,2,7,6,dog_bark
sound_3727.wav,3727,2,7,6,dog_bark
sound_3728.wav,3728,2,7,6,dog_bark
sound_3729.wav,3729,2,7,6,dog_bark
sound_3730.wav,3730,2,7,6,dog_bark
sound_3731.wav,3731,2,7,6,dog_bark
sound_3732.wav,3732,2,7,6,dog_bark
sound_3733.wav,3733,2,7,6,dog_bark
sound_3734.wav,3734,2,7,6,dog_bark
sound_3735.wav,3735,2,7,6,dog_bark
sound_3736.wav,3736,2,7,6,dog_bark
sound_3737.wav,3737,2,7,6,dog_bark
sound_3738.wav,3738,2,7,6,dog_bark
sound_3739.wav,3739,2,7,6,dog_bark
sound_3740.wav,3740,2,7,6,dog_bark
sound_3741.wav,3741,2,7,6,dog_bark
sound_3742.wav,3742,2,7,6,dog_bark
sound_3743.wav,3743,2,7,6,dog_bark
sound_3744.wav,3744,2,7,6,dog_bark
sound_3745.wav,3745,2,7,6,dog_bark
sound_3746.wav,3746,2,7,6,dog_bark
sound_3747.wav,3747,2,7,6,dog_bark
sound_3748.wav,3748,2,7,6,dog_bark
sound_3749.wav,3749,2,7,6,dog_bark
sound_3750.wav,3750,2,7,6,dog_bark
sound_3751.wav,3751,2,7,6,dog_bark
sound_3752.wav,3752,2,7,6,dog_bark
sound_3753.wav,3753,2,7,6,dog_bark
sound_3754.wav,3754,2,7,6,dog_bark
sound_3755.wav,3755,2,7,6,dog_bark
sound_3756.wav,3756,2,7,6,dog_bark
sound_3757.wav,3757,2,7,6,dog_bark
sound_3758.wav,3758,2,7,6,dog_bark
sound_3759.wav,3759,2,7,6,dog_bark
sound_3760.wav,3760,2,7,6,dog_bark
sound_3761.wav,3761,2,7,6,dog_bark
sound_3762.wav,3762,2,7,6,dog_bark
sound_3763.wav,3763,2,7,6,dog_bark
sound_3764.wav,3764,2,7,6,dog_bark
sound_3765.wav,3765,2,7,6,dog_bark
sound_3766.wav,3766,2,7,6,dog_bark
sound_3767.wav,3767,2,7,6,dog_bark
sound_3768.wav,3768,2,7,6,dog_bark
sound_3769.wav,3769,2,7,6,dog_bark
sound_3770.wav,3770,2,7,6,dog_bark
sound_3771.wav,3771,2,7,6,dog_bark
sound_3772.wav,3772,2,7,6,dog_bark
sound_3773.wav,3773,2,7,6,dog_bark
sound_3774.wav,3774,2,7,6,dog_bark
sound_3775.wav,3775,2,7,6,dog_bark
sound_3776.wav,3776,2,7,6,dog_bark
sound_3777.wav,3777,2,7,6,dog_bark
sound_3778.wav,3778,2,7,6,dog_bark
sound_3779.wav,3779,2,7,6,dog_bark
sound_3780.wav,3780,2,7,6,dog_bark
sound_3781.wav,3781,2,7,6,dog_bark
sound_3782.wav,3782,2,7,6,dog_bark
sound_3783.wav,3783,2,7,6,dog_bark
sound_3784.wav,3784,2,7,6,dog_bark
sound_3785.wav,3785,2,7,6,dog_bark
sound_3786.wav,3786,2,7,6,dog_bark
sound_3787.wav,3787,2,7,6,dog_bark
sound_3788.wav,3788,2,7,6,dog_bark
sound_3789.wav,3789,2,7,6,dog_bark
sound_3790.wav,3790,2,7,6,dog_bark
sound_3791.wav,3791,2,7,6,dog_bark
sound_3792.wav,3792,2,7,6,dog_bark
sound_3793.wav,3793,2,7,6,dog_bark
sound_3794.wav,3794,2,7,6,dog_bark
sound_3795.wav,3795,2,7,6,dog_bark
sound_3796.wav,3796,2,7,6,dog_bark
sound_3797.wav,3797,2,7,6,dog_bark
sound_3798.wav,3798,2,7,6,dog_bark
sound_3799.wav,3799,2,7,6,dog_bark
sound_3800.wav,3800,2,7,6,dog_bark
sound_3801.wav,3801,2,7,6,dog_bark
sound_3802.wav,3802,2,7,6,dog_bark
sound_3803.wav,3803,2,7,6,dog_bark
sound_3804.wav,3804,2,7,6,dog_bark
sound_3805.wav,3805,2,7,6,dog_bark
sound_3806.wav,3806,2,7,6,dog_bark
sound_3807.wav,3807,2,7,6,dog_bark
sound_3808.wav,3808,2,7,6,dog_bark
sound_3809.wav,3809,2,7,6,dog_bark
sound_3810.wav,3810,2,7,6,dog_bark
sound_3811.wav,3811,2,7,6,dog_bark
sound_3812.wav,3812,2,7,6,dog_bark
sound_3813.wav,3813,2,7,6,dog_bark
sound_3814.wav,3814,2,7,6,dog_bark
sound_3815.wav,3815,2,7,6,dog_bark
sound_3816.wav,3816,2,7,6,dog_bark
sound_3817.wav,3817,2,7,6,dog_bark
sound_3818.wav,3818,2,7,6,dog_bark
sound_3819.wav,3819,2,7,6,dog_bark
sound_3820.wav,3820,2,7,6,dog_bark
sound_3821.wav,3821,2,7,6,dog_bark
sound_3822.wav,3822,2,7,6,dog_bark
sound_3823.wav,3823,2,7,6,dog_bark
sound_3824.wav,3824,2,7,6,dog_bark
sound_3825.wav,3825,2,7,6,dog_bark
sound_3826.wav,3826,2,7,6,dog_bark
sound_3827.wav,3827,2,7,6,dog_bark
sound_3828.wav,3828,2,7,6,dog_bark
sound_3829.wav,3829,2,7,6,dog_bark
sound_3830.wav,3830,2,7,6,dog_bark
sound_3831.wav,3831,2,7,6,dog_bark
sound_3832.wav,3832,2,7,6,dog_bark
sound_3833.wav,3833,2,7,6,dog_bark
sound_3834.wav,3834,2,7,6,dog_bark
sound_3835.wav,3835,2,7,6,dog_bark
sound_3836.wav,3836,2,7,6,dog_bark
sound_3837.wav,3837,2,7,6,dog_bark
sound_3838.wav,3838,2,7,6,dog_bark
sound_3839.wav,3839,2,7,6,dog_bark
sound_3840.wav,3840,2,7,6,dog_bark
sound_3841.wav,3841,2,7,6,dog_bark
sound_3842.wav,3842,2,7,6,dog_bark
sound_3843.wav,3843,2,7,6,dog_bark
sound_3844.wav,3844,2,7,6,dog_bark
sound_3845.wav,3845,2,7,6,dog_bark
sound_3846.wav,3846,2,7,6,dog_bark
sound_3847.wav,3847,2,7,6,dog_bark
sound_3848.wav,3848,2,7,6,dog_bark
sound_3849.wav,3849,2,7,6,dog_bark
sound_3850.wav,3850,2,7,6,dog_bark
sound_3851.wav,3851,2,7,6,dog_bark
sound_3852.wav,3852,2,7,6,dog_bark
sound_3853.wav,3853,2,7,6,dog_bark
sound_3854.wav,3854,2,7,6,dog_bark
sound_3855.wav,3855,2,7,6,dog_bark
sound_3856.wav,3856,2,7,6,dog_bark
sound_3857.wav,3857,2,7,6,dog_bark
sound_3858.wav,3858,2,7,6,dog_bark
sound_3859.wav,3859,2,7,6,dog_bark
sound_3860.wav,3860,2,7,6,dog_bark
sound_3861.wav,3861,2,7,6,dog_bark
sound_3862.wav,3862,2,7,6,dog_bark
sound_3863.wav,3863,2,7,6,dog_bark
sound_3864.wav,3864,2,7,6,dog_bark
sound_3865.wav,3865,2,7,6,dog_bark
sound_3866.wav,3866,2,7,6,dog_bark
sound_3867.wav,3867,2,7,6,dog_bark
sound_3868.wav,3868,2,7,6,dog_bark
sound_3869.wav,3869,2,7,6,dog_bark
sound_3870.wav,3870,2,7,6,dog_bark
sound_3871.wav,3871,2,7,6,dog_bark
sound_3872.wav,3872,2,7,6,dog_bark
sound_3873.wav,3873,2,7,6,dog_bark
sound_3874.wav,3874,2,7,6,dog_bark
sound_3875.wav,3875,2,7,6,dog_bark
sound_3876.wav,3876,2,7,6,dog_bark
sound_3877.wav,3877,2,7,6,dog_bark
sound_3878.wav,3878,2,7,6,dog_bark
sound_3879.wav,3879,2,7,6,dog_bark
sound_3880.wav,3880,2,7,6,dog_bark
sound_3881.wav,3881,2,7,6,dog_bark
sound_3882.wav,3882,2,7,6,dog_bark
sound_3883.wav,3883,2,7,6,dog_bark
sound_3884.wav,3884,2,7,6,dog_bark
sound_3885.wav,3885,2,7,6,dog_bark
sound_3886.wav,3886,2,7,6,dog_bark
sound_3887.wav,3887,2,7,6,dog_bark
sound_3888.wav,3888,2,7,6,dog_bark
sound_3889.wav,3889,2,7,6,dog_bark
sound_3890.wav,3890,2,7,6,dog_bark
sound_3891.wav,3891,2,7,6,dog_bark
sound_3892.wav,3892,2,7,6,dog_bark
sound_3893.wav,3893,2,7,6,dog_bark
sound_3894.wav,3894,2,7,6,dog_bark
sound_3895.wav,3895,2,7,6,dog_bark
sound_3896.wav,3896,2,7,6,dog_bark
sound_3897.wav,3897,2,7,6,dog_bark
sound_3898.wav,3898,2,7,6,dog_bark
sound_3899.wav,3899,2,7,6,dog_bark
sound_3900.wav,3900,2,7,6,dog_bark
sound_3901.wav,3901,2,7,6,dog_bark
sound_3902.wav,3902,2,7,6,dog_bark
sound_3903.wav,3903,2,7,6,dog_bark
sound_3904.wav,3904,2,7,6,dog_bark
sound_3905.wav,3905,2,7,6,dog_bark
sound_3906.wav,3906,2,7,6,dog_bark
sound_3907.wav,3907,2,7,6,dog_bark
sound_3908.wav,3908,2,7,6,dog_bark
sound_3909.wav,3909,2,7,6,dog_bark
sound_3910.wav,3910,2,7,6,dog_bark
sound_3911.wav,3911,2,7,6,dog_bark
sound_3912.wav,3912,2,7,6,dog_bark
sound_3913.wav,3913,2,7,6,dog_bark
sound_3914.wav,3914,2,7,6,dog_bark
sound_3915.wav,3915,2,7,6,dog_bark
sound_3916.wav,3916,2,7,6,dog_bark
sound_3917.wav,3917,2,7,6,dog_bark
sound_3918.wav,3918,2,7,6,dog_bark
sound_3919.wav,3919,2,7,6,dog_bark
sound_3920.wav,3920,2,7,6,dog_bark
sound_3921.wav,3921,2,7,6,dog_bark
sound_3922.wav,3922,2,7,6,dog_bark
sound_3923.wav,3923,2,7,6,dog_bark
sound_3924.wav,3924,2,7,6,dog_bark
sound_3925.wav,3925,2,7,6,dog_bark
sound_3926.wav,3926,2,7,6,dog_bark
sound_3927.wav,3927,2,7,6,dog_bark
sound_3928.wav,3928,2,7,6,dog_bark
sound_3929.wav,3929,2,7,6,dog_bark
sound_3930.wav,3930,2,7,6,dog_bark
sound_3931.wav,3931,2,7,6,dog_bark
sound_3932.wav,3932,2,7,6,dog_bark
sound_3933.wav,3933,2,7,6,dog_bark
sound_3934.wav,3934,2,7,6,dog_bark
sound_3935.wav,3935,2,7,6,dog_bark
sound_3936.wav,3936,2,7,6,dog_bark
sound_3937.wav,3937,2,7,6,dog_bark
sound_3938.wav,3938,2,7,6,dog_bark
sound_3939.wav,3939,2,7,6,dog_bark
sound_3940.wav,3940,2,7,6,dog_bark
sound_3941.wav,3941,2,7,6,dog_bark
sound_3942.wav,3942,2,7,6,dog_bark
sound_3943.wav,3943,2,7,6,dog_bark
sound_3944.wav,3944,2,7,6,dog_bark
sound_3945.wav,3945,2,7,6,dog_bark
sound_3946.wav,3946,2,7,6,dog_bark
sound_3947.wav,3947,2,7,6,dog_bark
sound_3948.wav,3948,2,7,6,dog_bark
sound_3949.wav,3949,2,7,6,dog_bark
sound_3950.wav,3950,2,7,6,dog_bark
sound_3951.wav,3951,2,7,6,dog_bark
sound_3952.wav,3952,2,7,6,dog_bark
sound_3953.wav,3953,2,7,6,dog_bark
sound_3954.wav,3954,2,7,6,dog_bark
sound_3955.wav,3955,2,7,6,dog_bark
sound_3956.wav,3956,2,7,6,dog_bark
sound_3957.wav,3957,2,7,6,dog_bark
sound_3958.wav,3958,2,7,6,dog_bark
sound_3959.wav,3959,2,7,6,dog_bark
sound_3960.wav,3960,2,7,6,dog_bark
sound_3961.wav,3961,2,7,6,dog_bark
sound_3962.wav,3962,2,7,6,dog_bark
sound_3963.wav,3963,2,7,6,dog_bark
sound_3964.wav,3964,2,7,6,dog_bark
sound_3965.wav,3965,2,7,6,dog_bark
sound_3966.wav,3966,2,7,6,dog_bark
sound_3967.wav,3967,2,7,6,dog_bark
sound_3968.wav,3968,2,7,6,dog_bark
sound_3969.wav,3969,2,7,6,dog_bark
sound_3970.wav,3970,2,7,6,dog_bark
sound_3971.wav,3971,2,7,6,dog_bark
sound_3972.wav,3972,2,7,6,dog_bark
sound_3973.wav,3973,2,7,6,dog_bark
sound_3974.wav,3974,2,7,6,dog_bark
sound_3975.wav,3975,2,7,6,dog_bark
sound_3976.wav,3976,2,7,6,dog_bark
sound_3977.wav,3977,2,7,6,dog_bark
sound_3978.wav,3978,2,7,6,dog_bark
sound_3979.wav,3979,2,7,6,dog_bark
sound_3980.wav,3980,2,7,6,dog_bark
sound_3981.wav,3981,2,7,6,dog_bark
sound_3982.wav,3982,2,7,6,dog_bark
sound_3983.wav,3983,2,7,6,dog_bark
sound_3984.wav,3984,2,7,6,dog_bark
sound_3985.wav,3985,2,7,6,dog_bark
sound_3986.wav,3986,2,7,6,dog_bark
sound_3987.wav,3987,2,7,6,dog_bark
sound_3988.wav,3988,2,7,6,dog_bark
sound_3989.wav,3989,2,7,6,dog_bark
sound_3990.wav,3990,2,7,6,dog_bark
sound_3991.wav,3991,2,7,6,dog_bark
sound_3992.wav,3992,2,7,6,dog_bark
sound_3993.wav,3993,2,7,6,dog_bark
sound_3994.wav,3994,2,7,6,dog_bark
sound_3995.wav,3995,2,7,6,dog_bark
sound_3996.wav,3996,2,7,6,dog_bark
sound_3997.wav,3997,2,7,6,dog_bark
sound_3998.wav,3998,2,7,6,dog_bark
sound_3999.wav,3999,2,7,6,dog_bark
sound_4000.wav,4000,2,7,6,dog_bark
sound_4001.wav,4001,2,8,7,drilling
sound_4002.wav,4002,2,8,7,drilling
sound_4003.wav,4003,2,8,7,drilling
sound_4004.wav,4004,2,8,7,drilling
sound_4005.wav,4005,2,8,7,drilling
sound_4006.wav,4006,2,8,7,drilling
sound_4007.wav,4007,2,8,7,drilling
sound_4008.wav,4008,2,8,7,drilling
sound_4009.wav,4009,2,8,7,drilling
sound_4010.wav,4010,2,8,7,drilling
sound_4011.wav,4011,2,8,7,drilling
sound_4012.wav,4012,2,8,7,drilling
sound_4013.wav,4013,2,8,7,drilling
sound_4014.wav,4014,2,8,7,drilling
sound_4015.wav,4015,2,8,7,drilling
sound_4016.wav,4016,2,8,7,drilling
sound_4017.wav,4017,2,8,7,drilling
sound_4018.wav,4018,2,8,7,drilling
sound_4019.wav,4019,2,8,7,drilling
sound_4020.wav,4020,2,8,7,drilling
sound_4021.wav,4021,2,8,7,drilling
sound_4022.wav,4022,2,8,7,drilling
sound_4023.wav,4023,2,8,7,drilling
sound_4024.wav,4024,2,8,7,drilling
sound_4025.wav,4025,2,8,7,drilling
sound_4026.wav,4026,2,8,7,drilling
sound_4027.wav,4027,2,8,7,drilling
sound_4028.wav,4028,2,8,7,drilling
sound_4029.wav,4029,2,8,7,drilling
sound_4030.wav,4030,2,8,7,drilling
sound_4031.wav,4031,2,8,7,drilling
sound_4032.wav,4032,2,8,7,drilling
sound_4033.wav,4033,2,8,7,drilling
sound_4034.wav,4034,2,8,7,drilling
sound_4035.wav,4035,2,8,7,drilling
sound_4036.wav,4036,2,8,7,drilling
sound_4037.wav,4037,2,8,7,drilling
sound_4038.wav,4038,2,8,7,drilling
sound_4039.wav,4039,2,8,7,drilling
sound_4040.wav,4040,2,8,7,drilling
sound_4041.wav,4041,2,8,7,drilling
sound_4042.wav,4042,2,8,7,drilling
sound_4043.wav,4043,2,8,7,drilling
sound_4044.wav,4044,2,8,7,drilling
sound_4045.wav,4045,2,8,7,drilling
sound_4046.wav,4046,2,8,7,drilling
sound_4047.wav,4047,2,8,7,drilling
sound_4048.wav,4048,2,8,7,drilling
sound_4049.wav,4049,2,8,7,drilling
sound_4050.wav,4050,2,8,7,drilling
sound_4051.wav,4051,2,8,7,drilling
sound_4052.wav,4052,2,8,7,drilling
sound_4053.wav,4053,2,8,7,drilling
sound_4054.wav,4054,2,8,7,drilling
sound_4055.wav,4055,2,8,7,drilling
sound_4056.wav,4056,2,8,7,drilling
sound_4057.wav,4057,2,8,7,drilling
sound_4058.wav,4058,2,8,7,drilling
sound_4059.wav,4059,2,8,7,drilling
sound_4060.wav,4060,2,8,7,drilling
sound_4061.wav,4061,2,8,7,drilling
sound_4062.wav,4062,2,8,7,drilling
sound_4063.wav,4063,2,8,7,drilling
sound_4064.wav,4064,2,8,7,drilling
sound_4065.wav,4065,2,8,7,drilling
sound_4066.wav,4066,2,8,7,drilling
sound_4067.wav,4067,2,8,7,drilling
sound_4068.wav,4068,2,8,7,drilling
sound_4069.wav,4069,2,8,7,drilling
sound_4070.wav,4070,2,8,7,drilling
sound_4071.wav,4071,2,8,7,drilling
sound_4072.wav,4072,2,8,7,drilling
sound_4073.wav,4073,2,8,7,drilling
sound_4074.wav,4074,2,8,7,drilling
sound_4075.wav,4075,2,8,7,drilling
sound_4076.wav,4076,2,8,7,drilling
sound_4077.wav,4077,2,8,7,drilling
sound_4078.wav,4078,2,8,7,drilling
sound_4079.wav,4079,2,8,7,drilling
sound_4080.wav,4080,2,8,7,drilling
sound_4081.wav,4081,2,8,7,drilling
sound_4082.wav,4082,2,8,7,drilling
sound_4083.wav,4083,2,8,7,drilling
sound_4084.wav,4084,2,8,7,drilling
sound_4085.wav,4085,2,8,7,drilling
sound_4086.wav,4086,2,8,7,drilling
sound_4087.wav,4087,2,8,7,drilling
sound_4088.wav,4088,2,8,7,drilling
sound_4089.wav,4089,2,8,7,drilling
sound_4090.wav,4090,2,8,7,drilling
sound_4091.wav,4091,2,8,7,drilling
sound_4092.wav,4092,2,8,7,drilling
sound_4093.wav,4093,2,8,7,drilling
sound_4094.wav,4094,2,8,7,drilling
sound_4095.wav,4095,2,8,7,drilling
sound_4096.wav,4096,2,8,7,drilling
sound_4097.wav,4097,2,8,7,drilling
sound_4098.wav,4098,2,8,7,drilling
sound_4099.wav,4099,2,8,7,drilling
sound_4100.wav,4100,2,8,7,drilling
sound_4101.wav,4101,2,8,7,drilling
sound_4102.wav,4102,2,8,7,drilling
sound_4103.wav,4103,2,8,7,drilling
sound_4104.wav,4104,2,8,7,drilling
sound_4105.wav,4105,2,8,7,drilling
sound_4106.wav,4106,2,8,7,drilling
sound_4107.wav,4107,2,8,7,drilling
sound_4108.wav,4108,2,8,7,drilling
sound_4109.wav,4109,2,8,7,drilling
sound_4110.wav,4110,2,8,7,drilling
sound_4111.wav,4111,2,8,7,drilling
sound_4112.wav,4112,2,8,7,drilling
sound_4113.wav,4113,2,8,7,drilling
sound_4114.wav,4114,2,8,7,drilling
sound_4115.wav,4115,2,8,7,drilling
sound_4116.wav,4116,2,8,7,drilling
sound_4117.wav,4117,2,8,7,drilling
sound_4118.wav,4118,2,8,7,drilling
sound_4119.wav,4119,2,8,7,drilling
sound_4120.wav,4120,2,8,7,drilling
sound_4121.wav,4121,2,8,7,drilling
sound_4122.wav,4122,2,8,7,drilling
sound_4123.wav,4123,2,8,7,drilling
sound_4124.wav,4124,2,8,7,drilling
sound_4125.wav,4125,2,8,7,drilling
sound_4126.wav,4126,2,8,7,drilling
sound_4127.wav,4127,2,8,7,drilling
sound_4128.wav,4128,2,8,7,drilling
sound_4129.wav,4129,2,8,7,drilling
sound_4130.wav,4130,2,8,7,drilling
sound_4131.wav,4131,2,8,7,drilling
sound_4132.wav,4132,2,8,7,drilling
sound_4133.wav,4133,2,8,7,drilling
sound_4134.wav,4134,2,8,7,drilling
sound_4135.wav,4135,2,8,7,drilling
sound_4136.wav,4136,2,8,7,drilling
sound_4137.wav,4137,2,8,7,drilling
sound_4138.wav,4138,2,8,7,drilling
sound_4139.wav,4139,2,8,7,drilling
sound_4140.wav,4140,2,8,7,drilling
sound_4141.wav,4141,2,8,7,drilling
sound_4142.wav,4142,2,8,7,drilling
sound_4143.wav,4143,2,8,7,drilling
sound_4144.wav,4144,2,8,7,drilling
sound_4145.wav,4145,2,8,7,drilling
sound_4146.wav,4146,2,8,7,drilling
sound_4147.wav,4147,2,8,7,drilling
sound_4148.wav,4148,2,8,7,drilling
sound_4149.wav,4149,2,8,7,drilling
sound_4150.wav,4150,2,8,7,drilling
sound_4151.wav,4151,2,8,7,drilling
sound_4152.wav,4152,2,8,7,drilling
sound_4153.wav,4153,2,8,7,drilling
sound_4154.wav,4154,2,8,7,drilling
sound_4155.wav,4155,2,8,7,drilling
sound_4156.wav,4156,2,8,7,drilling
sound_4157.wav,4157,2,8,7,drilling
sound_4158.wav,4158,2,8,7,drilling
sound_4159.wav,4159,2,8,7,drilling
sound_4160.wav,4160,2,8,7,drilling
sound_4161.wav,4161,2,8,7,drilling
sound_4162.wav,4162,2,8,7,drilling
sound_4163.wav,4163,2,8,7,drilling
sound_4164.wav,4164,2,8,7,drilling
sound_4165.wav,4165,2,8,7,drilling
sound_4166.wav,4166,2,8,7,drilling
sound_4167.wav,4167,2,8,7,drilling
sound_4168.wav,4168,2,8,7,drilling
sound_4169.wav,4169,2,8,7,drilling
sound_4170.wav,4170,2,8,7,drilling
sound_4171.wav,4171,2,8,7,drilling
sound_4172.wav,4172,2,8,7,drilling
sound_4173.wav,4173,2,8,7,drilling
sound_4174.wav,4174,2,8,7,drilling
sound_4175.wav,4175,2,8,7,drilling
sound_4176.wav,4176,2,8,7,drilling
sound_4177.wav,4177,2,8,7,drilling
sound_4178.wav,4178,2,8,7,drilling
sound_4179.wav,4179,2,8,7,drilling
sound_4180.wav,4180,2,8,7,drilling
sound_4181.wav,4181,2,8,7,drilling
sound_4182.wav,4182,2,8,7,drilling
sound_4183.wav,4183,2,8,7,drilling
sound_4184.wav,4184,2,8,7,drilling
sound_4185.wav,4185,2,8,7,drilling
sound_4186.wav,4186,2,8,7,drilling
sound_4187.wav,4187,2,8,7,drilling
sound_4188.wav,4188,2,8,7,drilling
sound_4189.wav,4189,2,8,7,drilling
sound_4190.wav,4190,2,8,7,drilling
sound_4191.wav,4191,2,8,7,drilling
sound_4192.wav,4192,2,8,7,drilling
sound_4193.wav,4193,2,8,7,drilling
sound_4194.wav,4194,2,8,7,drilling
sound_4195.wav,4195,2,8,7,drilling
sound_4196.wav,4196,2,8,7,drilling
sound_4197.wav,4197,2,8,7,drilling
sound_4198.wav,4198,2,8,7,drilling
sound_4199.wav,4199,2,8,7,drilling
sound_4200.wav,4200,2,8,7,drilling
sound_4201.wav,4201,2,8,7,drilling
sound_4202.wav,4202,2,8,7,drilling
sound_4203.wav,4203,2,8,7,drilling
sound_4204.wav,4204,2,8,7,drilling
sound_4205.wav,4205,2,8,7,drilling
sound_4206.wav,4206,2,8,7,drilling
sound_4207.wav,4207,2,8,7,drilling
sound_4208.wav,4208,2,8,7,drilling
sound_4209.wav,4209,2,8,7,drilling
sound_4210.wav,4210,2,8,7,drilling
sound_4211.wav,4211,2,8,7,drilling
sound_4212.wav,4212,2,8,7,drilling
sound_4213.wav,4213,2,8,7,drilling
sound_4214.wav,4214,2,8,7,drilling
sound_4215.wav,4215,2,8,7,drilling
sound_4216.wav,4216,2,8,7,drilling
sound_4217.wav,4217,2,8,7,drilling
sound_4218.wav,4218,2,8,7,drilling
sound_4219.wav,4219,2,8,7,drilling
sound_4220.wav,4220,2,8,7,drilling
sound_4221.wav,4221,2,8,7,drilling
sound_4222.wav,4222,2,8,7,drilling
sound_4223.wav,4223,2,8,7,drilling
sound_4224.wav,4224,2,8,7,drilling
sound_4225.wav,4225,2,8,7,drilling
sound_4226.wav,4226,2,8,7,drilling
sound_4227.wav,4227,2,8,7,drilling
sound_4228.wav,4228,2,8,7,drilling
sound_4229.wav,4229,2,8,7,drilling
sound_4230.wav,4230,2,8,7,drilling
sound_4231.wav,4231,2,8,7,drilling
sound_4232.wav,4232,2,8,7,drilling
sound_4233.wav,4233,2,8,7,drilling
sound_4234.wav,4234,2,8,7,drilling
sound_4235.wav,4235,2,8,7,drilling
sound_4236.wav,4236,2,8,7,drilling
sound_4237.wav,4237,2,8,7,drilling
sound_4238.wav,4238,2,8,7,drilling
sound_4239.wav,4239,2,8,7,drilling
sound_4240.wav,4240,2,8,7,drilling
sound_4241.wav,4241,2,8,7,drilling
sound_4242.wav,4242,2,8,7,drilling
sound_4243.wav,4243,2,8,7,drilling
sound_4244.wav,4244,2,8,7,drilling
sound_4245.wav,4245,2,8,7,drilling
sound_4246.wav,4246,2,8,7,drilling
sound_4247.wav,4247,2,8,7,drilling
sound_4248.wav,4248,2,8,7,drilling
sound_4249.wav,4249,2,8,7,drilling
sound_4250.wav,4250,2,8,7,drilling
sound_4251.wav,4251,2,8,7,drilling
sound_4252.wav,4252,2,8,7,drilling
sound_4253.wav,4253,2,8,7,drilling
sound_4254.wav,4254,2,8,7,drilling
sound_4255.wav,4255,2,8,7,drilling
sound_4256.wav,4256,2,8,7,drilling
sound_4257.wav,4257,2,8,7,drilling
sound_4258.wav,4258,2,8,7,drilling
sound_4259.wav,4259,2,8,7,drilling
sound_4260.wav,4260,2,8,7,drilling
sound_4261.wav,4261,2,8,7,drilling
sound_4262.wav,4262,2,8,7,drilling
sound_4263.wav,4263,2,8,7,drilling
sound_4264.wav,4264,2,8,7,drilling
sound_4265.wav,4265,2,8,7,drilling
sound_4266.wav,4266,2,8,7,drilling
sound_4267.wav,4267,2,8,7,drilling
sound_4268.wav,4268,2,8,7,drilling
sound_4269.wav,4269,2,8,7,drilling
sound_4270.wav,4270,2,8,7,drilling
sound_4271.wav,4271,2,8,7,drilling
sound_4272.wav,4272,2,8,7,drilling
sound_4273.wav,4273,2,8,7,drilling
sound_4274.wav,4274,2,8,7,drilling
sound_4275.wav,4275,2,8,7,drilling
sound_4276.wav,4276,2,8,7,drilling
sound_4277.wav,4277,2,8,7,drilling
sound_4278.wav,4278,2,8,7,drilling
sound_4279.wav,4279,2,8,7,drilling
sound_4280.wav,4280,2,8,7,drilling
sound_4281.wav,4281,2,8,7,drilling
sound_4282.wav,4282,2,8,7,drilling
sound_4283.wav,4283,2,8,7,drilling
sound_4284.wav,4284,2,8,7,drilling
sound_4285.wav,4285,2,8,7,drilling
sound_4286.wav,4286,2,8,7,drilling
sound_4287.wav,4287,2,8,7,drilling
sound_4288.wav,4288,2,8,7,drilling
sound_4289.wav,4289,2,8,7,drilling
sound_4290.wav,4290,2,8,7,drilling
sound_4291.wav,4291,2,8,7,drilling
sound_4292.wav,4292,2,8,7,drilling
sound_4293.wav,4293,2,8,7,drilling
sound_4294.wav,4294,2,8,7,drilling
sound_4295.wav,4295,2,8,7,drilling
sound_4296.wav,4296,2,8,7,drilling
sound_4297.wav,4297,2,8,7,drilling
sound_4298.wav,4298,2,8,7,drilling
sound_4299.wav,4299,2,8,7,drilling
sound_4300.wav,4300,2,8,7,drilling
sound_4301.wav,4301,2,8,7,drilling
sound_4302.wav,4302,2,8,7,drilling
sound_4303.wav,4303,2,8,7,drilling
sound_4304.wav,4304,2,8,7,drilling
sound_4305.wav,4305,2,8,7,drilling
sound_4306.wav,4306,2,8,7,drilling
sound_4307.wav,4307,2,8,7,drilling
sound_4308.wav,4308,2,8,7,drilling
sound_4309.wav,4309,2,8,7,drilling
sound_4310.wav,4310,2,8,7,drilling
sound_4311.wav,4311,2,8,7,drilling
sound_4312.wav,4312,2,8,7,drilling
sound_4313.wav,4313,2,8,7,drilling
sound_4314.wav,4314,2,8,7,drilling
sound_4315.wav,4315,2,8,7,drilling
sound_4316.wav,4316,2,8,7,drilling
sound_4317.wav,4317,2,8,7,drilling
sound_4318.wav,4318,2,8,7,drilling
sound_4319.wav,4319,2,8,7,drilling
sound_4320.wav,4320,2,8,7,drilling
sound_4321.wav,4321,2,8,7,drilling
sound_4322.wav,4322,2,8,7,drilling
sound_4323.wav,4323,2,8,7,drilling
sound_4324.wav,4324,2,8,7,drilling
sound_4325.wav,4325,2,8,7,drilling
sound_4326.wav,4326,2,8,7,drilling
sound_4327.wav,4327,2,8,7,drilling
sound_4328.wav,4328,2,8,7,drilling
sound_4329.wav,4329,2,8,7,drilling
sound_4330.wav,4330,2,8,7,drilling
sound_4331.wav,4331,2,8,7,drilling
sound_4332.wav,4332,2,8,7,drilling
sound_4333.wav,4333,2,8,7,drilling
sound_4334.wav,4334,2,8,7,drilling
sound_4335.wav,4335,2,8,7,drilling
sound_4336.wav,4336,2,8,7,drilling
sound_4337.wav,4337,2,8,7,drilling
sound_4338.wav,4338,2,8,7,drilling
sound_4339.wav,4339,2,8,7,drilling
sound_4340.wav,4340,2,8,7,drilling
sound_4341.wav,4341,2,8,7,drilling
sound_4342.wav,4342,2,8,7,drilling
sound_4343.wav,4343,2,8,7,drilling
sound_4344.wav,4344,2,8,7,drilling
sound_4345.wav,4345,2,8,7,drilling
sound_4346.wav,4346,2,8,7,drilling
sound_4347.wav,4347,2,8,7,drilling
sound_4348.wav,4348,2,8,7,drilling
sound_4349.wav,4349,2,8,7,drilling
sound_4350.wav,4350,2,8,7,drilling
sound_4351.wav,4351,2,8,7,drilling
sound_4352.wav,4352,2,8,7,drilling
sound_4353.wav,4353,2,8,7,drilling
sound_4354.wav,4354,2,8,7,drilling
sound_4355.wav,4355,2,8,7,drilling
sound_4356.wav,4356,2,8,7,drilling
sound_4357.wav,4357,2,8,7,drilling
sound_4358.wav,4358,2,8,7,drilling
sound_4359.wav,4359,2,8,7,drilling
sound_4360.wav,4360,2,8,7,drilling
sound_4361.wav,4361,2,8,7,drilling
sound_4362.wav,4362,2,8,7,drilling
sound_4363.wav,4363,2,8,7,drilling
sound_4364.wav,4364,2,8,7,drilling
sound_4365.wav,4365,2,8,7,drilling
sound_4366.wav,4366,2,8,7,drilling
sound_4367.wav,4367,2,8,7,drilling
sound_4368.wav,4368,2,8,7,drilling
sound_4369.wav,4369,2,8,7,drilling
sound_4370.wav,4370,2,8,7,drilling
sound_4371.wav,4371,2,8,7,drilling
sound_4372.wav,4372,2,8,7,drilling
sound_4373.wav,4373,2,8,7,drilling
sound_4374.wav,4374,2,8,7,drilling
sound_4375.wav,4375,2,8,7,drilling
sound_4376.wav,4376,2,8,7,drilling
sound_4377.wav,4377,2,8,7,drilling
sound_4378.wav,4378,2,8,7,drilling
sound_4379.wav,4379,2,8,7,drilling
sound_4380.wav,4380,2,8,7,drilling
sound_4381.wav,4381,2,8,7,drilling
sound_4382.wav,4382,2,8,7,drilling
sound_4383.wav,4383,2,8,7,drilling
sound_4384.wav,4384,2,8,7,drilling
sound_4385.wav,4385,2,8,7,drilling
sound_4386.wav,4386,2,8,7,drilling
sound_4387.wav,4387,2,8,7,drilling
sound_4388.wav,4388,2,8,7,drilling
sound_4389.wav,4389,2,8,7,drilling
sound_4390.wav,4390,2,8,7,drilling
sound_4391.wav,4391,2,8,7,drilling
sound_4392.wav,4392,2,8,7,drilling
sound_4393.wav,4393,2,8,7,drilling
sound_4394.wav,4394,2,8,7,drilling
sound_4395.wav,4395,2,8,7,drilling
sound_4396.wav,4396,2,8,7,drilling
sound_4397.wav,4397,2,8,7,drilling
sound_4398.wav,4398,2,8,7,drilling
sound_4399.wav,4399,2,8,7,drilling
sound_4400.wav,4400,2,8,7,drilling
sound_4401.wav,4401,2,8,7,drilling
sound_4402.wav,4402,2,8,7,drilling
sound_4403.wav,4403,2,8,7,drilling
sound_4404.wav,4404,2,8,7,drilling
sound_4405.wav,4405,2,8,7,drilling
sound_4406.wav,4406,2,8,7,drilling
sound_4407.wav,4407,2,8,7,drilling
sound_4408.wav,4408,2,8,7,drilling
sound_4409.wav,4409,2,8,7,drilling
sound_4410.wav,4410,2,8,7,drilling
sound_4411.wav,4411,2,8,7,drilling
sound_4412.wav,4412,2,8,7,drilling
sound_4413.wav,4413,2,8,7,drilling
sound_4414.wav,4414,2,8,7,drilling
sound_4415.wav,4415,2,8,7,drilling
sound_4416.wav,4416,2,8,7,drilling
sound_4417.wav,4417,2,8,7,drilling
sound_4418.wav,4418,2,8,7,drilling
sound_4419.wav,4419,2,8,7,drilling
sound_4420.wav,4420,2,8,7,drilling
sound_4421.wav,4421,2,8,7,drilling
sound_4422.wav,4422,2,8,7,drilling
sound_4423.wav,4423,2,8,7,drilling
sound_4424.wav,4424,2,8,7,drilling
sound_4425.wav,4425,2,8,7,drilling
sound_4426.wav,4426,2,8,7,drilling
sound_4427.wav,4427,2,8,7,drilling
sound_4428.wav,4428,2,8,7,drilling
sound_4429.wav,4429,2,8,7,drilling
sound_4430.wav,4430,2,8,7,drilling
sound_4431.wav,4431,2,8,7,drilling
sound_4432.wav,4432,2,8,7,drilling
sound_4433.wav,4433,2,8,7,drilling
sound_4434.wav,4434,2,8,7,drilling
sound_4435.wav,4435,2,8,7,drilling
sound_4436.wav,4436,2,8,7,drilling
sound_4437.wav,4437,2,8,7,drilling
sound_4438.wav,4438,2,8,7,drilling
sound_4439.wav,4439,2,8,7,drilling
sound_4440.wav,4440,2,8,7,drilling
sound_4441.wav,4441,2,8,7,drilling
sound_4442.wav,4442,2,8,7,drilling
sound_4443.wav,4443,2,8,7,drilling
sound_4444.wav,4444,2,8,7,drilling
sound_4445.wav,4445,2,8,7,drilling
sound_4446.wav,4446,2,8,7,drilling
sound_4447.wav,4447,2,8,7,drilling
sound_4448.wav,4448,2,8,7,drilling
sound_4449.wav,4449,2,8,7,drilling
sound_4450.wav,4450,2,8,7,drilling
sound_4451.wav,4451,2,8,7,drilling
sound_4452.wav,4452,2,8,7,drilling
sound_4453.wav,4453,2,8,7,drilling
sound_4454.wav,4454,2,8,7,drilling
sound_4455.wav,4455,2,8,7,drilling
sound_4456.wav,4456,2,8,7,drilling
sound_4457.wav,4457,2,8,7,drilling
sound_4458.wav,4458,2,8,7,drilling
sound_4459.wav,4459,2,8,7,drilling
sound_4460.wav,4460,2,8,7,drilling
sound_4461.wav,4461,2,8,7,drilling
sound_4462.wav,4462,2,8,7,drilling
sound_4463.wav,4463,2,8,7,drilling
sound_4464.wav,4464,2,8,7,drilling
sound_4465.wav,4465,2,8,7,drilling
sound_4466.wav,4466,2,8,7,drilling
sound_4467.wav,4467,2,8,7,drilling
sound_4468.wav,4468,2,8,7,drilling
sound_4469.wav,4469,2,8,7,drilling
sound_4470.wav,4470,2,8,7,drilling
sound_4471.wav,4471,2,8,7,drilling
sound_4472.wav,4472,2,8,7,drilling
sound_4473.wav,4473,2,8,7,drilling
sound_4474.wav,4474,2,8,7,drilling
sound_4475.wav,4475,2,8,7,drilling
sound_4476.wav,4476,2,8,7,drilling
sound_4477.wav,4477,2,8,7,drilling
sound_4478.wav,4478,2,8,7,drilling
sound_4479.wav,4479,2,8,7,drilling
sound_4480.wav,4480,2,8,7,drilling
sound_4481.wav,4481,2,8,7,drilling
sound_4482.wav,4482,2,8,7,drilling
sound_4483.wav,4483,2,8,7,drilling
sound_4484.wav,4484,2,8,7,drilling
sound_4485.wav,4485,2,8,7,drilling
sound_4486.wav,4486,2,8,7,drilling
sound_4487.wav,4487,2,8,7,drilling
sound_4488.wav,4488,2,8,7,drilling
sound_4489.wav,4489,2,8,7,drilling
sound_4490.wav,4490,2,8,7,drilling
sound_4491.wav,4491,2,8,7,drilling
sound_4492.wav,4492,2,8,7,drilling
sound_4493.wav,4493,2,8,7,drilling
sound_4494.wav,4494,2,8,7,drilling
sound_4495.wav,4495,2,8,7,drilling
sound_4496.wav,4496,2,8,7,drilling
sound_4497.wav,4497,2,8,7,drilling
sound_4498.wav,4498,2,8,7,drilling
sound_4499.wav,4499,2,8,7,drilling
sound_4500.wav,4500,2,8,7,drilling
sound_4501.wav,4501,2,8,7,drilling
sound_4502.wav,4502,2,8,7,drilling
sound_4503.wav,4503,2,8,7,drilling
sound_4504.wav,4504,2,8,7,drilling
sound_4505.wav,4505,2,8,7,drilling
sound_4506.wav,4506,2,8,7,drilling
sound_4507.wav,4507,2,8,7,drilling
sound_4508.wav,4508,2,8,7,drilling
sound_4509.wav,4509,2,8,7,drilling
sound_4510.wav,4510,2,8,7,drilling
sound_4511.wav,4511,2,8,7,drilling
sound_4512.wav,4512,2,8,7,drilling
sound_4513.wav,4513,2,8,7,drilling
sound_4514.wav,4514,2,8,7,drilling
sound_4515.wav,4515,2,8,7,drilling
sound_4516.wav,4516,2,8,7,drilling
sound_4517.wav,4517,2,8,7,drilling
sound_4518.wav,4518,2,8,7,drilling
sound_4519.wav,4519,2,8,7,drilling
sound_4520.wav,4520,2,8,7,drilling
sound_4521.wav,4521,2,8,7,drilling
sound_4522.wav,4522,2,8,7,drilling
sound_4523.wav,4523,2,8,7,drilling
sound_4524.wav,4524,2,8,7,drilling
sound_4525.wav,4525,2,8,7,drilling
sound_4526.wav,4526,2,8,7,drilling
sound_4527.wav,4527,2,8,7,drilling
sound_4528.wav,4528,2,8,7,drilling
sound_4529.wav,4529,2,8,7,drilling
sound_4530.wav,4530,2,8,7,drilling
sound_4531.wav,4531,2,8,7,drilling
sound_4532.wav,4532,2,8,7,drilling
sound_4533.wav,4533,2,8,7,drilling
sound_4534.wav,4534,2,8,7,drilling
sound_4535.wav,4535,2,8,7,drilling
sound_4536.wav,4536,2,8,7,drilling
sound_4537.wav,4537,2,8,7,drilling
sound_4538.wav,4538,2,8,7,drilling
sound_4539.wav,4539,2,8,7,drilling
sound_4540.wav,4540,2,8,7,drilling
sound_4541.wav,4541,2,8,7,drilling
sound_4542.wav,4542,2,8,7,drilling
sound_4543.wav,4543,2,8,7,drilling
sound_4544.wav,4544,2,8,7,drilling
sound_4545.wav,4545,2,8,7,drilling
sound_4546.wav,4546,2,8,7,drilling
sound_4547.wav,4547,2,8,7,drilling
sound_4548.wav,4548,2,8,7,drilling
sound_4549.wav,4549,2,8,7,drilling
sound_4550.wav,4550,2,8,7,drilling
sound_4551.wav,4551,2,8,7,drilling
sound_4552.wav,4552,2,8,7,drilling
sound_4553.wav,4553,2,8,7,drilling
sound_4554.wav,4554,2,8,7,drilling
sound_4555.wav,4555,2,8,7,drilling
sound_4556.wav,4556,2,8,7,drilling
sound_4557.wav,4557,2,8,7,drilling
sound_4558.wav,4558,2,8,7,drilling
sound_4559.wav,4559,2,8,7,drilling
sound_4560.wav,4560,2,8,7,drilling
sound_4561.wav,4561,2,8,7,drilling
sound_4562.wav,4562,2,8,7,drilling
sound_4563.wav,4563,2,8,7,drilling
sound_4564.wav,4564,2,8,7,drilling
sound_4565.wav,4565,2,8,7,drilling
sound_4566.wav,4566,2,8,7,drilling
sound_4567.wav,4567,2,8,7,drilling
sound_4568.wav,4568,2,8,7,drilling
sound_4569.wav,4569,2,8,7,drilling
sound_4570.wav,4570,2,8,7,drilling
sound_4571.wav,4571,2,8,7,drilling
sound_4572.wav,4572,2,8,7,drilling
sound_4573.wav,4573,2,8,7,drilling
sound_4574.wav,4574,2,8,7,drilling
sound_4575.wav,4575,2,8,7,drilling
sound_4576.wav,4576,2,8,7,drilling
sound_4577.wav,4577,2,8,7,drilling
sound_4578.wav,4578,2,8,7,drilling
sound_4579.wav,4579,2,8,7,drilling
sound_4580.wav,4580,2,8,7,drilling
sound_4581.wav,4581,2,8,7,drilling
sound_4582.wav,4582,2,8,7,drilling
sound_4583.wav,4583,2,8,7,drilling
sound_4584.wav,4584,2,8,7,drilling
sound_4585.wav,4585,2,8,7,drilling
sound_4586.wav,4586,2,8,7,drilling
sound_4587.wav,4587,2,8,7,drilling
sound_4588.wav,4588,2,8,7,drilling
sound_4589.wav,4589,2,8,7,drilling
sound_4590.wav,4590,2,8,7,drilling
sound_4591.wav,4591,2,8,7,drilling
sound_4592.wav,4592,2,8,7,drilling
sound_4593.wav,4593,2,8,7,drilling
sound_4594.wav,4594,2,8,7,drilling
sound_4595.wav,4595,2,8,7,drilling
sound_4596.wav,4596,2,8,7,drilling
sound_4597.wav,4597,2,8,7,drilling
sound_4598.wav,4598,2,8,7,drilling
sound_4599.wav,4599,2,8,7,drilling
sound_4600.wav,4600,2,8,7,drilling
sound_4601.wav,4601,2,8,7,drilling
sound_4602.wav,4602,2,8,7,drilling
sound_4603.wav,4603,2,8,7,drilling
sound_4604.wav,4604,2,8,7,drilling
sound_4605.wav,4605,2,8,7,drilling
sound_4606.wav,4606,2,8,7,drilling
sound_4607.wav,4607,2,8,7,drilling
sound_4608.wav,4608,2,8,7,drilling
sound_4609.wav,4609,2,8,7,drilling
sound_4610.wav,4610,2,8,7,drilling
sound_4611.wav,4611,2,8,7,drilling
sound_4612.wav,4612,2,8,7,drilling
sound_4613.wav,4613,2,8,7,drilling
sound_4614.wav,4614,2,8,7,drilling
sound_4615.wav,4615,2,8,7,drilling
sound_4616.wav,4616,2,8,7,drilling
sound_4617.wav,4617,2,8,7,drilling
sound_4618.wav,4618,2,8,7,drilling
sound_4619.wav,4619,2,8,7,drilling
sound_4620.wav,4620,2,8,7,drilling
sound_4621.wav,4621,2,8,7,drilling
sound_4622.wav,4622,2,8,7,drilling
sound_4623.wav,4623,2,8,7,drilling
sound_4624.wav,4624,2,8,7,drilling
sound_4625.wav,4625,2,8,7,drilling
sound_4626.wav,4626,2,8,7,drilling
sound_4627.wav,4627,2,8,7,drilling
sound_4628.wav,4628,2,8,7,drilling
sound_4629.wav,4629,2,8,7,drilling
sound_4630.wav,4630,2,8,7,drilling
sound_4631.wav,4631,2,8,7,drilling
sound_4632.wav,4632,2,8,7,drilling
sound_4633.wav,4633,2,8,7,drilling
sound_4634.wav,4634,2,8,7,drilling
sound_4635.wav,4635,2,8,7,drilling
sound_4636.wav,4636,2,8,7,drilling
sound_4637.wav,4637,2,8,7,drilling
sound_4638.wav,4638,2,8,7,drilling
sound_4639.wav,4639,2,8,7,drilling
sound_4640.wav,4640,2,8,7,drilling
sound_4641.wav,4641,2,8,7,drilling
sound_4642.wav,4642,2,8,7,drilling
sound_4643.wav,4643,2,8,7,drilling
sound_4644.wav,4644,2,8,7,drilling
sound_4645.wav,4645,2,8,7,drilling
sound_4646.wav,4646,2,8,7,drilling
sound_4647.wav,4647,2,8,7,drilling
sound_4648.wav,4648,2,8,7,drilling
sound_4649.wav,4649,2,8,7,drilling
sound_4650.wav,4650,2,8,7,drilling
sound_4651.wav,4651,2,8,7,drilling
sound_4652.wav,4652,2,8,7,drilling
sound_4653.wav,4653,2,8,7,drilling
sound_4654.wav,4654,2,8,7,drilling
sound_4655.wav,4655,2,8,7,drilling
sound_4656.wav,4656,2,8,7,drilling
sound_4657.wav,4657,2,8,7,drilling
sound_4658.wav,4658,2,8,7,drilling
sound_4659.wav,4659,2,8,7,drilling
sound_4660.wav,4660,2,8,7,drilling
sound_4661.wav,4661,2,8,7,drilling
sound_4662.wav,4662,2,8,7,drilling
sound_4663.wav,4663,2,8,7,drilling
sound_4664.wav,4664,2,8,7,drilling
sound_4665.wav,4665,2,8,7,drilling
sound_4666.wav,4666,2,8,7,drilling
sound_4667.wav,4667,2,8,7,drilling
sound_4668.wav,4668,2,8,7,drilling
sound_4669.wav,4669,2,8,7,drilling
sound_4670.wav,4670,2,8,7,drilling
sound_4671.wav,4671,2,8,7,drilling
sound_4672.wav,4672,2,8,7,drilling
sound_4673.wav,4673,2,8,7,drilling
sound_4674.wav,4674,2,8,7,drilling
sound_4675.wav,4675,2,8,7,drilling
sound_4676.wav,4676,2,8,7,drilling
sound_4677.wav,4677,2,8,7,drilling
sound_4678.wav,4678,2,8,7,drilling
sound_4679.wav,4679,2,8,7,drilling
sound_4680.wav,4680,2,8,7,drilling
sound_4681.wav,4681,2,8,7,drilling
sound_4682.wav,4682,2,8,7,drilling
sound_4683.wav,4683,2,8,7,drilling
sound_4684.wav,4684,2,8,7,drilling
sound_4685.wav,4685,2,8,7,drilling
sound_4686.wav,4686,2,8,7,drilling
sound_4687.wav,4687,2,8,7,drilling
sound_4688.wav,4688,2,8,7,drilling
sound_4689.wav,4689,2,8,7,drilling
sound_4690.wav,4690,2,8,7,drilling
sound_4691.wav,4691,2,8,7,drilling
sound_4692.wav,4692,2,8,7,drilling
sound_4693.wav,4693,2,8,7,drilling
sound_4694.wav,4694,2,8,7,drilling
sound_4695.wav,4695,2,8,7,drilling
sound_4696.wav,4696,2,8,7,drilling
sound_4697.wav,4697,2,8,7,drilling
sound_4698.wav,4698,2,8,7,drilling
sound_4699.wav,4699,2,8,7,drilling
sound_4700.wav,4700,2,8,7,drilling
sound_4701.wav,4701,2,8,7,drilling
sound_4702.wav,4702,2,8,7,drilling
sound_4703.wav,4703,2,8,7,drilling
sound_4704.wav,4704,2,8,7,drilling
sound_4705.wav,4705,2,8,7,drilling
sound_4706.wav,4706,2,8,7,drilling
sound_4707.wav,4707,2,8,7,drilling
sound_4708.wav,4708,2,8,7,drilling
sound_4709.wav,4709,2,8,7,drilling
sound_4710.wav,4710,2,8,7,drilling
sound_4711.wav,4711,2,8,7,drilling
sound_4712.wav,4712,2,8,7,drilling
sound_4713.wav,4713,2,8,7,drilling
sound_4714.wav,4714,2,8,7,drilling
sound_4715.wav,4715,2,8,7,drilling
sound_4716.wav,4716,2,8,7,drilling
sound_4717.wav,4717,2,8,7,drilling
sound_4718.wav,4718,2,8,7,drilling
sound_4719.wav,4719,2,8,7,drilling
sound_4720.wav,4720,2,8,7,drilling
sound_4721.wav,4721,2,8,7,drilling
sound_4722.wav,4722,2,8,7,drilling
sound_4723.wav,4723,2,8,7,drilling
sound_4724.wav,4724,2,8,7,drilling
sound_4725.wav,4725,2,8,7,drilling
sound_4726.wav,4726,2,8,7,drilling
sound_4727.wav,4727,2,8,7,drilling
sound_4728.wav,4728,2,8,7,drilling
sound_4729.wav,4729,2,8,7,drilling
sound_4730.wav,4730,2,8,7,drilling
sound_4731.wav,4731,2,8,7,drilling
sound_4732.wav,4732,2,8,7,drilling
sound_4733.wav,4733,2,8,7,drilling
sound_4734.wav,4734,2,8,7,drilling
sound_4735.wav,4735,2,8,7,drilling
sound_4736.wav,4736,2,8,7,drilling
sound_4737.wav,4737,2,8,7,drilling
sound_4738.wav,4738,2,8,7,drilling
sound_4739.wav,4739,2,8,7,drilling
sound_4740.wav,4740,2,8,7,drilling
sound_4741.wav,4741,2,8,7,drilling
sound_4742.wav,4742,2,8,7,drilling
sound_4743.wav,4743,2,8,7,drilling
sound_4744.wav,4744,2,8,7,drilling
sound_4745.wav,4745,2,8,7,drilling
sound_4746.wav,4746,2,8,7,drilling
sound_4747.wav,4747,2,8,7,drilling
sound_4748.wav,4748,2,8,7,drilling
sound_4749.wav,4749,2,8,7,drilling
sound_4750.wav,4750,2,8,7,drilling
sound_4751.wav,4751,2,8,7,drilling
sound_4752.wav,4752,2,8,7,drilling
sound_4753.wav,4753,2,8,7,drilling
sound_4754.wav,4754,2,8,7,drilling
sound_4755.wav,4755,2,8,7,drilling
sound_4756.wav,4756,2,8,7,drilling
sound_4757.wav,4757,2,8,7,drilling
sound_4758.wav,4758,2,8,7,drilling
sound_4759.wav,4759,2,8,7,drilling
sound_4760.wav,4760,2,8,7,drilling
sound_4761.wav,4761,2,8,7,drilling
sound_4762.wav,4762,2,8,7,drilling
sound_4763.wav,4763,2,8,7,drilling
sound_4764.wav,4764,2,8,7,drilling
sound_4765.wav,4765,2,8,7,drilling
sound_4766.wav,4766,2,8,7,drilling
sound_4767.wav,4767,2,8,7,drilling
sound_4768.wav,4768,2,8,7,drilling
sound_4769.wav,4769,2,8,7,drilling
sound_4770.wav,4770,2,8,7,drilling
sound_4771.wav,4771,2,8,7,drilling
sound_4772.wav,4772,2,8,7,drilling
sound_4773.wav,4773,2,8,7,drilling
sound_4774.wav,4774,2,8,7,drilling
sound_4775.wav,4775,2,8,7,drilling
sound_4776.wav,4776,2,8,7,drilling
sound_4777.wav,4777,2,8,7,drilling
sound_4778.wav,4778,2,8,7,drilling
sound_4779.wav,4779,2,8,7,drilling
sound_4780.wav,4780,2,8,7,drilling
sound_4781.wav,4781,2,8,7,drilling
sound_4782.wav,4782,2,8,7,drilling
sound_4783.wav,4783,2,8,7,drilling
sound_4784.wav,4784,2,8,7,drilling
sound_4785.wav,4785,2,8,7,drilling
sound_4786.wav,4786,2,8,7,drilling
sound_4787.wav,4787,2,8,7,drilling
sound_4788.wav,4788,2,8,7,drilling
sound_4789.wav,4789,2,8,7,drilling
sound_4790.wav,4790,2,8,7,drilling
sound_4791.wav,4791,2,8,7,drilling
sound_4792.wav,4792,2,8,7,drilling
sound_4793.wav,4793,2,8,7,drilling
sound_4794.wav,4794,2,8,7,drilling
sound_4795.wav,4795,2,8,7,drilling
sound_4796.wav,4796,2,8,7,drilling
sound_4797.wav,4797,2,8,7,drilling
sound_4798.wav,4798,2,8,7,drilling
sound_4799.wav,4799,2,8,7,drilling
sound_4800.wav,4800,2,8,7,drilling
sound_4801.wav,4801,2,8,7,drilling
sound_4802.wav,4802,2,8,7,drilling
sound_4803.wav,4803,2,8,7,drilling
sound_4804.wav,4804,2,8,7,drilling
sound_4805.wav,4805,2,8,7,drilling
sound_4806.wav,4806,2,8,7,drilling
sound_4807.wav,4807,2,8,7,drilling
sound_4808.wav,4808,2,8,7,drilling
sound_4809.wav,4809,2,8,7,drilling
sound_4810.wav,4810,2,8,7,drilling
sound_4811.wav,4811,2,8,7,drilling
sound_4812.wav,4812,2,8,7,drilling
sound_4813.wav,4813,2,8,7,drilling
sound_4814.wav,4814,2,8,7,drilling
sound_4815.wav,4815,2,8,7,drilling
sound_4816.wav,4816,2,8,7,drilling
sound_4817.wav,4817,2,8,7,drilling
sound_4818.wav,4818,2,8,7,drilling
sound_4819.wav,4819,2,8,7,drilling
sound_4820.wav,4820,2,8,7,drilling
sound_4821.wav,4821,2,8,7,drilling
sound_4822.wav,4822,2,8,7,drilling
sound_4823.wav,4823,2,8,7,drilling
sound_4824.wav,4824,2,8,7,drilling
sound_4825.wav,4825,2,8,7,drilling
sound_4826.wav,4826,2,8,7,drilling
sound_4827.wav,4827,2,8,7,drilling
sound_4828.wav,4828,2,8,7,drilling
sound_4829.wav,4829,2,8,7,drilling
sound_4830.wav,4830,2,8,7,drilling
sound_4831.wav,4831,2,8,7,drilling
sound_4832.wav,4832,2,8,7,drilling
sound_4833.wav,4833,2,8,7,drilling
sound_4834.wav,4834,2,8,7,drilling
sound_4835.wav,4835,2,8,7,drilling
sound_4836.wav,4836,2,8,7,drilling
sound_4837.wav,4837,2,8,7,drilling
sound_4838.wav,4838,2,8,7,drilling
sound_4839.wav,4839,2,8,7,drilling
sound_4840.wav,4840,2,8,7,drilling
sound_4841.wav,4841,2,8,7,drilling
sound_4842.wav,4842,2,8,7,drilling
sound_4843.wav,4843,2,8,7,drilling
sound_4844.wav,4844,2,8,7,drilling
sound_4845.wav,4845,2,8,7,drilling
sound_4846.wav,4846,2,8,7,drilling
sound_4847.wav,4847,2,8,7,drilling
sound_4848.wav,4848,2,8,7,drilling
sound_4849.wav,4849,2,8,7,drilling
sound_4850.wav,4850,2,8,7,drilling
sound_4851.wav,4851,2,8,7,drilling
sound_4852.wav,4852,2,8,7,drilling
sound_4853.wav,4853,2,8,7,drilling
sound_4854.wav,4854,2,8,7,drilling
sound_4855.wav,4855,2,8,7,drilling
sound_4856.wav,4856,2,8,7,drilling
sound_4857.wav,4857,2,8,7,drilling
sound_4858.wav,4858,2,8,7,drilling
sound_4859.wav,4859,2,8,7,drilling
sound_4860.wav,4860,2,8,7,drilling
sound_4861.wav,4861,2,8,7,drilling
sound_4862.wav,4862,2,8,7,drilling
sound_4863.wav,4863,2,8,7,drilling
sound_4864.wav,4864,2,8,7,drilling
sound_4865.wav,4865,2,8,7,drilling
sound_4866.wav,4866,2,8,7,drilling
sound_4867.wav,4867,2,8,7,drilling
sound_4868.wav,4868,2,8,7,drilling
sound_4869.wav,4869,2,8,7,drilling
sound_4870.wav,4870,2,8,7,drilling
sound_4871.wav,4871,2,8,7,drilling
sound_4872.wav,4872,2,8,7,drilling
sound_4873.wav,4873,2,8,7,drilling
sound_4874.wav,4874,2,8,7,drilling
sound_4875.wav,4875,2,8,7,drilling
sound_4876.wav,4876,2,8,7,drilling
sound_4877.wav,4877,2,8,7,drilling
sound_4878.wav,4878,2,8,7,drilling
sound_4879.wav,4879,2,8,7,drilling
sound_4880.wav,4880,2,8,7,drilling
sound_4881.wav,4881,2,8,7,drilling
sound_4882.wav,4882,2,8,7,drilling
sound_4883.wav,4883,2,8,7,drilling
sound_4884.wav,4884,2,8,7,drilling
sound_4885.wav,4885,2,8,7,drilling
sound_4886.wav,4886,2,8,7,drilling
sound_4887.wav,4887,2,8,7,drilling
sound_4888.wav,4888,2,8,7,drilling
sound_4889.wav,4889,2,8,7,drilling
sound_4890.wav,4890,2,8,7,drilling
sound_4891.wav,4891,2,8,7,drilling
sound_4892.wav,4892,2,8,7,drilling
sound_4893.wav,4893,2,8,7,drilling
sound_4894.wav,4894,2,8,7,drilling
sound_4895.wav,4895,2,8,7,drilling
sound_4896.wav,4896,2,8,7,drilling
sound_4897.wav,4897,2,8,7,drilling
sound_4898.wav,4898,2,8,7,drilling
sound_4899.wav,4899,2,8,7,drilling
sound_4900.wav,4900,2,8,7,drilling
sound_4901.wav,4901,2,8,7,drilling
sound_4902.wav,4902,2,8,7,drilling
sound_4903.wav,4903,2,8,7,drilling
sound_4904.wav,4904,2,8,7,drilling
sound_4905.wav,4905,2,8,7,drilling
sound_4906.wav,4906,2,8,7,drilling
sound_4907.wav,4907,2,8,7,drilling
sound_4908.wav,4908,2,8,7,drilling
sound_4909.wav,4909,2,8,7,drilling
sound_4910.wav,4910,2,8,7,drilling
sound_4911.wav,4911,2,8,7,drilling
sound_4912.wav,4912,2,8,7,drilling
sound_4913.wav,4913,2,8,7,drilling
sound_4914.wav,4914,2,8,7,drilling
sound_4915.wav,4915,2,8,7,drilling
sound_4916.wav,4916,2,8,7,drilling
sound_4917.wav,4917,2,8,7,drilling
sound_4918.wav,4918,2,8,7,drilling
sound_4919.wav,4919,2,8,7,drilling
sound_4920.wav,4920,2,8,7,drilling
sound_4921.wav,4921,2,8,7,drilling
sound_4922.wav,4922,2,8,7,drilling
sound_4923.wav,4923,2,8,7,drilling
sound_4924.wav,4924,2,8,7,drilling
sound_4925.wav,4925,2,8,7,drilling
sound_4926.wav,4926,2,8,7,drilling
sound_4927.wav,4927,2,8,7,drilling
sound_4928.wav,4928,2,8,7,drilling
sound_4929.wav,4929,2,8,7,drilling
sound_4930.wav,4930,2,8,7,drilling
sound_4931.wav,4931,2,8,7,drilling
sound_4932.wav,4932,2,8,7,drilling
sound_4933.wav,4933,2,8,7,drilling
sound_4934.wav,4934,2,8,7,drilling
sound_4935.wav,4935,2,8,7,drilling
sound_4936.wav,4936,2,8,7,drilling
sound_4937.wav,4937,2,8,7,drilling
sound_4938.wav,4938,2,8,7,drilling
sound_4939.wav,4939,2,8,7,drilling
sound_4940.wav,4940,2,8,7,drilling
sound_4941.wav,4941,2,8,7,drilling
sound_4942.wav,4942,2,8,7,drilling
sound_4943.wav,4943,2,8,7,drilling
sound_4944.wav,4944,2,8,7,drilling
sound_4945.wav,4945,2,8,7,drilling
sound_4946.wav,4946,2,8,7,drilling
sound_4947.wav,4947,2,8,7,drilling
sound_4948.wav,4948,2,8,7,drilling
sound_4949.wav,4949,2,8,7,drilling
sound_4950.wav,4950,2,8,7,drilling
sound_4951.wav,4951,2,8,7,drilling
sound_4952.wav,4952,2,8,7,drilling
sound_4953.wav,4953,2,8,7,drilling
sound_4954.wav,4954,2,8,7,drilling
sound_4955.wav,4955,2,8,7,drilling
sound_4956.wav,4956,2,8,7,drilling
sound_4957.wav,4957,2,8,7,drilling
sound_4958.wav,4958,2,8,7,drilling
sound_4959.wav,4959,2,8,7,drilling
sound_4960.wav,4960,2,8,7,drilling
sound_4961.wav,4961,2,8,7,drilling
sound_4962.wav,4962,2,8,7,drilling
sound_4963.wav,4963,2,8,7,drilling
sound_4964.wav,4964,2,8,7,drilling
sound_4965.wav,4965,2,8,7,drilling
sound_4966.wav,4966,2,8,7,drilling
sound_4967.wav,4967,2,8,7,drilling
sound_4968.wav,4968,2,8,7,drilling
sound_4969.wav,4969,2,8,7,drilling
sound_4970.wav,4970,2,8,7,drilling
sound_4971.wav,4971,2,8,7,drilling
sound_4972.wav,4972,2,8,7,drilling
sound_4973.wav,4973,2,8,7,drilling
sound_4974.wav,4974,2,8,7,drilling
sound_4975.wav,4975,2,8,7,drilling
sound_4976.wav,4976,2,8,7,drilling
sound_4977.wav,4977,2,8,7,drilling
sound_4978.wav,4978,2,8,7,drilling
sound_4979.wav,4979,2,8,7,drilling
sound_4980.wav,4980,2,8,7,drilling
sound_4981.wav,4981,2,8,7,drilling
sound_4982.wav,4982,2,8,7,drilling
sound_4983.wav,4983,2,8,7,drilling
sound_4984.wav,4984,2,8,7,drilling
sound_4985.wav,4985,2,8,7,drilling
sound_4986.wav,4986,2,8,7,drilling
sound_4987.wav,4987,2,8,7,drilling
sound_4988.wav,4988,2,8,7,drilling
sound_4989.wav,4989,2,8,7,drilling
sound_4990.wav,4990,2,8,7,drilling
sound_4991.wav,4991,2,8,7,drilling
sound_4992.wav,4992,2,8,7,drilling
sound_4993.wav,4993,2,8,7,drilling
sound_4994.wav,4994,2,8,7,drilling
sound_4995.wav,4995,2,8,7,drilling
sound_4996.wav,4996,2,8,7,drilling
sound_4997.wav,4997,2,8,7,drilling
sound_4998.wav,4998,2,8,7,drilling
sound_4999.wav,4999,2,8,7,drilling
sound_5000.wav,5000,2,8,7,drilling
sound_5001.wav,5001,1,9,8,engine_idling
sound_5002.wav,5002,1,9,8,engine_idling
sound_5003.wav,5003,1,9,8,engine_idling
sound_5004.wav,5004,1,9,8,engine_idling
sound_5005.wav,5005,1,9,8,engine_idling
sound_5006.wav,5006,1,9,8,engine_idling
sound_5007.wav,5007,1,9,8,engine_idling
sound_5008.wav,5008,1,9,8,engine_idling
sound_5009.wav,5009,1,9,8,engine_idling
sound_5010.wav,5010,1,9,8,engine_idling
sound_5011.wav,5011,1,9,8,engine_idling
sound_5012.wav,5012,1,9,8,engine_idling
sound_5013.wav,5013,1,9,8,engine_idling
sound_5014.wav,5014,1,9,8,engine_idling
sound_5015.wav,5015,1,9,8,engine_idling
sound_5016.wav,5016,1,9,8,engine_idling
sound_5017.wav,5017,1,9,8,engine_idling
sound_5018.wav,5018,1,9,8,engine_idling
sound_5019.wav,5019,1,9,8,engine_idling
sound_5020.wav,5020,1,9,8,engine_idling
sound_5021.wav,5021,1,9,8,engine_idling
sound_5022.wav,5022,1,9,8,engine_idling
sound_5023.wav,5023,1,9,8,engine_idling
sound_5024.wav,5024,1,9,8,engine_idling
sound_5025.wav,5025,1,9,8,engine_idling
sound_5026.wav,5026,1,9,8,engine_idling
sound_5027.wav,5027,1,9,8,engine_idling
sound_5028.wav,5028,1,9,8,engine_idling
sound_5029.wav,5029,1,9,8,engine_idling
sound_5030.wav,5030,1,9,8,engine_idling
sound_5031.wav,5031,1,9,8,engine_idling
sound_5032.wav,5032,1,9,8,engine_idling
sound_5033.wav,5033,1,9,8,engine_idling
sound_5034.wav,5034,1,9,8,engine_idling
sound_5035.wav,5035,1,9,8,engine_idling
sound_5036.wav,5036,1,9,8,engine_idling
sound_5037.wav,5037,1,9,8,engine_idling
sound_5038.wav,5038,1,9,8,engine_idling
sound_5039.wav,5039,1,9,8,engine_idling
sound_5040.wav,5040,1,9,8,engine_idling
sound_5041.wav,5041,1,9,8,engine_idling
sound_5042.wav,5042,1,9,8,engine_idling
sound_5043.wav,5043,1,9,8,engine_idling
sound_5044.wav,5044,1,9,8,engine_idling
sound_5045.wav,5045,1,9,8,engine_idling
sound_5046.wav,5046,1,9,8,engine_idling
sound_5047.wav,5047,1,9,8,engine_idling
sound_5048.wav,5048,1,9,8,engine_idling
sound_5049.wav,5049,1,9,8,engine_idling
sound_5050.wav,5050,1,9,8,engine_idling
sound_5051.wav,5051,1,9,8,engine_idling
sound_5052.wav,5052,1,9,8,engine_idling
sound_5053.wav,5053,1,9,8,engine_idling
sound_5054.wav,5054,1,9,8,engine_idling
sound_5055.wav,5055,1,9,8,engine_idling
sound_5056.wav,5056,1,9,8,engine_idling
sound_5057.wav,5057,1,9,8,engine_idling
sound_5058.wav,5058,1,9,8,engine_idling
sound_5059.wav,5059,1,9,8,engine_idling
sound_5060.wav,5060,1,9,8,engine_idling
sound_5061.wav,5061,1,9,8,engine_idling
sound_5062.wav,5062,1,9,8,engine_idling
sound_5063.wav,5063,1,9,8,engine_idling
sound_5064.wav,5064,1,9,8,engine_idling
sound_5065.wav,5065,1,9,8,engine_idling
sound_5066.wav,5066,1,9,8,engine_idling
sound_5067.wav,5067,1,9,8,engine_idling
sound_5068.wav,5068,1,9,8,engine_idling
sound_5069.wav,5069,1,9,8,engine_idling
sound_5070.wav,5070,1,9,8,engine_idling
sound_5071.wav,5071,1,9,8,engine_idling
sound_5072.wav,5072,1,9,8,engine_idling
sound_5073.wav,5073,1,9,8,engine_idling
sound_5074.wav,5074,1,9,8,engine_idling
sound_5075.wav,5075,1,9,8,engine_idling
sound_5076.wav,5076,1,9,8,engine_idling
sound_5077.wav,5077,1,9,8,engine_idling
sound_5078.wav,5078,1,9,8,engine_idling
sound_5079.wav,5079,1,9,8,engine_idling
sound_5080.wav,5080,1,9,8,engine_idling
sound_5081.wav,5081,1,9,8,engine_idling
sound_5082.wav,5082,1,9,8,engine_idling
sound_5083.wav,5083,1,9,8,engine_idling
sound_5084.wav,5084,1,9,8,engine_idling
sound_5085.wav,5085,1,9,8,engine_idling
sound_5086.wav,5086,1,9,8,engine_idling
sound_5087.wav,5087,1,9,8,engine_idling
sound_5088.wav,5088,1,9,8,engine_idling
sound_5089.wav,5089,1,9,8,engine_idling
sound_5090.wav,5090,1,9,8,engine_idling
sound_5091.wav,5091,1,9,8,engine_idling
sound_5092.wav,5092,1,9,8,engine_idling
sound_5093.wav,5093,1,9,8,engine_idling
sound_5094.wav,5094,1,9,8,engine_idling
sound_5095.wav,5095,1,9,8,engine_idling
sound_5096.wav,5096,1,9,8,engine_idling
sound_5097.wav,5097,1,9,8,engine_idling
sound_5098.wav,5098,1,9,8,engine_idling
sound_5099.wav,5099,1,9,8,engine_idling
sound_5100.wav,5100,1,9,8,engine_idling
sound_5101.wav,5101,1,9,8,engine_idling
sound_5102.wav,5102,1,9,8,engine_idling
sound_5103.wav,5103,1,9,8,engine_idling
sound_5104.wav,5104,1,9,8,engine_idling
sound_5105.wav,5105,1,9,8,engine_idling
sound_5106.wav,5106,1,9,8,engine_idling
sound_5107.wav,5107,1,9,8,engine_idling
sound_5108.wav,5108,1,9,8,engine_idling
sound_5109.wav,5109,1,9,8,engine_idling
sound_5110.wav,5110,1,9,8,engine_idling
sound_5111.wav,5111,1,9,8,engine_idling
sound_5112.wav,5112,1,9,8,engine_idling
sound_5113.wav,5113,1,9,8,engine_idling
sound_5114.wav,5114,1,9,8,engine_idling
sound_5115.wav,5115,1,9,8,engine_idling
sound_5116.wav,5116,1,9,8,engine_idling
sound_5117.wav,5117,1,9,8,engine_idling
sound_5118.wav,5118,1,9,8,engine_idling
sound_5119.wav,5119,1,9,8,engine_idling
sound_5120.wav,5120,1,9,8,engine_idling
sound_5121.wav,5121,1,9,8,engine_idling
sound_5122.wav,5122,1,9,8,engine_idling
sound_5123.wav,5123,1,9,8,engine_idling
sound_5124.wav,5124,1,9,8,engine_idling
sound_5125.wav,5125,1,9,8,engine_idling
sound_5126.wav,5126,1,9,8,engine_idling
sound_5127.wav,5127,1,9,8,engine_idling
sound_5128.wav,5128,1,9,8,engine_idling
sound_5129.wav,5129,1,9,8,engine_idling
sound_5130.wav,5130,1,9,8,engine_idling
sound_5131.wav,5131,1,9,8,engine_idling
sound_5132.wav,5132,1,9,8,engine_idling
sound_5133.wav,5133,1,9,8,engine_idling
sound_5134.wav,5134,1,9,8,engine_idling
sound_5135.wav,5135,1,9,8,engine_idling
sound_5136.wav,5136,1,9,8,engine_idling
sound_5137.wav,5137,1,9,8,engine_idling
sound_5138.wav,5138,1,9,8,engine_idling
sound_5139.wav,5139,1,9,8,engine_idling
sound_5140.wav,5140,1,9,8,engine_idling
sound_5141.wav,5141,1,9,8,engine_idling
sound_5142.wav,5142,1,9,8,engine_idling
sound_5143.wav,5143,1,9,8,engine_idling
sound_5144.wav,5144,1,9,8,engine_idling
sound_5145.wav,5145,1,9,8,engine_idling
sound_5146.wav,5146,1,9,8,engine_idling
sound_5147.wav,5147,1,9,8,engine_idling
sound_5148.wav,5148,1,9,8,engine_idling
sound_5149.wav,5149,1,9,8,engine_idling
sound_5150.wav,5150,1,9,8,engine_idling
sound_5151.wav,5151,1,9,8,engine_idling
sound_5152.wav,5152,1,9,8,engine_idling
sound_5153.wav,5153,1,9,8,engine_idling
sound_5154.wav,5154,1,9,8,engine_idling
sound_5155.wav,5155,1,9,8,engine_idling
sound_5156.wav,5156,1,9,8,engine_idling
sound_5157.wav,5157,1,9,8,engine_idling
sound_5158.wav,5158,1,9,8,engine_idling
sound_5159.wav,5159,1,9,8,engine_idling
sound_5160.wav,5160,1,9,8,engine_idling
sound_5161.wav,5161,1,9,8,engine_idling
sound_5162.wav,5162,1,9,8,engine_idling
sound_5163.wav,5163,1,9,8,engine_idling
sound_5164.wav,5164,1,9,8,engine_idling
sound_5165.wav,5165,1,9,8,engine_idling
sound_5166.wav,5166,1,9,8,engine_idling
sound_5167.wav,5167,1,9,8,engine_idling
sound_5168.wav,5168,1,9,8,engine_idling
sound_5169.wav,5169,1,9,8,engine_idling
sound_5170.wav,5170,1,9,8,engine_idling
sound_5171.wav,5171,1,9,8,engine_idling
sound_5172.wav,5172,1,9,8,engine_idling
sound_5173.wav,5173,1,9,8,engine_idling
sound_5174.wav,5174,1,9,8,engine_idling
sound_5175.wav,5175,1,9,8,engine_idling
sound_5176.wav,5176,1,9,8,engine_idling
sound_5177.wav,5177,1,9,8,engine_idling
sound_5178.wav,5178,1,9,8,engine_idling
sound_5179.wav,5179,1,9,8,engine_idling
sound_5180.wav,5180,1,9,8,engine_idling
sound_5181.wav,5181,1,9,8,engine_idling
sound_5182.wav,5182,1,9,8,engine_idling
sound_5183.wav,5183,1,9,8,engine_idling
sound_5184.wav,5184,1,9,8,engine_idling
sound_5185.wav,5185,1,9,8,engine_idling
sound_5186.wav,5186,1,9,8,engine_idling
sound_5187.wav,5187,1,9,8,engine_idling
sound_5188.wav,5188,1,9,8,engine_idling
sound_5189.wav,5189,1,9,8,engine_idling
sound_5190.wav,5190,1,9,8,engine_idling
sound_5191.wav,5191,1,9,8,engine_idling
sound_5192.wav,5192,1,9,8,engine_idling
sound_5193.wav,5193,1,9,8,engine_idling
sound_5194.wav,5194,1,9,8,engine_idling
sound_5195.wav,5195,1,9,8,engine_idling
sound_5196.wav,5196,1,9,8,engine_idling
sound_5197.wav,5197,1,9,8,engine_idling
sound_5198.wav,5198,1,9,8,engine_idling
sound_5199.wav,5199,1,9,8,engine_idling
sound_5200.wav,5200,1,9,8,engine_idling
sound_5201.wav,5201,1,9,8,engine_idling
sound_5202.wav,5202,1,9,8,engine_idling
sound_5203.wav,5203,1,9,8,engine_idling
sound_5204.wav,5204,1,9,8,engine_idling
sound_5205.wav,5205,1,9,8,engine_idling
sound_5206.wav,5206,1,9,8,engine_idling
sound_5207.wav,5207,1,9,8,engine_idling
sound_5208.wav,5208,1,9,8,engine_idling
sound_5209.wav,5209,1,9,8,engine_idling
sound_5210.wav,5210,1,9,8,engine_idling
sound_5211.wav,5211,1,9,8,engine_idling
sound_5212.wav,5212,1,9,8,engine_idling
sound_5213.wav,5213,1,9,8,engine_idling
sound_5214.wav,5214,1,9,8,engine_idling
sound_5215.wav,5215,1,9,8,engine_idling
sound_5216.wav,5216,1,9,8,engine_idling
sound_5217.wav,5217,1,9,8,engine_idling
sound_5218.wav,5218,1,9,8,engine_idling
sound_5219.wav,5219,1,9,8,engine_idling
sound_5220.wav,5220,1,9,8,engine_idling
sound_5221.wav,5221,1,9,8,engine_idling
sound_5222.wav,5222,1,9,8,engine_idling
sound_5223.wav,5223,1,9,8,engine_idling
sound_5224.wav,5224,1,9,8,engine_idling
sound_5225.wav,5225,1,9,8,engine_idling
sound_5226.wav,5226,1,9,8,engine_idling
sound_5227.wav,5227,1,9,8,engine_idling
sound_5228.wav,5228,1,9,8,engine_idling
sound_5229.wav,5229,1,9,8,engine_idling
sound_5230.wav,5230,1,9,8,engine_idling
sound_5231.wav,5231,1,9,8,engine_idling
sound_5232.wav,5232,1,9,8,engine_idling
sound_5233.wav,5233,1,9,8,engine_idling
sound_5234.wav,5234,1,9,8,engine_idling
sound_5235.wav,5235,1,9,8,engine_idling
sound_5236.wav,5236,1,9,8,engine_idling
sound_5237.wav,5237,1,9,8,engine_idling
sound_5238.wav,5238,1,9,8,engine_idling
sound_5239.wav,5239,1,9,8,engine_idling
sound_5240.wav,5240,1,9,8,engine_idling
sound_5241.wav,5241,1,9,8,engine_idling
sound_5242.wav,5242,1,9,8,engine_idling
sound_5243.wav,5243,1,9,8,engine_idling
sound_5244.wav,5244,1,9,8,engine_idling
sound_5245.wav,5245,1,9,8,engine_idling
sound_5246.wav,5246,1,9,8,engine_idling
sound_5247.wav,5247,1,9,8,engine_idling
sound_5248.wav,5248,1,9,8,engine_idling
sound_5249.wav,5249,1,9,8,engine_idling
sound_5250.wav,5250,1,9,8,engine_idling
sound_5251.wav,5251,1,9,8,engine_idling
sound_5252.wav,5252,1,9,8,engine_idling
sound_5253.wav,5253,1,9,8,engine_idling
sound_5254.wav,5254,1,9,8,engine_idling
sound_5255.wav,5255,1,9,8,engine_idling
sound_5256.wav,5256,1,9,8,engine_idling
sound_5257.wav,5257,1,9,8,engine_idling
sound_5258.wav,5258,1,9,8,engine_idling
sound_5259.wav,5259,1,9,8,engine_idling
sound_5260.wav,5260,1,9,8,engine_idling
sound_5261.wav,5261,1,9,8,engine_idling
sound_5262.wav,5262,1,9,8,engine_idling
sound_5263.wav,5263,1,9,8,engine_idling
sound_5264.wav,5264,1,9,8,engine_idling
sound_5265.wav,5265,1,9,8,engine_idling
sound_5266.wav,5266,1,9,8,engine_idling
sound_5267.wav,5267,1,9,8,engine_idling
sound_5268.wav,5268,1,9,8,engine_idling
sound_5269.wav,5269,1,9,8,engine_idling
sound_5270.wav,5270,1,9,8,engine_idling
sound_5271.wav,5271,1,9,8,engine_idling
sound_5272.wav,5272,1,9,8,engine_idling
sound_5273.wav,5273,1,9,8,engine_idling
sound_5274.wav,5274,1,9,8,engine_idling
sound_5275.wav,5275,1,9,8,engine_idling
sound_5276.wav,5276,1,9,8,engine_idling
sound_5277.wav,5277,1,9,8,engine_idling
sound_5278.wav,5278,1,9,8,engine_idling
sound_5279.wav,5279,1,9,8,engine_idling
sound_5280.wav,5280,1,9,8,engine_idling
sound_5281.wav,5281,1,9,8,engine_idling
sound_5282.wav,5282,1,9,8,engine_idling
sound_5283.wav,5283,1,9,8,engine_idling
sound_5284.wav,5284,1,9,8,engine_idling
sound_5285.wav,5285,1,9,8,engine_idling
sound_5286.wav,5286,1,9,8,engine_idling
sound_5287.wav,5287,1,9,8,engine_idling
sound_5288.wav,5288,1,9,8,engine_idling
sound_5289.wav,5289,1,9,8,engine_idling
sound_5290.wav,5290,1,9,8,engine_idling
sound_5291.wav,5291,1,9,8,engine_idling
sound_5292.wav,5292,1,9,8,engine_idling
sound_5293.wav,5293,1,9,8,engine_idling
sound_5294.wav,5294,1,9,8,engine_idling
sound_5295.wav,5295,1,9,8,engine_idling
sound_5296.wav,5296,1,9,8,engine_idling
sound_5297.wav,5297,1,9,8,engine_idling
sound_5298.wav,5298,1,9,8,engine_idling
sound_5299.wav,5299,1,9,8,engine_idling
sound_5300.wav,5300,1,9,8,engine_idling
sound_5301.wav,5301,1,9,8,engine_idling
sound_5302.wav,5302,1,9,8,engine_idling
sound_5303.wav,5303,1,9,8,engine_idling
sound_5304.wav,5304,1,9,8,engine_idling
sound_5305.wav,5305,1,9,8,engine_idling
sound_5306.wav,5306,1,9,8,engine_idling
sound_5307.wav,5307,1,9,8,engine_idling
sound_5308.wav,5308,1,9,8,engine_idling
sound_5309.wav,5309,1,9,8,engine_idling
sound_5310.wav,5310,1,9,8,engine_idling
sound_5311.wav,5311,1,9,8,engine_idling
sound_5312.wav,5312,1,9,8,engine_idling
sound_5313.wav,5313,1,9,8,engine_idling
sound_5314.wav,5314,1,9,8,engine_idling
sound_5315.wav,5315,1,9,8,engine_idling
sound_5316.wav,5316,1,9,8,engine_idling
sound_5317.wav,5317,1,9,8,engine_idling
sound_5318.wav,5318,1,9,8,engine_idling
sound_5319.wav,5319,1,9,8,engine_idling
sound_5320.wav,5320,1,9,8,engine_idling
sound_5321.wav,5321,1,9,8,engine_idling
sound_5322.wav,5322,1,9,8,engine_idling
sound_5323.wav,5323,1,9,8,engine_idling
sound_5324.wav,5324,1,9,8,engine_idling
sound_5325.wav,5325,1,9,8,engine_idling
sound_5326.wav,5326,1,9,8,engine_idling
sound_5327.wav,5327,1,9,8,engine_idling
sound_5328.wav,5328,1,9,8,engine_idling
sound_5329.wav,5329,1,9,8,engine_idling
sound_5330.wav,5330,1,9,8,engine_idling
sound_5331.wav,5331,1,9,8,engine_idling
sound_5332.wav,5332,1,9,8,engine_idling
sound_5333.wav,5333,1,9,8,engine_idling
sound_5334.wav,5334,1,9,8,engine_idling
sound_5335.wav,5335,1,9,8,engine_idling
sound_5336.wav,5336,1,9,8,engine_idling
sound_5337.wav,5337,1,9,8,engine_idling
sound_5338.wav,5338,1,9,8,engine_idling
sound_5339.wav,5339,1,9,8,engine_idling
sound_5340.wav,5340,1,9,8,engine_idling
sound_5341.wav,5341,1,9,8,engine_idling
sound_5342.wav,5342,1,9,8,engine_idling
sound_5343.wav,5343,1,9,8,engine_idling
sound_5344.wav,5344,1,9,8,engine_idling
sound_5345.wav,5345,1,9,8,engine_idling
sound_5346.wav,5346,1,9,8,engine_idling
sound_5347.wav,5347,1,9,8,engine_idling
sound_5348.wav,5348,1,9,8,engine_idling
sound_5349.wav,5349,1,9,8,engine_idling
sound_5350.wav,5350,1,9,8,engine_idling
sound_5351.wav,5351,1,9,8,engine_idling
sound_5352.wav,5352,1,9,8,engine_idling
sound_5353.wav,5353,1,9,8,engine_idling
sound_5354.wav,5354,1,9,8,engine_idling
sound_5355.wav,5355,1,9,8,engine_idling
sound_5356.wav,5356,1,9,8,engine_idling
sound_5357.wav,5357,1,9,8,engine_idling
sound_5358.wav,5358,1,9,8,engine_idling
sound_5359.wav,5359,1,9,8,engine_idling
sound_5360.wav,5360,1,9,8,engine_idling
sound_5361.wav,5361,1,9,8,engine_idling
sound_5362.wav,5362,1,9,8,engine_idling
sound_5363.wav,5363,1,9,8,engine_idling
sound_5364.wav,5364,1,9,8,engine_idling
sound_5365.wav,5365,1,9,8,engine_idling
sound_5366.wav,5366,1,9,8,engine_idling
sound_5367.wav,5367,1,9,8,engine_idling
sound_5368.wav,5368,1,9,8,engine_idling
sound_5369.wav,5369,1,9,8,engine_idling
sound_5370.wav,5370,1,9,8,engine_idling
sound_5371.wav,5371,1,9,8,engine_idling
sound_5372.wav,5372,1,9,8,engine_idling
sound_5373.wav,5373,1,9,8,engine_idling
sound_5374.wav,5374,1,9,8,engine_idling
sound_5375.wav,5375,1,9,8,engine_idling
sound_5376.wav,5376,1,9,8,engine_idling
sound_5377.wav,5377,1,9,8,engine_idling
sound_5378.wav,5378,1,9,8,engine_idling
sound_5379.wav,5379,1,9,8,engine_idling
sound_5380.wav,5380,1,9,8,engine_idling
sound_5381.wav,5381,1,9,8,engine_idling
sound_5382.wav,5382,1,9,8,engine_idling
sound_5383.wav,5383,1,9,8,engine_idling
sound_5384.wav,5384,1,9,8,engine_idling
sound_5385.wav,5385,1,9,8,engine_idling
sound_5386.wav,5386,1,9,8,engine_idling
sound_5387.wav,5387,1,9,8,engine_idling
sound_5388.wav,5388,1,9,8,engine_idling
sound_5389.wav,5389,1,9,8,engine_idling
sound_5390.wav,5390,1,9,8,engine_idling
sound_5391.wav,5391,1,9,8,engine_idling
sound_5392.wav,5392,1,9,8,engine_idling
sound_5393.wav,5393,1,9,8,engine_idling
sound_5394.wav,5394,1,9,8,engine_idling
sound_5395.wav,5395,1,9,8,engine_idling
sound_5396.wav,5396,1,9,8,engine_idling
sound_5397.wav,5397,1,9,8,engine_idling
sound_5398.wav,5398,1,9,8,engine_idling
sound_5399.wav,5399,1,9,8,engine_idling
sound_5400.wav,5400,1,9,8,engine_idling
sound_5401.wav,5401,1,9,8,engine_idling
sound_5402.wav,5402,1,9,8,engine_idling
sound_5403.wav,5403,1,9,8,engine_idling
sound_5404.wav,5404,1,9,8,engine_idling
sound_5405.wav,5405,1,9,8,engine_idling
sound_5406.wav,5406,1,9,8,engine_idling
sound_5407.wav,5407,1,9,8,engine_idling
sound_5408.wav,5408,1,9,8,engine_idling
sound_5409.wav,5409,1,9,8,engine_idling
sound_5410.wav,5410,1,9,8,engine_idling
sound_5411.wav,5411,1,9,8,engine_idling
sound_5412.wav,5412,1,9,8,engine_idling
sound_5413.wav,5413,1,9,8,engine_idling
sound_5414.wav,5414,1,9,8,engine_idling
sound_5415.wav,5415,1,9,8,engine_idling
sound_5416.wav,5416,1,9,8,engine_idling
sound_5417.wav,5417,1,9,8,engine_idling
sound_5418.wav,5418,1,9,8,engine_idling
sound_5419.wav,5419,1,9,8,engine_idling
sound_5420.wav,5420,1,9,8,engine_idling
sound_5421.wav,5421,1,9,8,engine_idling
sound_5422.wav,5422,1,9,8,engine_idling
sound_5423.wav,5423,1,9,8,engine_idling
sound_5424.wav,5424,1,9,8,engine_idling
sound_5425.wav,5425,1,9,8,engine_idling
sound_5426.wav,5426,1,9,8,engine_idling
sound_5427.wav,5427,1,9,8,engine_idling
sound_5428.wav,5428,1,9,8,engine_idling
sound_5429.wav,5429,1,9,8,engine_idling
sound_5430.wav,5430,1,9,8,engine_idling
sound_5431.wav,5431,1,9,8,engine_idling
sound_5432.wav,5432,1,9,8,engine_idling
sound_5433.wav,5433,1,9,8,engine_idling
sound_5434.wav,5434,1,9,8,engine_idling
sound_5435.wav,5435,1,9,8,engine_idling
sound_5436.wav,5436,1,9,8,engine_idling
sound_5437.wav,5437,1,9,8,engine_idling
sound_5438.wav,5438,1,9,8,engine_idling
sound_5439.wav,5439,1,9,8,engine_idling
sound_5440.wav,5440,1,9,8,engine_idling
sound_5441.wav,5441,1,9,8,engine_idling
sound_5442.wav,5442,1,9,8,engine_idling
sound_5443.wav,5443,1,9,8,engine_idling
sound_5444.wav,5444,1,9,8,engine_idling
sound_5445.wav,5445,1,9,8,engine_idling
sound_5446.wav,5446,1,9,8,engine_idling
sound_5447.wav,5447,1,9,8,engine_idling
sound_5448.wav,5448,1,9,8,engine_idling
sound_5449.wav,5449,1,9,8,engine_idling
sound_5450.wav,5450,1,9,8,engine_idling
sound_5451.wav,5451,1,9,8,engine_idling
sound_5452.wav,5452,1,9,8,engine_idling
sound_5453.wav,5453,1,9,8,engine_idling
sound_5454.wav,5454,1,9,8,engine_idling
sound_5455.wav,5455,1,9,8,engine_idling
sound_5456.wav,5456,1,9,8,engine_idling
sound_5457.wav,5457,1,9,8,engine_idling
sound_5458.wav,5458,1,9,8,engine_idling
sound_5459.wav,5459,1,9,8,engine_idling
sound_5460.wav,5460,1,9,8,engine_idling
sound_5461.wav,5461,1,9,8,engine_idling
sound_5462.wav,5462,1,9,8,engine_idling
sound_5463.wav,5463,1,9,8,engine_idling
sound_5464.wav,5464,1,9,8,engine_idling
sound_5465.wav,5465,1,9,8,engine_idling
sound_5466.wav,5466,1,9,8,engine_idling
sound_5467.wav,5467,1,9,8,engine_idling
sound_5468.wav,5468,1,9,8,engine_idling
sound_5469.wav,5469,1,9,8,engine_idling
sound_5470.wav,5470,1,9,8,engine_idling
sound_5471.wav,5471,1,9,8,engine_idling
sound_5472.wav,5472,1,9,8,engine_idling
sound_5473.wav,5473,1,9,8,engine_idling
sound_5474.wav,5474,1,9,8,engine_idling
sound_5475.wav,5475,1,9,8,engine_idling
sound_5476.wav,5476,1,9,8,engine_idling
sound_5477.wav,5477,1,9,8,engine_idling
sound_5478.wav,5478,1,9,8,engine_idling
sound_5479.wav,5479,1,9,8,engine_idling
sound_5480.wav,5480,1,9,8,engine_idling
sound_5481.wav,5481,1,9,8,engine_idling
sound_5482.wav,5482,1,9,8,engine_idling
sound_5483.wav,5483,1,9,8,engine_idling
sound_5484.wav,5484,1,9,8,engine_idling
sound_5485.wav,5485,1,9,8,engine_idling
sound_5486.wav,5486,1,9,8,engine_idling
sound_5487.wav,5487,1,9,8,engine_idling
sound_5488.wav,5488,1,9,8,engine_idling
sound_5489.wav,5489,1,9,8,engine_idling
sound_5490.wav,5490,1,9,8,engine_idling
sound_5491.wav,5491,1,9,8,engine_idling
sound_5492.wav,5492,1,9,8,engine_idling
sound_5493.wav,5493,1,9,8,engine_idling
sound_5494.wav,5494,1,9,8,engine_idling
sound_5495.wav,5495,1,9,8,engine_idling
sound_5496.wav,5496,1,9,8,engine_idling
sound_5497.wav,5497,1,9,8,engine_idling
sound_5498.wav,5498,1,9,8,engine_idling
sound_5499.wav,5499,1,9,8,engine_idling
sound_5500.wav,5500,1,9,8,engine_idling
sound_5501.wav,5501,1,9,8,engine_idling
sound_5502.wav,5502,1,9,8,engine_idling
sound_5503.wav,5503,1,9,8,engine_idling
sound_5504.wav,5504,1,9,8,engine_idling
sound_5505.wav,5505,1,9,8,engine_idling
sound_5506.wav,5506,1,9,8,engine_idling
sound_5507.wav,5507,1,9,8,engine_idling
sound_5508.wav,5508,1,9,8,engine_idling
sound_5509.wav,5509,1,9,8,engine_idling
sound_5510.wav,5510,1,9,8,engine_idling
sound_5511.wav,5511,1,9,8,engine_idling
sound_5512.wav,5512,1,9,8,engine_idling
sound_5513.wav,5513,1,9,8,engine_idling
sound_5514.wav,5514,1,9,8,engine_idling
sound_5515.wav,5515,1,9,8,engine_idling
sound_5516.wav,5516,1,9,8,engine_idling
sound_5517.wav,5517,1,9,8,engine_idling
sound_5518.wav,5518,1,9,8,engine_idling
sound_5519.wav,5519,1,9,8,engine_idling
sound_5520.wav,5520,1,9,8,engine_idling
sound_5521.wav,5521,1,9,8,engine_idling
sound_5522.wav,5522,1,9,8,engine_idling
sound_5523.wav,5523,1,9,8,engine_idling
sound_5524.wav,5524,1,9,8,engine_idling
sound_5525.wav,5525,1,9,8,engine_idling
sound_5526.wav,5526,1,9,8,engine_idling
sound_5527.wav,5527,1,9,8,engine_idling
sound_5528.wav,5528,1,9,8,engine_idling
sound_5529.wav,5529,1,9,8,engine_idling
sound_5530.wav,5530,1,9,8,engine_idling
sound_5531.wav,5531,1,9,8,engine_idling
sound_5532.wav,5532,1,9,8,engine_idling
sound_5533.wav,5533,1,9,8,engine_idling
sound_5534.wav,5534,1,9,8,engine_idling
sound_5535.wav,5535,1,9,8,engine_idling
sound_5536.wav,5536,1,9,8,engine_idling
sound_5537.wav,5537,1,9,8,engine_idling
sound_5538.wav,5538,1,9,8,engine_idling
sound_5539.wav,5539,1,9,8,engine_idling
sound_5540.wav,5540,1,9,8,engine_idling
sound_5541.wav,5541,1,9,8,engine_idling
sound_5542.wav,5542,1,9,8,engine_idling
sound_5543.wav,5543,1,9,8,engine_idling
sound_5544.wav,5544,1,9,8,engine_idling
sound_5545.wav,5545,1,9,8,engine_idling
sound_5546.wav,5546,1,9,8,engine_idling
sound_5547.wav,5547,1,9,8,engine_idling
sound_5548.wav,5548,1,9,8,engine_idling
sound_5549.wav,5549,1,9,8,engine_idling
sound_5550.wav,5550,1,9,8,engine_idling
sound_5551.wav,5551,1,9,8,engine_idling
sound_5552.wav,5552,1,9,8,engine_idling
sound_5553.wav,5553,1,9,8,engine_idling
sound_5554.wav,5554,1,9,8,engine_idling
sound_5555.wav,5555,1,9,8,engine_idling
sound_5556.wav,5556,1,9,8,engine_idling
sound_5557.wav,5557,1,9,8,engine_idling
sound_5558.wav,5558,1,9,8,engine_idling
sound_5559.wav,5559,1,9,8,engine_idling
sound_5560.wav,5560,1,9,8,engine_idling
sound_5561.wav,5561,1,9,8,engine_idling
sound_5562.wav,5562,1,9,8,engine_idling
sound_5563.wav,5563,1,9,8,engine_idling
sound_5564.wav,5564,1,9,8,engine_idling
sound_5565.wav,5565,1,9,8,engine_idling
sound_5566.wav,5566,1,9,8,engine_idling
sound_5567.wav,5567,1,9,8,engine_idling
sound_5568.wav,5568,1,9,8,engine_idling
sound_5569.wav,5569,1,9,8,engine_idling
sound_5570.wav,5570,1,9,8,engine_idling
sound_5571.wav,5571,1,9,8,engine_idling
sound_5572.wav,5572,1,9,8,engine_idling
sound_5573.wav,5573,1,9,8,engine_idling
sound_5574.wav,5574,1,9,8,engine_idling
sound_5575.wav,5575,1,9,8,engine_idling
sound_5576.wav,5576,1,9,8,engine_idling
sound_5577.wav,5577,1,9,8,engine_idling
sound_5578.wav,5578,1,9,8,engine_idling
sound_5579.wav,5579,1,9,8,engine_idling
sound_5580.wav,5580,1,9,8,engine_idling
sound_5581.wav,5581,1,9,8,engine_idling
sound_5582.wav,5582,1,9,8,engine_idling
sound_5583.wav,5583,1,9,8,engine_idling
sound_5584.wav,5584,1,9,8,engine_idling
sound_5585.wav,5585,1,9,8,engine_idling
sound_5586.wav,5586,1,9,8,engine_idling
sound_5587.wav,5587,1,9,8,engine_idling
sound_5588.wav,5588,1,9,8,engine_idling
sound_5589.wav,5589,1,9,8,engine_idling
sound_5590.wav,5590,1,9,8,engine_idling
sound_5591.wav,5591,1,9,8,engine_idling
sound_5592.wav,5592,1,9,8,engine_idling
sound_5593.wav,5593,1,9,8,engine_idling
sound_5594.wav,5594,1,9,8,engine_idling
sound_5595.wav,5595,1,9,8,engine_idling
sound_5596.wav,5596,1,9,8,engine_idling
sound_5597.wav,5597,1,9,8,engine_idling
sound_5598.wav,5598,1,9,8,engine_idling
sound_5599.wav,5599,1,9,8,engine_idling
sound_5600.wav,5600,1,9,8,engine_idling
sound_5601.wav,5601,1,9,8,engine_idling
sound_5602.wav,5602,1,9,8,engine_idling
sound_5603.wav,5603,1,9,8,engine_idling
sound_5604.wav,5604,1,9,8,engine_idling
sound_5605.wav,5605,1,9,8,engine_idling
sound_5606.wav,5606,1,9,8,engine_idling
sound_5607.wav,5607,1,9,8,engine_idling
sound_5608.wav,5608,1,9,8,engine_idling
sound_5609.wav,5609,1,9,8,engine_idling
sound_5610.wav,5610,1,9,8,engine_idling
sound_5611.wav,5611,1,9,8,engine_idling
sound_5612.wav,5612,1,9,8,engine_idling
sound_5613.wav,5613,1,9,8,engine_idling
sound_5614.wav,5614,1,9,8,engine_idling
sound_5615.wav,5615,1,9,8,engine_idling
sound_5616.wav,5616,1,9,8,engine_idling
sound_5617.wav,5617,1,9,8,engine_idling
sound_5618.wav,5618,1,9,8,engine_idling
sound_5619.wav,5619,1,9,8,engine_idling
sound_5620.wav,5620,1,9,8,engine_idling
sound_5621.wav,5621,1,9,8,engine_idling
sound_5622.wav,5622,1,9,8,engine_idling
sound_5623.wav,5623,1,9,8,engine_idling
sound_5624.wav,5624,1,9,8,engine_idling
sound_5625.wav,5625,1,9,8,engine_idling
sound_5626.wav,5626,1,9,8,engine_idling
sound_5627.wav,5627,1,9,8,engine_idling
sound_5628.wav,5628,1,9,8,engine_idling
sound_5629.wav,5629,1,9,8,engine_idling
sound_5630.wav,5630,1,9,8,engine_idling
sound_5631.wav,5631,1,9,8,engine_idling
sound_5632.wav,5632,1,9,8,engine_idling
sound_5633.wav,5633,1,9,8,engine_idling
sound_5634.wav,5634,1,9,8,engine_idling
sound_5635.wav,5635,1,9,8,engine_idling
sound_5636.wav,5636,1,9,8,engine_idling
sound_5637.wav,5637,1,9,8,engine_idling
sound_5638.wav,5638,1,9,8,engine_idling
sound_5639.wav,5639,1,9,8,engine_idling
sound_5640.wav,5640,1,9,8,engine_idling
sound_5641.wav,5641,1,9,8,engine_idling
sound_5642.wav,5642,1,9,8,engine_idling
sound_5643.wav,5643,1,9,8,engine_idling
sound_5644.wav,5644,1,9,8,engine_idling
sound_5645.wav,5645,1,9,8,engine_idling
sound_5646.wav,5646,1,9,8,engine_idling
sound_5647.wav,5647,1,9,8,engine_idling
sound_5648.wav,5648,1,9,8,engine_idling
sound_5649.wav,5649,1,9,8,engine_idling
sound_5650.wav,5650,1,9,8,engine_idling
sound_5651.wav,5651,1,9,8,engine_idling
sound_5652.wav,5652,1,9,8,engine_idling
sound_5653.wav,5653,1,9,8,engine_idling
sound_5654.wav,5654,1,9,8,engine_idling
sound_5655.wav,5655,1,9,8,engine_idling
sound_5656.wav,5656,1,9,8,engine_idling
sound_5657.wav,5657,1,9,8,engine_idling
sound_5658.wav,5658,1,9,8,engine_idling
sound_5659.wav,5659,1,9,8,engine_idling
sound_5660.wav,5660,1,9,8,engine_idling
sound_5661.wav,5661,1,9,8,engine_idling
sound_5662.wav,5662,1,9,8,engine_idling
sound_5663.wav,5663,1,9,8,engine_idling
sound_5664.wav,5664,1,9,8,engine_idling
sound_5665.wav,5665,1,9,8,engine_idling
sound_5666.wav,5666,1,9,8,engine_idling
sound_5667.wav,5667,1,9,8,engine_idling
sound_5668.wav,5668,1,9,8,engine_idling
sound_5669.wav,5669,1,9,8,engine_idling
sound_5670.wav,5670,1,9,8,engine_idling
sound_5671.wav,5671,1,9,8,engine_idling
sound_5672.wav,5672,1,9,8,engine_idling
sound_5673.wav,5673,1,9,8,engine_idling
sound_5674.wav,5674,1,9,8,engine_idling
sound_5675.wav,5675,1,9,8,engine_idling
sound_5676.wav,5676,1,9,8,engine_idling
sound_5677.wav,5677,1,9,8,engine_idling
sound_5678.wav,5678,1,9,8,engine_idling
sound_5679.wav,5679,1,9,8,engine_idling
sound_5680.wav,5680,1,9,8,engine_idling
sound_5681.wav,5681,1,9,8,engine_idling
sound_5682.wav,5682,1,9,8,engine_idling
sound_5683.wav,5683,1,9,8,engine_idling
sound_5684.wav,5684,1,9,8,engine_idling
sound_5685.wav,5685,1,9,8,engine_idling
sound_5686.wav,5686,1,9,8,engine_idling
sound_5687.wav,5687,1,9,8,engine_idling
sound_5688.wav,5688,1,9,8,engine_idling
sound_5689.wav,5689,1,9,8,engine_idling
sound_5690.wav,5690,1,9,8,engine_idling
sound_5691.wav,5691,1,9,8,engine_idling
sound_5692.wav,5692,1,9,8,engine_idling
sound_5693.wav,5693,1,9,8,engine_idling
sound_5694.wav,5694,1,9,8,engine_idling
sound_5695.wav,5695,1,9,8,engine_idling
sound_5696.wav,5696,1,9,8,engine_idling
sound_5697.wav,5697,1,9,8,engine_idling
sound_5698.wav,5698,1,9,8,engine_idling
sound_5699.wav,5699,1,9,8,engine_idling
sound_5700.wav,5700,1,9,8,engine_idling
sound_5701.wav,5701,1,9,8,engine_idling
sound_5702.wav,5702,1,9,8,engine_idling
sound_5703.wav,5703,1,9,8,engine_idling
sound_5704.wav,5704,1,9,8,engine_idling
sound_5705.wav,5705,1,9,8,engine_idling
sound_5706.wav,5706,1,9,8,engine_idling
sound_5707.wav,5707,1,9,8,engine_idling
sound_5708.wav,5708,1,9,8,engine_idling
sound_5709.wav,5709,1,9,8,engine_idling
sound_5710.wav,5710,1,9,8,engine_idling
sound_5711.wav,5711,1,9,8,engine_idling
sound_5712.wav,5712,1,9,8,engine_idling
sound_5713.wav,5713,1,9,8,engine_idling
sound_5714.wav,5714,1,9,8,engine_idling
sound_5715.wav,5715,1,9,8,engine_idling
sound_5716.wav,5716,1,9,8,engine_idling
sound_5717.wav,5717,1,9,8,engine_idling
sound_5718.wav,5718,1,9,8,engine_idling
sound_5719.wav,5719,1,9,8,engine_idling
sound_5720.wav,5720,1,9,8,engine_idling
sound_5721.wav,5721,1,9,8,engine_idling
sound_5722.wav,5722,1,9,8,engine_idling
sound_5723.wav,5723,1,9,8,engine_idling
sound_5724.wav,5724,1,9,8,engine_idling
sound_5725.wav,5725,1,9,8,engine_idling
sound_5726.wav,5726,1,9,8,engine_idling
sound_5727.wav,5727,1,9,8,engine_idling
sound_5728.wav,5728,1,9,8,engine_idling
sound_5729.wav,5729,1,9,8,engine_idling
sound_5730.wav,5730,1,9,8,engine_idling
sound_5731.wav,5731,1,9,8,engine_idling
sound_5732.wav,5732,1,9,8,engine_idling
sound_5733.wav,5733,1,9,8,engine_idling
sound_5734.wav,5734,1,9,8,engine_idling
sound_5735.wav,5735,1,9,8,engine_idling
sound_5736.wav,5736,1,9,8,engine_idling
sound_5737.wav,5737,1,9,8,engine_idling
sound_5738.wav,5738,1,9,8,engine_idling
sound_5739.wav,5739,1,9,8,engine_idling
sound_5740.wav,5740,1,9,8,engine_idling
sound_5741.wav,5741,1,9,8,engine_idling
sound_5742.wav,5742,1,9,8,engine_idling
sound_5743.wav,5743,1,9,8,engine_idling
sound_5744.wav,5744,1,9,8,engine_idling
sound_5745.wav,5745,1,9,8,engine_idling
sound_5746.wav,5746,1,9,8,engine_idling
sound_5747.wav,5747,1,9,8,engine_idling
sound_5748.wav,5748,1,9,8,engine_idling
sound_5749.wav,5749,1,9,8,engine_idling
sound_5750.wav,5750,1,9,8,engine_idling
sound_5751.wav,5751,1,9,8,engine_idling
sound_5752.wav,5752,1,9,8,engine_idling
sound_5753.wav,5753,1,9,8,engine_idling
sound_5754.wav,5754,1,9,8,engine_idling
sound_5755.wav,5755,1,9,8,engine_idling
sound_5756.wav,5756,1,9,8,engine_idling
sound_5757.wav,5757,1,9,8,engine_idling
sound_5758.wav,5758,1,9,8,engine_idling
sound_5759.wav,5759,1,9,8,engine_idling
sound_5760.wav,5760,1,9,8,engine_idling
sound_5761.wav,5761,1,9,8,engine_idling
sound_5762.wav,5762,1,9,8,engine_idling
sound_5763.wav,5763,1,9,8,engine_idling
sound_5764.wav,5764,1,9,8,engine_idling
sound_5765.wav,5765,1,9,8,engine_idling
sound_5766.wav,5766,1,9,8,engine_idling
sound_5767.wav,5767,1,9,8,engine_idling
sound_5768.wav,5768,1,9,8,engine_idling
sound_5769.wav,5769,1,9,8,engine_idling
sound_5770.wav,5770,1,9,8,engine_idling
sound_5771.wav,5771,1,9,8,engine_idling
sound_5772.wav,5772,1,9,8,engine_idling
sound_5773.wav,5773,1,9,8,engine_idling
sound_5774.wav,5774,1,9,8,engine_idling
sound_5775.wav,5775,1,9,8,engine_idling
sound_5776.wav,5776,1,9,8,engine_idling
sound_5777.wav,5777,1,9,8,engine_idling
sound_5778.wav,5778,1,9,8,engine_idling
sound_5779.wav,5779,1,9,8,engine_idling
sound_5780.wav,5780,1,9,8,engine_idling
sound_5781.wav,5781,1,9,8,engine_idling
sound_5782.wav,5782,1,9,8,engine_idling
sound_5783.wav,5783,1,9,8,engine_idling
sound_5784.wav,5784,1,9,8,engine_idling
sound_5785.wav,5785,1,9,8,engine_idling
sound_5786.wav,5786,1,9,8,engine_idling
sound_5787.wav,5787,1,9,8,engine_idling
sound_5788.wav,5788,1,9,8,engine_idling
sound_5789.wav,5789,1,9,8,engine_idling
sound_5790.wav,5790,1,9,8,engine_idling
sound_5791.wav,5791,1,9,8,engine_idling
sound_5792.wav,5792,1,9,8,engine_idling
sound_5793.wav,5793,1,9,8,engine_idling
sound_5794.wav,5794,1,9,8,engine_idling
sound_5795.wav,5795,1,9,8,engine_idling
sound_5796.wav,5796,1,9,8,engine_idling
sound_5797.wav,5797,1,9,8,engine_idling
sound_5798.wav,5798,1,9,8,engine_idling
sound_5799.wav,5799,1,9,8,engine_idling
sound_5800.wav,5800,1,9,8,engine_idling
sound_5801.wav,5801,1,9,8,engine_idling
sound_5802.wav,5802,1,9,8,engine_idling
sound_5803.wav,5803,1,9,8,engine_idling
sound_5804.wav,5804,1,9,8,engine_idling
sound_5805.wav,5805,1,9,8,engine_idling
sound_5806.wav,5806,1,9,8,engine_idling
sound_5807.wav,5807,1,9,8,engine_idling
sound_5808.wav,5808,1,9,8,engine_idling
sound_5809.wav,5809,1,9,8,engine_idling
sound_5810.wav,5810,1,9,8,engine_idling
sound_5811.wav,5811,1,9,8,engine_idling
sound_5812.wav,5812,1,9,8,engine_idling
sound_5813.wav,5813,1,9,8,engine_idling
sound_5814.wav,5814,1,9,8,engine_idling
sound_5815.wav,5815,1,9,8,engine_idling
sound_5816.wav,5816,1,9,8,engine_idling
sound_5817.wav,5817,1,9,8,engine_idling
sound_5818.wav,5818,1,9,8,engine_idling
sound_5819.wav,5819,1,9,8,engine_idling
sound_5820.wav,5820,1,9,8,engine_idling
sound_5821.wav,5821,1,9,8,engine_idling
sound_5822.wav,5822,1,9,8,engine_idling
sound_5823.wav,5823,1,9,8,engine_idling
sound_5824.wav,5824,1,9,8,engine_idling
sound_5825.wav,5825,1,9,8,engine_idling
sound_5826.wav,5826,1,9,8,engine_idling
sound_5827.wav,5827,1,9,8,engine_idling
sound_5828.wav,5828,1,9,8,engine_idling
sound_5829.wav,5829,1,9,8,engine_idling
sound_5830.wav,5830,1,9,8,engine_idling
sound_5831.wav,5831,1,9,8,engine_idling
sound_5832.wav,5832,1,9,8,engine_idling
sound_5833.wav,5833,1,9,8,engine_idling
sound_5834.wav,5834,1,9,8,engine_idling
sound_5835.wav,5835,1,9,8,engine_idling
sound_5836.wav,5836,1,9,8,engine_idling
sound_5837.wav,5837,1,9,8,engine_idling
sound_5838.wav,5838,1,9,8,engine_idling
sound_5839.wav,5839,1,9,8,engine_idling
sound_5840.wav,5840,1,9,8,engine_idling
sound_5841.wav,5841,1,9,8,engine_idling
sound_5842.wav,5842,1,9,8,engine_idling
sound_5843.wav,5843,1,9,8,engine_idling
sound_5844.wav,5844,1,9,8,engine_idling
sound_5845.wav,5845,1,9,8,engine_idling
sound_5846.wav,5846,1,9,8,engine_idling
sound_5847.wav,5847,1,9,8,engine_idling
sound_5848.wav,5848,1,9,8,engine_idling
sound_5849.wav,5849,1,9,8,engine_idling
sound_5850.wav,5850,1,9,8,engine_idling
sound_5851.wav,5851,1,9,8,engine_idling
sound_5852.wav,5852,1,9,8,engine_idling
sound_5853.wav,5853,1,9,8,engine_idling
sound_5854.wav,5854,1,9,8,engine_idling
sound_5855.wav,5855,1,9,8,engine_idling
sound_5856.wav,5856,1,9,8,engine_idling
sound_5857.wav,5857,1,9,8,engine_idling
sound_5858.wav,5858,1,9,8,engine_idling
sound_5859.wav,5859,1,9,8,engine_idling
sound_5860.wav,5860,1,9,8,engine_idling
sound_5861.wav,5861,1,9,8,engine_idling
sound_5862.wav,5862,1,9,8,engine_idling
sound_5863.wav,5863,1,9,8,engine_idling
sound_5864.wav,5864,1,9,8,engine_idling
sound_5865.wav,5865,1,9,8,engine_idling
sound_5866.wav,5866,1,9,8,engine_idling
sound_5867.wav,5867,1,9,8,engine_idling
sound_5868.wav,5868,1,9,8,engine_idling
sound_5869.wav,5869,1,9,8,engine_idling
sound_5870.wav,5870,1,9,8,engine_idling
sound_5871.wav,5871,1,9,8,engine_idling
sound_5872.wav,5872,1,9,8,engine_idling
sound_5873.wav,5873,1,9,8,engine_idling
sound_5874.wav,5874,1,9,8,engine_idling
sound_5875.wav,5875,1,9,8,engine_idling
sound_5876.wav,5876,1,9,8,engine_idling
sound_5877.wav,5877,1,9,8,engine_idling
sound_5878.wav,5878,1,9,8,engine_idling
sound_5879.wav,5879,1,9,8,engine_idling
sound_5880.wav,5880,1,9,8,engine_idling
sound_5881.wav,5881,1,9,8,engine_idling
sound_5882.wav,5882,1,9,8,engine_idling
sound_5883.wav,5883,1,9,8,engine_idling
sound_5884.wav,5884,1,9,8,engine_idling
sound_5885.wav,5885,1,9,8,engine_idling
sound_5886.wav,5886,1,9,8,engine_idling
sound_5887.wav,5887,1,9,8,engine_idling
sound_5888.wav,5888,1,9,8,engine_idling
sound_5889.wav,5889,1,9,8,engine_idling
sound_5890.wav,5890,1,9,8,engine_idling
sound_5891.wav,5891,1,9,8,engine_idling
sound_5892.wav,5892,1,9,8,engine_idling
sound_5893.wav,5893,1,9,8,engine_idling
sound_5894.wav,5894,1,9,8,engine_idling
sound_5895.wav,5895,1,9,8,engine_idling
sound_5896.wav,5896,1,9,8,engine_idling
sound_5897.wav,5897,1,9,8,engine_idling
sound_5898.wav,5898,1,9,8,engine_idling
sound_5899.wav,5899,1,9,8,engine_idling
sound_5900.wav,5900,1,9,8,engine_idling
sound_5901.wav,5901,1,9,8,engine_idling
sound_5902.wav,5902,1,9,8,engine_idling
sound_5903.wav,5903,1,9,8,engine_idling
sound_5904.wav,5904,1,9,8,engine_idling
sound_5905.wav,5905,1,9,8,engine_idling
sound_5906.wav,5906,1,9,8,engine_idling
sound_5907.wav,5907,1,9,8,engine_idling
sound_5908.wav,5908,1,9,8,engine_idling
sound_5909.wav,5909,1,9,8,engine_idling
sound_5910.wav,5910,1,9,8,engine_idling
sound_5911.wav,5911,1,9,8,engine_idling
sound_5912.wav,5912,1,9,8,engine_idling
sound_5913.wav,5913,1,9,8,engine_idling
sound_5914.wav,5914,1,9,8,engine_idling
sound_5915.wav,5915,1,9,8,engine_idling
sound_5916.wav,5916,1,9,8,engine_idling
sound_5917.wav,5917,1,9,8,engine_idling
sound_5918.wav,5918,1,9,8,engine_idling
sound_5919.wav,5919,1,9,8,engine_idling
sound_5920.wav,5920,1,9,8,engine_idling
sound_5921.wav,5921,1,9,8,engine_idling
sound_5922.wav,5922,1,9,8,engine_idling
sound_5923.wav,5923,1,9,8,engine_idling
sound_5924.wav,5924,1,9,8,engine_idling
sound_5925.wav,5925,1,9,8,engine_idling
sound_5926.wav,5926,1,9,8,engine_idling
sound_5927.wav,5927,1,9,8,engine_idling
sound_5928.wav,5928,1,9,8,engine_idling
sound_5929.wav,5929,1,9,8,engine_idling
sound_5930.wav,5930,1,9,8,engine_idling
sound_5931.wav,5931,1,9,8,engine_idling
sound_5932.wav,5932,1,9,8,engine_idling
sound_5933.wav,5933,1,9,8,engine_idling
sound_5934.wav,5934,1,9,8,engine_idling
sound_5935.wav,5935,1,9,8,engine_idling
sound_5936.wav,5936,1,9,8,engine_idling
sound_5937.wav,5937,1,9,8,engine_idling
sound_5938.wav,5938,1,9,8,engine_idling
sound_5939.wav,5939,1,9,8,engine_idling
sound_5940.wav,5940,1,9,8,engine_idling
sound_5941.wav,5941,1,9,8,engine_idling
sound_5942.wav,5942,1,9,8,engine_idling
sound_5943.wav,5943,1,9,8,engine_idling
sound_5944.wav,5944,1,9,8,engine_idling
sound_5945.wav,5945,1,9,8,engine_idling
sound_5946.wav,5946,1,9,8,engine_idling
sound_5947.wav,5947,1,9,8,engine_idling
sound_5948.wav,5948,1,9,8,engine_idling
sound_5949.wav,5949,1,9,8,engine_idling
sound_5950.wav,5950,1,9,8,engine_idling
sound_5951.wav,5951,1,9,8,engine_idling
sound_5952.wav,5952,1,9,8,engine_idling
sound_5953.wav,5953,1,9,8,engine_idling
sound_5954.wav,5954,1,9,8,engine_idling
sound_5955.wav,5955,1,9,8,engine_idling
sound_5956.wav,5956,1,9,8,engine_idling
sound_5957.wav,5957,1,9,8,engine_idling
sound_5958.wav,5958,1,9,8,engine_idling
sound_5959.wav,5959,1,9,8,engine_idling
sound_5960.wav,5960,1,9,8,engine_idling
sound_5961.wav,5961,1,9,8,engine_idling
sound_5962.wav,5962,1,9,8,engine_idling
sound_5963.wav,5963,1,9,8,engine_idling
sound_5964.wav,5964,1,9,8,engine_idling
sound_5965.wav,5965,1,9,8,engine_idling
sound_5966.wav,5966,1,9,8,engine_idling
sound_5967.wav,5967,1,9,8,engine_idling
sound_5968.wav,5968,1,9,8,engine_idling
sound_5969.wav,5969,1,9,8,engine_idling
sound_5970.wav,5970,1,9,8,engine_idling
sound_5971.wav,5971,1,9,8,engine_idling
sound_5972.wav,5972,1,9,8,engine_idling
sound_5973.wav,5973,1,9,8,engine_idling
sound_5974.wav,5974,1,9,8,engine_idling
sound_5975.wav,5975,1,9,8,engine_idling
sound_5976.wav,5976,1,9,8,engine_idling
sound_5977.wav,5977,1,9,8,engine_idling
sound_5978.wav,5978,1,9,8,engine_idling
sound_5979.wav,5979,1,9,8,engine_idling
sound_5980.wav,5980,1,9,8,engine_idling
sound_5981.wav,5981,1,9,8,engine_idling
sound_5982.wav,5982,1,9,8,engine_idling
sound_5983.wav,5983,1,9,8,engine_idling
sound_5984.wav,5984,1,9,8,engine_idling
sound_5985.wav,5985,1,9,8,engine_idling
sound_5986.wav,5986,1,9,8,engine_idling
sound_5987.wav,5987,1,9,8,engine_idling
sound_5988.wav,5988,1,9,8,engine_idling
sound_5989.wav,5989,1,9,8,engine_idling
sound_5990.wav,5990,1,9,8,engine_idling
sound_5991.wav,5991,1,9,8,engine_idling
sound_5992.wav,5992,1,9,8,engine_idling
sound_5993.wav,5993,1,9,8,engine_idling
sound_5994.wav,5994,1,9,8,engine_idling
sound_5995.wav,5995,1,9,8,engine_idling
sound_5996.wav,5996,1,9,8,engine_idling
sound_5997.wav,5997,1,9,8,engine_idling
sound_5998.wav,5998,1,9,8,engine_idling
sound_5999.wav,5999,1,9,8,engine_idling
sound_6000.wav,6000,1,9,8,engine_idling
sound_6001.wav,6001,1,10,9,gun_shot 
sound_6002.wav,6002,1,10,9,gun_shot 
sound_6003.wav,6003,1,10,9,gun_shot 
sound_6004.wav,6004,1,10,9,gun_shot 
sound_6005.wav,6005,1,10,9,gun_shot 
sound_6006.wav,6006,1,10,9,gun_shot 
sound_6007.wav,6007,1,10,9,gun_shot 
sound_6008.wav,6008,1,10,9,gun_shot 
sound_6009.wav,6009,1,10,9,gun_shot 
sound_6010.wav,6010,1,10,9,gun_shot 
sound_6011.wav,6011,1,10,9,gun_shot 
sound_6012.wav,6012,1,10,9,gun_shot 
sound_6013.wav,6013,1,10,9,gun_shot 
sound_6014.wav,6014,1,10,9,gun_shot 
sound_6015.wav,6015,1,10,9,gun_shot 
sound_6016.wav,6016,1,10,9,gun_shot 
sound_6017.wav,6017,1,10,9,gun_shot 
sound_6018.wav,6018,1,10,9,gun_shot 
sound_6019.wav,6019,1,10,9,gun_shot 
sound_6020.wav,6020,1,10,9,gun_shot 
sound_6021.wav,6021,1,10,9,gun_shot 
sound_6022.wav,6022,1,10,9,gun_shot 
sound_6023.wav,6023,1,10,9,gun_shot 
sound_6024.wav,6024,1,10,9,gun_shot 
sound_6025.wav,6025,1,10,9,gun_shot 
sound_6026.wav,6026,1,10,9,gun_shot 
sound_6027.wav,6027,1,10,9,gun_shot 
sound_6028.wav,6028,1,10,9,gun_shot 
sound_6029.wav,6029,1,10,9,gun_shot 
sound_6030.wav,6030,1,10,9,gun_shot 
sound_6031.wav,6031,1,10,9,gun_shot 
sound_6032.wav,6032,1,10,9,gun_shot 
sound_6033.wav,6033,1,10,9,gun_shot 
sound_6034.wav,6034,1,10,9,gun_shot 
sound_6035.wav,6035,1,10,9,gun_shot 
sound_6036.wav,6036,1,10,9,gun_shot 
sound_6037.wav,6037,1,10,9,gun_shot 
sound_6038.wav,6038,1,10,9,gun_shot 
sound_6039.wav,6039,1,10,9,gun_shot 
sound_6040.wav,6040,1,10,9,gun_shot 
sound_6041.wav,6041,1,10,9,gun_shot 
sound_6042.wav,6042,1,10,9,gun_shot 
sound_6043.wav,6043,1,10,9,gun_shot 
sound_6044.wav,6044,1,10,9,gun_shot 
sound_6045.wav,6045,1,10,9,gun_shot 
sound_6046.wav,6046,1,10,9,gun_shot 
sound_6047.wav,6047,1,10,9,gun_shot 
sound_6048.wav,6048,1,10,9,gun_shot 
sound_6049.wav,6049,1,10,9,gun_shot 
sound_6050.wav,6050,1,10,9,gun_shot 
sound_6051.wav,6051,1,10,9,gun_shot 
sound_6052.wav,6052,1,10,9,gun_shot 
sound_6053.wav,6053,1,10,9,gun_shot 
sound_6054.wav,6054,1,10,9,gun_shot 
sound_6055.wav,6055,1,10,9,gun_shot 
sound_6056.wav,6056,1,10,9,gun_shot 
sound_6057.wav,6057,1,10,9,gun_shot 
sound_6058.wav,6058,1,10,9,gun_shot 
sound_6059.wav,6059,1,10,9,gun_shot 
sound_6060.wav,6060,1,10,9,gun_shot 
sound_6061.wav,6061,1,10,9,gun_shot 
sound_6062.wav,6062,1,10,9,gun_shot 
sound_6063.wav,6063,1,10,9,gun_shot 
sound_6064.wav,6064,1,10,9,gun_shot 
sound_6065.wav,6065,1,10,9,gun_shot 
sound_6066.wav,6066,1,10,9,gun_shot 
sound_6067.wav,6067,1,10,9,gun_shot 
sound_6068.wav,6068,1,10,9,gun_shot 
sound_6069.wav,6069,1,10,9,gun_shot 
sound_6070.wav,6070,1,10,9,gun_shot 
sound_6071.wav,6071,1,10,9,gun_shot 
sound_6072.wav,6072,1,10,9,gun_shot 
sound_6073.wav,6073,1,10,9,gun_shot 
sound_6074.wav,6074,1,10,9,gun_shot 
sound_6075.wav,6075,1,10,9,gun_shot 
sound_6076.wav,6076,1,10,9,gun_shot 
sound_6077.wav,6077,1,10,9,gun_shot 
sound_6078.wav,6078,1,10,9,gun_shot 
sound_6079.wav,6079,1,10,9,gun_shot 
sound_6080.wav,6080,1,10,9,gun_shot 
sound_6081.wav,6081,1,10,9,gun_shot 
sound_6082.wav,6082,1,10,9,gun_shot 
sound_6083.wav,6083,1,10,9,gun_shot 
sound_6084.wav,6084,1,10,9,gun_shot 
sound_6085.wav,6085,1,10,9,gun_shot 
sound_6086.wav,6086,1,10,9,gun_shot 
sound_6087.wav,6087,1,10,9,gun_shot 
sound_6088.wav,6088,1,10,9,gun_shot 
sound_6089.wav,6089,1,10,9,gun_shot 
sound_6090.wav,6090,1,10,9,gun_shot 
sound_6091.wav,6091,1,10,9,gun_shot 
sound_6092.wav,6092,1,10,9,gun_shot 
sound_6093.wav,6093,1,10,9,gun_shot 
sound_6094.wav,6094,1,10,9,gun_shot 
sound_6095.wav,6095,1,10,9,gun_shot 
sound_6096.wav,6096,1,10,9,gun_shot 
sound_6097.wav,6097,1,10,9,gun_shot 
sound_6098.wav,6098,1,10,9,gun_shot 
sound_6099.wav,6099,1,10,9,gun_shot 
sound_6100.wav,6100,1,10,9,gun_shot 
sound_6101.wav,6101,1,10,9,gun_shot 
sound_6102.wav,6102,1,10,9,gun_shot 
sound_6103.wav,6103,1,10,9,gun_shot 
sound_6104.wav,6104,1,10,9,gun_shot 
sound_6105.wav,6105,1,10,9,gun_shot 
sound_6106.wav,6106,1,10,9,gun_shot 
sound_6107.wav,6107,1,10,9,gun_shot 
sound_6108.wav,6108,1,10,9,gun_shot 
sound_6109.wav,6109,1,10,9,gun_shot 
sound_6110.wav,6110,1,10,9,gun_shot 
sound_6111.wav,6111,1,10,9,gun_shot 
sound_6112.wav,6112,1,10,9,gun_shot 
sound_6113.wav,6113,1,10,9,gun_shot 
sound_6114.wav,6114,1,10,9,gun_shot 
sound_6115.wav,6115,1,10,9,gun_shot 
sound_6116.wav,6116,1,10,9,gun_shot 
sound_6117.wav,6117,1,10,9,gun_shot 
sound_6118.wav,6118,1,10,9,gun_shot 
sound_6119.wav,6119,1,10,9,gun_shot 
sound_6120.wav,6120,1,10,9,gun_shot 
sound_6121.wav,6121,1,10,9,gun_shot 
sound_6122.wav,6122,1,10,9,gun_shot 
sound_6123.wav,6123,1,10,9,gun_shot 
sound_6124.wav,6124,1,10,9,gun_shot 
sound_6125.wav,6125,1,10,9,gun_shot 
sound_6126.wav,6126,1,10,9,gun_shot 
sound_6127.wav,6127,1,10,9,gun_shot 
sound_6128.wav,6128,1,10,9,gun_shot 
sound_6129.wav,6129,1,10,9,gun_shot 
sound_6130.wav,6130,1,10,9,gun_shot 
sound_6131.wav,6131,1,10,9,gun_shot 
sound_6132.wav,6132,1,10,9,gun_shot 
sound_6133.wav,6133,1,10,9,gun_shot 
sound_6134.wav,6134,1,10,9,gun_shot 
sound_6135.wav,6135,1,10,9,gun_shot 
sound_6136.wav,6136,1,10,9,gun_shot 
sound_6137.wav,6137,1,10,9,gun_shot 
sound_6138.wav,6138,1,10,9,gun_shot 
sound_6139.wav,6139,1,10,9,gun_shot 
sound_6140.wav,6140,1,10,9,gun_shot 
sound_6141.wav,6141,1,10,9,gun_shot 
sound_6142.wav,6142,1,10,9,gun_shot 
sound_6143.wav,6143,1,10,9,gun_shot 
sound_6144.wav,6144,1,10,9,gun_shot 
sound_6145.wav,6145,1,10,9,gun_shot 
sound_6146.wav,6146,1,10,9,gun_shot 
sound_6147.wav,6147,1,10,9,gun_shot 
sound_6148.wav,6148,1,10,9,gun_shot 
sound_6149.wav,6149,1,10,9,gun_shot 
sound_6150.wav,6150,1,10,9,gun_shot 
sound_6151.wav,6151,1,10,9,gun_shot 
sound_6152.wav,6152,1,10,9,gun_shot 
sound_6153.wav,6153,1,10,9,gun_shot 
sound_6154.wav,6154,1,10,9,gun_shot 
sound_6155.wav,6155,1,10,9,gun_shot 
sound_6156.wav,6156,1,10,9,gun_shot 
sound_6157.wav,6157,1,10,9,gun_shot 
sound_6158.wav,6158,1,10,9,gun_shot 
sound_6159.wav,6159,1,10,9,gun_shot 
sound_6160.wav,6160,1,10,9,gun_shot 
sound_6161.wav,6161,1,10,9,gun_shot 
sound_6162.wav,6162,1,10,9,gun_shot 
sound_6163.wav,6163,1,10,9,gun_shot 
sound_6164.wav,6164,1,10,9,gun_shot 
sound_6165.wav,6165,1,10,9,gun_shot 
sound_6166.wav,6166,1,10,9,gun_shot 
sound_6167.wav,6167,1,10,9,gun_shot 
sound_6168.wav,6168,1,10,9,gun_shot 
sound_6169.wav,6169,1,10,9,gun_shot 
sound_6170.wav,6170,1,10,9,gun_shot 
sound_6171.wav,6171,1,10,9,gun_shot 
sound_6172.wav,6172,1,10,9,gun_shot 
sound_6173.wav,6173,1,10,9,gun_shot 
sound_6174.wav,6174,1,10,9,gun_shot 
sound_6175.wav,6175,1,10,9,gun_shot 
sound_6176.wav,6176,1,10,9,gun_shot 
sound_6177.wav,6177,1,10,9,gun_shot 
sound_6178.wav,6178,1,10,9,gun_shot 
sound_6179.wav,6179,1,10,9,gun_shot 
sound_6180.wav,6180,1,10,9,gun_shot 
sound_6181.wav,6181,1,10,9,gun_shot 
sound_6182.wav,6182,1,10,9,gun_shot 
sound_6183.wav,6183,1,10,9,gun_shot 
sound_6184.wav,6184,1,10,9,gun_shot 
sound_6185.wav,6185,1,10,9,gun_shot 
sound_6186.wav,6186,1,10,9,gun_shot 
sound_6187.wav,6187,1,10,9,gun_shot 
sound_6188.wav,6188,1,10,9,gun_shot 
sound_6189.wav,6189,1,10,9,gun_shot 
sound_6190.wav,6190,1,10,9,gun_shot 
sound_6191.wav,6191,1,10,9,gun_shot 
sound_6192.wav,6192,1,10,9,gun_shot 
sound_6193.wav,6193,1,10,9,gun_shot 
sound_6194.wav,6194,1,10,9,gun_shot 
sound_6195.wav,6195,1,10,9,gun_shot 
sound_6196.wav,6196,1,10,9,gun_shot 
sound_6197.wav,6197,1,10,9,gun_shot 
sound_6198.wav,6198,1,10,9,gun_shot 
sound_6199.wav,6199,1,10,9,gun_shot 
sound_6200.wav,6200,1,10,9,gun_shot 
sound_6201.wav,6201,1,10,9,gun_shot 
sound_6202.wav,6202,1,10,9,gun_shot 
sound_6203.wav,6203,1,10,9,gun_shot 
sound_6204.wav,6204,1,10,9,gun_shot 
sound_6205.wav,6205,1,10,9,gun_shot 
sound_6206.wav,6206,1,10,9,gun_shot 
sound_6207.wav,6207,1,10,9,gun_shot 
sound_6208.wav,6208,1,10,9,gun_shot 
sound_6209.wav,6209,1,10,9,gun_shot 
sound_6210.wav,6210,1,10,9,gun_shot 
sound_6211.wav,6211,1,10,9,gun_shot 
sound_6212.wav,6212,1,10,9,gun_shot 
sound_6213.wav,6213,1,10,9,gun_shot 
sound_6214.wav,6214,1,10,9,gun_shot 
sound_6215.wav,6215,1,10,9,gun_shot 
sound_6216.wav,6216,1,10,9,gun_shot 
sound_6217.wav,6217,1,10,9,gun_shot 
sound_6218.wav,6218,1,10,9,gun_shot 
sound_6219.wav,6219,1,10,9,gun_shot 
sound_6220.wav,6220,1,10,9,gun_shot 
sound_6221.wav,6221,1,10,9,gun_shot 
sound_6222.wav,6222,1,10,9,gun_shot 
sound_6223.wav,6223,1,10,9,gun_shot 
sound_6224.wav,6224,1,10,9,gun_shot 
sound_6225.wav,6225,1,10,9,gun_shot 
sound_6226.wav,6226,1,10,9,gun_shot 
sound_6227.wav,6227,1,10,9,gun_shot 
sound_6228.wav,6228,1,10,9,gun_shot 
sound_6229.wav,6229,1,10,9,gun_shot 
sound_6230.wav,6230,1,10,9,gun_shot 
sound_6231.wav,6231,1,10,9,gun_shot 
sound_6232.wav,6232,1,10,9,gun_shot 
sound_6233.wav,6233,1,10,9,gun_shot 
sound_6234.wav,6234,1,10,9,gun_shot 
sound_6235.wav,6235,1,10,9,gun_shot 
sound_6236.wav,6236,1,10,9,gun_shot 
sound_6237.wav,6237,1,10,9,gun_shot 
sound_6238.wav,6238,1,10,9,gun_shot 
sound_6239.wav,6239,1,10,9,gun_shot 
sound_6240.wav,6240,1,10,9,gun_shot 
sound_6241.wav,6241,1,10,9,gun_shot 
sound_6242.wav,6242,1,10,9,gun_shot 
sound_6243.wav,6243,1,10,9,gun_shot 
sound_6244.wav,6244,1,10,9,gun_shot 
sound_6245.wav,6245,1,10,9,gun_shot 
sound_6246.wav,6246,1,10,9,gun_shot 
sound_6247.wav,6247,1,10,9,gun_shot 
sound_6248.wav,6248,1,10,9,gun_shot 
sound_6249.wav,6249,1,10,9,gun_shot 
sound_6250.wav,6250,1,10,9,gun_shot 
sound_6251.wav,6251,1,10,9,gun_shot 
sound_6252.wav,6252,1,10,9,gun_shot 
sound_6253.wav,6253,1,10,9,gun_shot 
sound_6254.wav,6254,1,10,9,gun_shot 
sound_6255.wav,6255,1,10,9,gun_shot 
sound_6256.wav,6256,1,10,9,gun_shot 
sound_6257.wav,6257,1,10,9,gun_shot 
sound_6258.wav,6258,1,10,9,gun_shot 
sound_6259.wav,6259,1,10,9,gun_shot 
sound_6260.wav,6260,1,10,9,gun_shot 
sound_6261.wav,6261,1,10,9,gun_shot 
sound_6262.wav,6262,1,10,9,gun_shot 
sound_6263.wav,6263,1,10,9,gun_shot 
sound_6264.wav,6264,1,10,9,gun_shot 
sound_6265.wav,6265,1,10,9,gun_shot 
sound_6266.wav,6266,1,10,9,gun_shot 
sound_6267.wav,6267,1,10,9,gun_shot 
sound_6268.wav,6268,1,10,9,gun_shot 
sound_6269.wav,6269,1,10,9,gun_shot 
sound_6270.wav,6270,1,10,9,gun_shot 
sound_6271.wav,6271,1,10,9,gun_shot 
sound_6272.wav,6272,1,10,9,gun_shot 
sound_6273.wav,6273,1,10,9,gun_shot 
sound_6274.wav,6274,1,10,9,gun_shot 
sound_6275.wav,6275,1,10,9,gun_shot 
sound_6276.wav,6276,1,10,9,gun_shot 
sound_6277.wav,6277,1,10,9,gun_shot 
sound_6278.wav,6278,1,10,9,gun_shot 
sound_6279.wav,6279,1,10,9,gun_shot 
sound_6280.wav,6280,1,10,9,gun_shot 
sound_6281.wav,6281,1,10,9,gun_shot 
sound_6282.wav,6282,1,10,9,gun_shot 
sound_6283.wav,6283,1,10,9,gun_shot 
sound_6284.wav,6284,1,10,9,gun_shot 
sound_6285.wav,6285,1,10,9,gun_shot 
sound_6286.wav,6286,1,10,9,gun_shot 
sound_6287.wav,6287,1,10,9,gun_shot 
sound_6288.wav,6288,1,10,9,gun_shot 
sound_6289.wav,6289,1,10,9,gun_shot 
sound_6290.wav,6290,1,10,9,gun_shot 
sound_6291.wav,6291,1,10,9,gun_shot 
sound_6292.wav,6292,1,10,9,gun_shot 
sound_6293.wav,6293,1,10,9,gun_shot 
sound_6294.wav,6294,1,10,9,gun_shot 
sound_6295.wav,6295,1,10,9,gun_shot 
sound_6296.wav,6296,1,10,9,gun_shot 
sound_6297.wav,6297,1,10,9,gun_shot 
sound_6298.wav,6298,1,10,9,gun_shot 
sound_6299.wav,6299,1,10,9,gun_shot 
sound_6300.wav,6300,1,10,9,gun_shot 
sound_6301.wav,6301,1,10,9,gun_shot 
sound_6302.wav,6302,1,10,9,gun_shot 
sound_6303.wav,6303,1,10,9,gun_shot 
sound_6304.wav,6304,1,10,9,gun_shot 
sound_6305.wav,6305,1,10,9,gun_shot 
sound_6306.wav,6306,1,10,9,gun_shot 
sound_6307.wav,6307,1,10,9,gun_shot 
sound_6308.wav,6308,1,10,9,gun_shot 
sound_6309.wav,6309,1,10,9,gun_shot 
sound_6310.wav,6310,1,10,9,gun_shot 
sound_6311.wav,6311,1,10,9,gun_shot 
sound_6312.wav,6312,1,10,9,gun_shot 
sound_6313.wav,6313,1,10,9,gun_shot 
sound_6314.wav,6314,1,10,9,gun_shot 
sound_6315.wav,6315,1,10,9,gun_shot 
sound_6316.wav,6316,1,10,9,gun_shot 
sound_6317.wav,6317,1,10,9,gun_shot 
sound_6318.wav,6318,1,10,9,gun_shot 
sound_6319.wav,6319,1,10,9,gun_shot 
sound_6320.wav,6320,1,10,9,gun_shot 
sound_6321.wav,6321,1,10,9,gun_shot 
sound_6322.wav,6322,1,10,9,gun_shot 
sound_6323.wav,6323,1,10,9,gun_shot 
sound_6324.wav,6324,1,10,9,gun_shot 
sound_6325.wav,6325,1,10,9,gun_shot 
sound_6326.wav,6326,1,10,9,gun_shot 
sound_6327.wav,6327,1,10,9,gun_shot 
sound_6328.wav,6328,1,10,9,gun_shot 
sound_6329.wav,6329,1,10,9,gun_shot 
sound_6330.wav,6330,1,10,9,gun_shot 
sound_6331.wav,6331,1,10,9,gun_shot 
sound_6332.wav,6332,1,10,9,gun_shot 
sound_6333.wav,6333,1,10,9,gun_shot 
sound_6334.wav,6334,1,10,9,gun_shot 
sound_6335.wav,6335,1,10,9,gun_shot 
sound_6336.wav,6336,1,10,9,gun_shot 
sound_6337.wav,6337,1,10,9,gun_shot 
sound_6338.wav,6338,1,10,9,gun_shot 
sound_6339.wav,6339,1,10,9,gun_shot 
sound_6340.wav,6340,1,10,9,gun_shot 
sound_6341.wav,6341,1,10,9,gun_shot 
sound_6342.wav,6342,1,10,9,gun_shot 
sound_6343.wav,6343,1,10,9,gun_shot 
sound_6344.wav,6344,1,10,9,gun_shot 
sound_6345.wav,6345,1,10,9,gun_shot 
sound_6346.wav,6346,1,10,9,gun_shot 
sound_6347.wav,6347,1,10,9,gun_shot 
sound_6348.wav,6348,1,10,9,gun_shot 
sound_6349.wav,6349,1,10,9,gun_shot 
sound_6350.wav,6350,1,10,9,gun_shot 
sound_6351.wav,6351,1,10,9,gun_shot 
sound_6352.wav,6352,1,10,9,gun_shot 
sound_6353.wav,6353,1,10,9,gun_shot 
sound_6354.wav,6354,1,10,9,gun_shot 
sound_6355.wav,6355,1,10,9,gun_shot 
sound_6356.wav,6356,1,10,9,gun_shot 
sound_6357.wav,6357,1,10,9,gun_shot 
sound_6358.wav,6358,1,10,9,gun_shot 
sound_6359.wav,6359,1,10,9,gun_shot 
sound_6360.wav,6360,1,10,9,gun_shot 
sound_6361.wav,6361,1,10,9,gun_shot 
sound_6362.wav,6362,1,10,9,gun_shot 
sound_6363.wav,6363,1,10,9,gun_shot 
sound_6364.wav,6364,1,10,9,gun_shot 
sound_6365.wav,6365,1,10,9,gun_shot 
sound_6366.wav,6366,1,10,9,gun_shot 
sound_6367.wav,6367,1,10,9,gun_shot 
sound_6368.wav,6368,1,10,9,gun_shot 
sound_6369.wav,6369,1,10,9,gun_shot 
sound_6370.wav,6370,1,10,9,gun_shot 
sound_6371.wav,6371,1,10,9,gun_shot 
sound_6372.wav,6372,1,10,9,gun_shot 
sound_6373.wav,6373,1,10,9,gun_shot 
sound_6374.wav,6374,1,10,9,gun_shot 
sound_6375.wav,6375,2,11,10,jackhammer
sound_6376.wav,6376,2,11,10,jackhammer
sound_6377.wav,6377,2,11,10,jackhammer
sound_6378.wav,6378,2,11,10,jackhammer
sound_6379.wav,6379,2,11,10,jackhammer
sound_6380.wav,6380,2,11,10,jackhammer
sound_6381.wav,6381,2,11,10,jackhammer
sound_6382.wav,6382,2,11,10,jackhammer
sound_6383.wav,6383,2,11,10,jackhammer
sound_6384.wav,6384,2,11,10,jackhammer
sound_6385.wav,6385,2,11,10,jackhammer
sound_6386.wav,6386,2,11,10,jackhammer
sound_6387.wav,6387,2,11,10,jackhammer
sound_6388.wav,6388,2,11,10,jackhammer
sound_6389.wav,6389,2,11,10,jackhammer
sound_6390.wav,6390,2,11,10,jackhammer
sound_6391.wav,6391,2,11,10,jackhammer
sound_6392.wav,6392,2,11,10,jackhammer
sound_6393.wav,6393,2,11,10,jackhammer
sound_6394.wav,6394,2,11,10,jackhammer
sound_6395.wav,6395,2,11,10,jackhammer
sound_6396.wav,6396,2,11,10,jackhammer
sound_6397.wav,6397,2,11,10,jackhammer
sound_6398.wav,6398,2,11,10,jackhammer
sound_6399.wav,6399,2,11,10,jackhammer
sound_6400.wav,6400,2,11,10,jackhammer
sound_6401.wav,6401,2,11,10,jackhammer
sound_6402.wav,6402,2,11,10,jackhammer
sound_6403.wav,6403,2,11,10,jackhammer
sound_6404.wav,6404,2,11,10,jackhammer
sound_6405.wav,6405,2,11,10,jackhammer
sound_6406.wav,6406,2,11,10,jackhammer
sound_6407.wav,6407,2,11,10,jackhammer
sound_6408.wav,6408,2,11,10,jackhammer
sound_6409.wav,6409,2,11,10,jackhammer
sound_6410.wav,6410,2,11,10,jackhammer
sound_6411.wav,6411,2,11,10,jackhammer
sound_6412.wav,6412,2,11,10,jackhammer
sound_6413.wav,6413,2,11,10,jackhammer
sound_6414.wav,6414,2,11,10,jackhammer
sound_6415.wav,6415,2,11,10,jackhammer
sound_6416.wav,6416,2,11,10,jackhammer
sound_6417.wav,6417,2,11,10,jackhammer
sound_6418.wav,6418,2,11,10,jackhammer
sound_6419.wav,6419,2,11,10,jackhammer
sound_6420.wav,6420,2,11,10,jackhammer
sound_6421.wav,6421,2,11,10,jackhammer
sound_6422.wav,6422,2,11,10,jackhammer
sound_6423.wav,6423,2,11,10,jackhammer
sound_6424.wav,6424,2,11,10,jackhammer
sound_6425.wav,6425,2,11,10,jackhammer
sound_6426.wav,6426,2,11,10,jackhammer
sound_6427.wav,6427,2,11,10,jackhammer
sound_6428.wav,6428,2,11,10,jackhammer
sound_6429.wav,6429,2,11,10,jackhammer
sound_6430.wav,6430,2,11,10,jackhammer
sound_6431.wav,6431,2,11,10,jackhammer
sound_6432.wav,6432,2,11,10,jackhammer
sound_6433.wav,6433,2,11,10,jackhammer
sound_6434.wav,6434,2,11,10,jackhammer
sound_6435.wav,6435,2,11,10,jackhammer
sound_6436.wav,6436,2,11,10,jackhammer
sound_6437.wav,6437,2,11,10,jackhammer
sound_6438.wav,6438,2,11,10,jackhammer
sound_6439.wav,6439,2,11,10,jackhammer
sound_6440.wav,6440,2,11,10,jackhammer
sound_6441.wav,6441,2,11,10,jackhammer
sound_6442.wav,6442,2,11,10,jackhammer
sound_6443.wav,6443,2,11,10,jackhammer
sound_6444.wav,6444,2,11,10,jackhammer
sound_6445.wav,6445,2,11,10,jackhammer
sound_6446.wav,6446,2,11,10,jackhammer
sound_6447.wav,6447,2,11,10,jackhammer
sound_6448.wav,6448,2,11,10,jackhammer
sound_6449.wav,6449,2,11,10,jackhammer
sound_6450.wav,6450,2,11,10,jackhammer
sound_6451.wav,6451,2,11,10,jackhammer
sound_6452.wav,6452,2,11,10,jackhammer
sound_6453.wav,6453,2,11,10,jackhammer
sound_6454.wav,6454,2,11,10,jackhammer
sound_6455.wav,6455,2,11,10,jackhammer
sound_6456.wav,6456,2,11,10,jackhammer
sound_6457.wav,6457,2,11,10,jackhammer
sound_6458.wav,6458,2,11,10,jackhammer
sound_6459.wav,6459,2,11,10,jackhammer
sound_6460.wav,6460,2,11,10,jackhammer
sound_6461.wav,6461,2,11,10,jackhammer
sound_6462.wav,6462,2,11,10,jackhammer
sound_6463.wav,6463,2,11,10,jackhammer
sound_6464.wav,6464,2,11,10,jackhammer
sound_6465.wav,6465,2,11,10,jackhammer
sound_6466.wav,6466,2,11,10,jackhammer
sound_6467.wav,6467,2,11,10,jackhammer
sound_6468.wav,6468,2,11,10,jackhammer
sound_6469.wav,6469,2,11,10,jackhammer
sound_6470.wav,6470,2,11,10,jackhammer
sound_6471.wav,6471,2,11,10,jackhammer
sound_6472.wav,6472,2,11,10,jackhammer
sound_6473.wav,6473,2,11,10,jackhammer
sound_6474.wav,6474,2,11,10,jackhammer
sound_6475.wav,6475,2,11,10,jackhammer
sound_6476.wav,6476,2,11,10,jackhammer
sound_6477.wav,6477,2,11,10,jackhammer
sound_6478.wav,6478,2,11,10,jackhammer
sound_6479.wav,6479,2,11,10,jackhammer
sound_6480.wav,6480,2,11,10,jackhammer
sound_6481.wav,6481,2,11,10,jackhammer
sound_6482.wav,6482,2,11,10,jackhammer
sound_6483.wav,6483,2,11,10,jackhammer
sound_6484.wav,6484,2,11,10,jackhammer
sound_6485.wav,6485,2,11,10,jackhammer
sound_6486.wav,6486,2,11,10,jackhammer
sound_6487.wav,6487,2,11,10,jackhammer
sound_6488.wav,6488,2,11,10,jackhammer
sound_6489.wav,6489,2,11,10,jackhammer
sound_6490.wav,6490,2,11,10,jackhammer
sound_6491.wav,6491,2,11,10,jackhammer
sound_6492.wav,6492,2,11,10,jackhammer
sound_6493.wav,6493,2,11,10,jackhammer
sound_6494.wav,6494,2,11,10,jackhammer
sound_6495.wav,6495,2,11,10,jackhammer
sound_6496.wav,6496,2,11,10,jackhammer
sound_6497.wav,6497,2,11,10,jackhammer
sound_6498.wav,6498,2,11,10,jackhammer
sound_6499.wav,6499,2,11,10,jackhammer
sound_6500.wav,6500,2,11,10,jackhammer
sound_6501.wav,6501,2,11,10,jackhammer
sound_6502.wav,6502,2,11,10,jackhammer
sound_6503.wav,6503,2,11,10,jackhammer
sound_6504.wav,6504,2,11,10,jackhammer
sound_6505.wav,6505,2,11,10,jackhammer
sound_6506.wav,6506,2,11,10,jackhammer
sound_6507.wav,6507,2,11,10,jackhammer
sound_6508.wav,6508,2,11,10,jackhammer
sound_6509.wav,6509,2,11,10,jackhammer
sound_6510.wav,6510,2,11,10,jackhammer
sound_6511.wav,6511,2,11,10,jackhammer
sound_6512.wav,6512,2,11,10,jackhammer
sound_6513.wav,6513,2,11,10,jackhammer
sound_6514.wav,6514,2,11,10,jackhammer
sound_6515.wav,6515,2,11,10,jackhammer
sound_6516.wav,6516,2,11,10,jackhammer
sound_6517.wav,6517,2,11,10,jackhammer
sound_6518.wav,6518,2,11,10,jackhammer
sound_6519.wav,6519,2,11,10,jackhammer
sound_6520.wav,6520,2,11,10,jackhammer
sound_6521.wav,6521,2,11,10,jackhammer
sound_6522.wav,6522,2,11,10,jackhammer
sound_6523.wav,6523,2,11,10,jackhammer
sound_6524.wav,6524,2,11,10,jackhammer
sound_6525.wav,6525,2,11,10,jackhammer
sound_6526.wav,6526,2,11,10,jackhammer
sound_6527.wav,6527,2,11,10,jackhammer
sound_6528.wav,6528,2,11,10,jackhammer
sound_6529.wav,6529,2,11,10,jackhammer
sound_6530.wav,6530,2,11,10,jackhammer
sound_6531.wav,6531,2,11,10,jackhammer
sound_6532.wav,6532,2,11,10,jackhammer
sound_6533.wav,6533,2,11,10,jackhammer
sound_6534.wav,6534,2,11,10,jackhammer
sound_6535.wav,6535,2,11,10,jackhammer
sound_6536.wav,6536,2,11,10,jackhammer
sound_6537.wav,6537,2,11,10,jackhammer
sound_6538.wav,6538,2,11,10,jackhammer
sound_6539.wav,6539,2,11,10,jackhammer
sound_6540.wav,6540,2,11,10,jackhammer
sound_6541.wav,6541,2,11,10,jackhammer
sound_6542.wav,6542,2,11,10,jackhammer
sound_6543.wav,6543,2,11,10,jackhammer
sound_6544.wav,6544,2,11,10,jackhammer
sound_6545.wav,6545,2,11,10,jackhammer
sound_6546.wav,6546,2,11,10,jackhammer
sound_6547.wav,6547,2,11,10,jackhammer
sound_6548.wav,6548,2,11,10,jackhammer
sound_6549.wav,6549,2,11,10,jackhammer
sound_6550.wav,6550,2,11,10,jackhammer
sound_6551.wav,6551,2,11,10,jackhammer
sound_6552.wav,6552,2,11,10,jackhammer
sound_6553.wav,6553,2,11,10,jackhammer
sound_6554.wav,6554,2,11,10,jackhammer
sound_6555.wav,6555,2,11,10,jackhammer
sound_6556.wav,6556,2,11,10,jackhammer
sound_6557.wav,6557,2,11,10,jackhammer
sound_6558.wav,6558,2,11,10,jackhammer
sound_6559.wav,6559,2,11,10,jackhammer
sound_6560.wav,6560,2,11,10,jackhammer
sound_6561.wav,6561,2,11,10,jackhammer
sound_6562.wav,6562,2,11,10,jackhammer
sound_6563.wav,6563,2,11,10,jackhammer
sound_6564.wav,6564,2,11,10,jackhammer
sound_6565.wav,6565,2,11,10,jackhammer
sound_6566.wav,6566,2,11,10,jackhammer
sound_6567.wav,6567,2,11,10,jackhammer
sound_6568.wav,6568,2,11,10,jackhammer
sound_6569.wav,6569,2,11,10,jackhammer
sound_6570.wav,6570,2,11,10,jackhammer
sound_6571.wav,6571,2,11,10,jackhammer
sound_6572.wav,6572,2,11,10,jackhammer
sound_6573.wav,6573,2,11,10,jackhammer
sound_6574.wav,6574,2,11,10,jackhammer
sound_6575.wav,6575,2,11,10,jackhammer
sound_6576.wav,6576,2,11,10,jackhammer
sound_6577.wav,6577,2,11,10,jackhammer
sound_6578.wav,6578,2,11,10,jackhammer
sound_6579.wav,6579,2,11,10,jackhammer
sound_6580.wav,6580,2,11,10,jackhammer
sound_6581.wav,6581,2,11,10,jackhammer
sound_6582.wav,6582,2,11,10,jackhammer
sound_6583.wav,6583,2,11,10,jackhammer
sound_6584.wav,6584,2,11,10,jackhammer
sound_6585.wav,6585,2,11,10,jackhammer
sound_6586.wav,6586,2,11,10,jackhammer
sound_6587.wav,6587,2,11,10,jackhammer
sound_6588.wav,6588,2,11,10,jackhammer
sound_6589.wav,6589,2,11,10,jackhammer
sound_6590.wav,6590,2,11,10,jackhammer
sound_6591.wav,6591,2,11,10,jackhammer
sound_6592.wav,6592,2,11,10,jackhammer
sound_6593.wav,6593,2,11,10,jackhammer
sound_6594.wav,6594,2,11,10,jackhammer
sound_6595.wav,6595,2,11,10,jackhammer
sound_6596.wav,6596,2,11,10,jackhammer
sound_6597.wav,6597,2,11,10,jackhammer
sound_6598.wav,6598,2,11,10,jackhammer
sound_6599.wav,6599,2,11,10,jackhammer
sound_6600.wav,6600,2,11,10,jackhammer
sound_6601.wav,6601,2,11,10,jackhammer
sound_6602.wav,6602,2,11,10,jackhammer
sound_6603.wav,6603,2,11,10,jackhammer
sound_6604.wav,6604,2,11,10,jackhammer
sound_6605.wav,6605,2,11,10,jackhammer
sound_6606.wav,6606,2,11,10,jackhammer
sound_6607.wav,6607,2,11,10,jackhammer
sound_6608.wav,6608,2,11,10,jackhammer
sound_6609.wav,6609,2,11,10,jackhammer
sound_6610.wav,6610,2,11,10,jackhammer
sound_6611.wav,6611,2,11,10,jackhammer
sound_6612.wav,6612,2,11,10,jackhammer
sound_6613.wav,6613,2,11,10,jackhammer
sound_6614.wav,6614,2,11,10,jackhammer
sound_6615.wav,6615,2,11,10,jackhammer
sound_6616.wav,6616,2,11,10,jackhammer
sound_6617.wav,6617,2,11,10,jackhammer
sound_6618.wav,6618,2,11,10,jackhammer
sound_6619.wav,6619,2,11,10,jackhammer
sound_6620.wav,6620,2,11,10,jackhammer
sound_6621.wav,6621,2,11,10,jackhammer
sound_6622.wav,6622,2,11,10,jackhammer
sound_6623.wav,6623,2,11,10,jackhammer
sound_6624.wav,6624,2,11,10,jackhammer
sound_6625.wav,6625,2,11,10,jackhammer
sound_6626.wav,6626,2,11,10,jackhammer
sound_6627.wav,6627,2,11,10,jackhammer
sound_6628.wav,6628,2,11,10,jackhammer
sound_6629.wav,6629,2,11,10,jackhammer
sound_6630.wav,6630,2,11,10,jackhammer
sound_6631.wav,6631,2,11,10,jackhammer
sound_6632.wav,6632,2,11,10,jackhammer
sound_6633.wav,6633,2,11,10,jackhammer
sound_6634.wav,6634,2,11,10,jackhammer
sound_6635.wav,6635,2,11,10,jackhammer
sound_6636.wav,6636,2,11,10,jackhammer
sound_6637.wav,6637,2,11,10,jackhammer
sound_6638.wav,6638,2,11,10,jackhammer
sound_6639.wav,6639,2,11,10,jackhammer
sound_6640.wav,6640,2,11,10,jackhammer
sound_6641.wav,6641,2,11,10,jackhammer
sound_6642.wav,6642,2,11,10,jackhammer
sound_6643.wav,6643,2,11,10,jackhammer
sound_6644.wav,6644,2,11,10,jackhammer
sound_6645.wav,6645,2,11,10,jackhammer
sound_6646.wav,6646,2,11,10,jackhammer
sound_6647.wav,6647,2,11,10,jackhammer
sound_6648.wav,6648,2,11,10,jackhammer
sound_6649.wav,6649,2,11,10,jackhammer
sound_6650.wav,6650,2,11,10,jackhammer
sound_6651.wav,6651,2,11,10,jackhammer
sound_6652.wav,6652,2,11,10,jackhammer
sound_6653.wav,6653,2,11,10,jackhammer
sound_6654.wav,6654,2,11,10,jackhammer
sound_6655.wav,6655,2,11,10,jackhammer
sound_6656.wav,6656,2,11,10,jackhammer
sound_6657.wav,6657,2,11,10,jackhammer
sound_6658.wav,6658,2,11,10,jackhammer
sound_6659.wav,6659,2,11,10,jackhammer
sound_6660.wav,6660,2,11,10,jackhammer
sound_6661.wav,6661,2,11,10,jackhammer
sound_6662.wav,6662,2,11,10,jackhammer
sound_6663.wav,6663,2,11,10,jackhammer
sound_6664.wav,6664,2,11,10,jackhammer
sound_6665.wav,6665,2,11,10,jackhammer
sound_6666.wav,6666,2,11,10,jackhammer
sound_6667.wav,6667,2,11,10,jackhammer
sound_6668.wav,6668,2,11,10,jackhammer
sound_6669.wav,6669,2,11,10,jackhammer
sound_6670.wav,6670,2,11,10,jackhammer
sound_6671.wav,6671,2,11,10,jackhammer
sound_6672.wav,6672,2,11,10,jackhammer
sound_6673.wav,6673,2,11,10,jackhammer
sound_6674.wav,6674,2,11,10,jackhammer
sound_6675.wav,6675,2,11,10,jackhammer
sound_6676.wav,6676,2,11,10,jackhammer
sound_6677.wav,6677,2,11,10,jackhammer
sound_6678.wav,6678,2,11,10,jackhammer
sound_6679.wav,6679,2,11,10,jackhammer
sound_6680.wav,6680,2,11,10,jackhammer
sound_6681.wav,6681,2,11,10,jackhammer
sound_6682.wav,6682,2,11,10,jackhammer
sound_6683.wav,6683,2,11,10,jackhammer
sound_6684.wav,6684,2,11,10,jackhammer
sound_6685.wav,6685,2,11,10,jackhammer
sound_6686.wav,6686,2,11,10,jackhammer
sound_6687.wav,6687,2,11,10,jackhammer
sound_6688.wav,6688,2,11,10,jackhammer
sound_6689.wav,6689,2,11,10,jackhammer
sound_6690.wav,6690,2,11,10,jackhammer
sound_6691.wav,6691,2,11,10,jackhammer
sound_6692.wav,6692,2,11,10,jackhammer
sound_6693.wav,6693,2,11,10,jackhammer
sound_6694.wav,6694,2,11,10,jackhammer
sound_6695.wav,6695,2,11,10,jackhammer
sound_6696.wav,6696,2,11,10,jackhammer
sound_6697.wav,6697,2,11,10,jackhammer
sound_6698.wav,6698,2,11,10,jackhammer
sound_6699.wav,6699,2,11,10,jackhammer
sound_6700.wav,6700,2,11,10,jackhammer
sound_6701.wav,6701,2,11,10,jackhammer
sound_6702.wav,6702,2,11,10,jackhammer
sound_6703.wav,6703,2,11,10,jackhammer
sound_6704.wav,6704,2,11,10,jackhammer
sound_6705.wav,6705,2,11,10,jackhammer
sound_6706.wav,6706,2,11,10,jackhammer
sound_6707.wav,6707,2,11,10,jackhammer
sound_6708.wav,6708,2,11,10,jackhammer
sound_6709.wav,6709,2,11,10,jackhammer
sound_6710.wav,6710,2,11,10,jackhammer
sound_6711.wav,6711,2,11,10,jackhammer
sound_6712.wav,6712,2,11,10,jackhammer
sound_6713.wav,6713,2,11,10,jackhammer
sound_6714.wav,6714,2,11,10,jackhammer
sound_6715.wav,6715,2,11,10,jackhammer
sound_6716.wav,6716,2,11,10,jackhammer
sound_6717.wav,6717,2,11,10,jackhammer
sound_6718.wav,6718,2,11,10,jackhammer
sound_6719.wav,6719,2,11,10,jackhammer
sound_6720.wav,6720,2,11,10,jackhammer
sound_6721.wav,6721,2,11,10,jackhammer
sound_6722.wav,6722,2,11,10,jackhammer
sound_6723.wav,6723,2,11,10,jackhammer
sound_6724.wav,6724,2,11,10,jackhammer
sound_6725.wav,6725,2,11,10,jackhammer
sound_6726.wav,6726,2,11,10,jackhammer
sound_6727.wav,6727,2,11,10,jackhammer
sound_6728.wav,6728,2,11,10,jackhammer
sound_6729.wav,6729,2,11,10,jackhammer
sound_6730.wav,6730,2,11,10,jackhammer
sound_6731.wav,6731,2,11,10,jackhammer
sound_6732.wav,6732,2,11,10,jackhammer
sound_6733.wav,6733,2,11,10,jackhammer
sound_6734.wav,6734,2,11,10,jackhammer
sound_6735.wav,6735,2,11,10,jackhammer
sound_6736.wav,6736,2,11,10,jackhammer
sound_6737.wav,6737,2,11,10,jackhammer
sound_6738.wav,6738,2,11,10,jackhammer
sound_6739.wav,6739,2,11,10,jackhammer
sound_6740.wav,6740,2,11,10,jackhammer
sound_6741.wav,6741,2,11,10,jackhammer
sound_6742.wav,6742,2,11,10,jackhammer
sound_6743.wav,6743,2,11,10,jackhammer
sound_6744.wav,6744,2,11,10,jackhammer
sound_6745.wav,6745,2,11,10,jackhammer
sound_6746.wav,6746,2,11,10,jackhammer
sound_6747.wav,6747,2,11,10,jackhammer
sound_6748.wav,6748,2,11,10,jackhammer
sound_6749.wav,6749,2,11,10,jackhammer
sound_6750.wav,6750,2,11,10,jackhammer
sound_6751.wav,6751,2,11,10,jackhammer
sound_6752.wav,6752,2,11,10,jackhammer
sound_6753.wav,6753,2,11,10,jackhammer
sound_6754.wav,6754,2,11,10,jackhammer
sound_6755.wav,6755,2,11,10,jackhammer
sound_6756.wav,6756,2,11,10,jackhammer
sound_6757.wav,6757,2,11,10,jackhammer
sound_6758.wav,6758,2,11,10,jackhammer
sound_6759.wav,6759,2,11,10,jackhammer
sound_6760.wav,6760,2,11,10,jackhammer
sound_6761.wav,6761,2,11,10,jackhammer
sound_6762.wav,6762,2,11,10,jackhammer
sound_6763.wav,6763,2,11,10,jackhammer
sound_6764.wav,6764,2,11,10,jackhammer
sound_6765.wav,6765,2,11,10,jackhammer
sound_6766.wav,6766,2,11,10,jackhammer
sound_6767.wav,6767,2,11,10,jackhammer
sound_6768.wav,6768,2,11,10,jackhammer
sound_6769.wav,6769,2,11,10,jackhammer
sound_6770.wav,6770,2,11,10,jackhammer
sound_6771.wav,6771,2,11,10,jackhammer
sound_6772.wav,6772,2,11,10,jackhammer
sound_6773.wav,6773,2,11,10,jackhammer
sound_6774.wav,6774,2,11,10,jackhammer
sound_6775.wav,6775,2,11,10,jackhammer
sound_6776.wav,6776,2,11,10,jackhammer
sound_6777.wav,6777,2,11,10,jackhammer
sound_6778.wav,6778,2,11,10,jackhammer
sound_6779.wav,6779,2,11,10,jackhammer
sound_6780.wav,6780,2,11,10,jackhammer
sound_6781.wav,6781,2,11,10,jackhammer
sound_6782.wav,6782,2,11,10,jackhammer
sound_6783.wav,6783,2,11,10,jackhammer
sound_6784.wav,6784,2,11,10,jackhammer
sound_6785.wav,6785,2,11,10,jackhammer
sound_6786.wav,6786,2,11,10,jackhammer
sound_6787.wav,6787,2,11,10,jackhammer
sound_6788.wav,6788,2,11,10,jackhammer
sound_6789.wav,6789,2,11,10,jackhammer
sound_6790.wav,6790,2,11,10,jackhammer
sound_6791.wav,6791,2,11,10,jackhammer
sound_6792.wav,6792,2,11,10,jackhammer
sound_6793.wav,6793,2,11,10,jackhammer
sound_6794.wav,6794,2,11,10,jackhammer
sound_6795.wav,6795,2,11,10,jackhammer
sound_6796.wav,6796,2,11,10,jackhammer
sound_6797.wav,6797,2,11,10,jackhammer
sound_6798.wav,6798,2,11,10,jackhammer
sound_6799.wav,6799,2,11,10,jackhammer
sound_6800.wav,6800,2,11,10,jackhammer
sound_6801.wav,6801,2,11,10,jackhammer
sound_6802.wav,6802,2,11,10,jackhammer
sound_6803.wav,6803,2,11,10,jackhammer
sound_6804.wav,6804,2,11,10,jackhammer
sound_6805.wav,6805,2,11,10,jackhammer
sound_6806.wav,6806,2,11,10,jackhammer
sound_6807.wav,6807,2,11,10,jackhammer
sound_6808.wav,6808,2,11,10,jackhammer
sound_6809.wav,6809,2,11,10,jackhammer
sound_6810.wav,6810,2,11,10,jackhammer
sound_6811.wav,6811,2,11,10,jackhammer
sound_6812.wav,6812,2,11,10,jackhammer
sound_6813.wav,6813,2,11,10,jackhammer
sound_6814.wav,6814,2,11,10,jackhammer
sound_6815.wav,6815,2,11,10,jackhammer
sound_6816.wav,6816,2,11,10,jackhammer
sound_6817.wav,6817,2,11,10,jackhammer
sound_6818.wav,6818,2,11,10,jackhammer
sound_6819.wav,6819,2,11,10,jackhammer
sound_6820.wav,6820,2,11,10,jackhammer
sound_6821.wav,6821,2,11,10,jackhammer
sound_6822.wav,6822,2,11,10,jackhammer
sound_6823.wav,6823,2,11,10,jackhammer
sound_6824.wav,6824,2,11,10,jackhammer
sound_6825.wav,6825,2,11,10,jackhammer
sound_6826.wav,6826,2,11,10,jackhammer
sound_6827.wav,6827,2,11,10,jackhammer
sound_6828.wav,6828,2,11,10,jackhammer
sound_6829.wav,6829,2,11,10,jackhammer
sound_6830.wav,6830,2,11,10,jackhammer
sound_6831.wav,6831,2,11,10,jackhammer
sound_6832.wav,6832,2,11,10,jackhammer
sound_6833.wav,6833,2,11,10,jackhammer
sound_6834.wav,6834,2,11,10,jackhammer
sound_6835.wav,6835,2,11,10,jackhammer
sound_6836.wav,6836,2,11,10,jackhammer
sound_6837.wav,6837,2,11,10,jackhammer
sound_6838.wav,6838,2,11,10,jackhammer
sound_6839.wav,6839,2,11,10,jackhammer
sound_6840.wav,6840,2,11,10,jackhammer
sound_6841.wav,6841,2,11,10,jackhammer
sound_6842.wav,6842,2,11,10,jackhammer
sound_6843.wav,6843,2,11,10,jackhammer
sound_6844.wav,6844,2,11,10,jackhammer
sound_6845.wav,6845,2,11,10,jackhammer
sound_6846.wav,6846,2,11,10,jackhammer
sound_6847.wav,6847,2,11,10,jackhammer
sound_6848.wav,6848,2,11,10,jackhammer
sound_6849.wav,6849,2,11,10,jackhammer
sound_6850.wav,6850,2,11,10,jackhammer
sound_6851.wav,6851,2,11,10,jackhammer
sound_6852.wav,6852,2,11,10,jackhammer
sound_6853.wav,6853,2,11,10,jackhammer
sound_6854.wav,6854,2,11,10,jackhammer
sound_6855.wav,6855,2,11,10,jackhammer
sound_6856.wav,6856,2,11,10,jackhammer
sound_6857.wav,6857,2,11,10,jackhammer
sound_6858.wav,6858,2,11,10,jackhammer
sound_6859.wav,6859,2,11,10,jackhammer
sound_6860.wav,6860,2,11,10,jackhammer
sound_6861.wav,6861,2,11,10,jackhammer
sound_6862.wav,6862,2,11,10,jackhammer
sound_6863.wav,6863,2,11,10,jackhammer
sound_6864.wav,6864,2,11,10,jackhammer
sound_6865.wav,6865,2,11,10,jackhammer
sound_6866.wav,6866,2,11,10,jackhammer
sound_6867.wav,6867,2,11,10,jackhammer
sound_6868.wav,6868,2,11,10,jackhammer
sound_6869.wav,6869,2,11,10,jackhammer
sound_6870.wav,6870,2,11,10,jackhammer
sound_6871.wav,6871,2,11,10,jackhammer
sound_6872.wav,6872,2,11,10,jackhammer
sound_6873.wav,6873,2,11,10,jackhammer
sound_6874.wav,6874,2,11,10,jackhammer
sound_6875.wav,6875,2,11,10,jackhammer
sound_6876.wav,6876,2,11,10,jackhammer
sound_6877.wav,6877,2,11,10,jackhammer
sound_6878.wav,6878,2,11,10,jackhammer
sound_6879.wav,6879,2,11,10,jackhammer
sound_6880.wav,6880,2,11,10,jackhammer
sound_6881.wav,6881,2,11,10,jackhammer
sound_6882.wav,6882,2,11,10,jackhammer
sound_6883.wav,6883,2,11,10,jackhammer
sound_6884.wav,6884,2,11,10,jackhammer
sound_6885.wav,6885,2,11,10,jackhammer
sound_6886.wav,6886,2,11,10,jackhammer
sound_6887.wav,6887,2,11,10,jackhammer
sound_6888.wav,6888,2,11,10,jackhammer
sound_6889.wav,6889,2,11,10,jackhammer
sound_6890.wav,6890,2,11,10,jackhammer
sound_6891.wav,6891,2,11,10,jackhammer
sound_6892.wav,6892,2,11,10,jackhammer
sound_6893.wav,6893,2,11,10,jackhammer
sound_6894.wav,6894,2,11,10,jackhammer
sound_6895.wav,6895,2,11,10,jackhammer
sound_6896.wav,6896,2,11,10,jackhammer
sound_6897.wav,6897,2,11,10,jackhammer
sound_6898.wav,6898,2,11,10,jackhammer
sound_6899.wav,6899,2,11,10,jackhammer
sound_6900.wav,6900,2,11,10,jackhammer
sound_6901.wav,6901,2,11,10,jackhammer
sound_6902.wav,6902,2,11,10,jackhammer
sound_6903.wav,6903,2,11,10,jackhammer
sound_6904.wav,6904,2,11,10,jackhammer
sound_6905.wav,6905,2,11,10,jackhammer
sound_6906.wav,6906,2,11,10,jackhammer
sound_6907.wav,6907,2,11,10,jackhammer
sound_6908.wav,6908,2,11,10,jackhammer
sound_6909.wav,6909,2,11,10,jackhammer
sound_6910.wav,6910,2,11,10,jackhammer
sound_6911.wav,6911,2,11,10,jackhammer
sound_6912.wav,6912,2,11,10,jackhammer
sound_6913.wav,6913,2,11,10,jackhammer
sound_6914.wav,6914,2,11,10,jackhammer
sound_6915.wav,6915,2,11,10,jackhammer
sound_6916.wav,6916,2,11,10,jackhammer
sound_6917.wav,6917,2,11,10,jackhammer
sound_6918.wav,6918,2,11,10,jackhammer
sound_6919.wav,6919,2,11,10,jackhammer
sound_6920.wav,6920,2,11,10,jackhammer
sound_6921.wav,6921,2,11,10,jackhammer
sound_6922.wav,6922,2,11,10,jackhammer
sound_6923.wav,6923,2,11,10,jackhammer
sound_6924.wav,6924,2,11,10,jackhammer
sound_6925.wav,6925,2,11,10,jackhammer
sound_6926.wav,6926,2,11,10,jackhammer
sound_6927.wav,6927,2,11,10,jackhammer
sound_6928.wav,6928,2,11,10,jackhammer
sound_6929.wav,6929,2,11,10,jackhammer
sound_6930.wav,6930,2,11,10,jackhammer
sound_6931.wav,6931,2,11,10,jackhammer
sound_6932.wav,6932,2,11,10,jackhammer
sound_6933.wav,6933,2,11,10,jackhammer
sound_6934.wav,6934,2,11,10,jackhammer
sound_6935.wav,6935,2,11,10,jackhammer
sound_6936.wav,6936,2,11,10,jackhammer
sound_6937.wav,6937,2,11,10,jackhammer
sound_6938.wav,6938,2,11,10,jackhammer
sound_6939.wav,6939,2,11,10,jackhammer
sound_6940.wav,6940,2,11,10,jackhammer
sound_6941.wav,6941,2,11,10,jackhammer
sound_6942.wav,6942,2,11,10,jackhammer
sound_6943.wav,6943,2,11,10,jackhammer
sound_6944.wav,6944,2,11,10,jackhammer
sound_6945.wav,6945,2,11,10,jackhammer
sound_6946.wav,6946,2,11,10,jackhammer
sound_6947.wav,6947,2,11,10,jackhammer
sound_6948.wav,6948,2,11,10,jackhammer
sound_6949.wav,6949,2,11,10,jackhammer
sound_6950.wav,6950,2,11,10,jackhammer
sound_6951.wav,6951,2,11,10,jackhammer
sound_6952.wav,6952,2,11,10,jackhammer
sound_6953.wav,6953,2,11,10,jackhammer
sound_6954.wav,6954,2,11,10,jackhammer
sound_6955.wav,6955,2,11,10,jackhammer
sound_6956.wav,6956,2,11,10,jackhammer
sound_6957.wav,6957,2,11,10,jackhammer
sound_6958.wav,6958,2,11,10,jackhammer
sound_6959.wav,6959,2,11,10,jackhammer
sound_6960.wav,6960,2,11,10,jackhammer
sound_6961.wav,6961,2,11,10,jackhammer
sound_6962.wav,6962,2,11,10,jackhammer
sound_6963.wav,6963,2,11,10,jackhammer
sound_6964.wav,6964,2,11,10,jackhammer
sound_6965.wav,6965,2,11,10,jackhammer
sound_6966.wav,6966,2,11,10,jackhammer
sound_6967.wav,6967,2,11,10,jackhammer
sound_6968.wav,6968,2,11,10,jackhammer
sound_6969.wav,6969,2,11,10,jackhammer
sound_6970.wav,6970,2,11,10,jackhammer
sound_6971.wav,6971,2,11,10,jackhammer
sound_6972.wav,6972,2,11,10,jackhammer
sound_6973.wav,6973,2,11,10,jackhammer
sound_6974.wav,6974,2,11,10,jackhammer
sound_6975.wav,6975,2,11,10,jackhammer
sound_6976.wav,6976,2,11,10,jackhammer
sound_6977.wav,6977,2,11,10,jackhammer
sound_6978.wav,6978,2,11,10,jackhammer
sound_6979.wav,6979,2,11,10,jackhammer
sound_6980.wav,6980,2,11,10,jackhammer
sound_6981.wav,6981,2,11,10,jackhammer
sound_6982.wav,6982,2,11,10,jackhammer
sound_6983.wav,6983,2,11,10,jackhammer
sound_6984.wav,6984,2,11,10,jackhammer
sound_6985.wav,6985,2,11,10,jackhammer
sound_6986.wav,6986,2,11,10,jackhammer
sound_6987.wav,6987,2,11,10,jackhammer
sound_6988.wav,6988,2,11,10,jackhammer
sound_6989.wav,6989,2,11,10,jackhammer
sound_6990.wav,6990,2,11,10,jackhammer
sound_6991.wav,6991,2,11,10,jackhammer
sound_6992.wav,6992,2,11,10,jackhammer
sound_6993.wav,6993,2,11,10,jackhammer
sound_6994.wav,6994,2,11,10,jackhammer
sound_6995.wav,6995,2,11,10,jackhammer
sound_6996.wav,6996,2,11,10,jackhammer
sound_6997.wav,6997,2,11,10,jackhammer
sound_6998.wav,6998,2,11,10,jackhammer
sound_6999.wav,6999,2,11,10,jackhammer
sound_7000.wav,7000,2,11,10,jackhammer
sound_7001.wav,7001,2,11,10,jackhammer
sound_7002.wav,7002,2,11,10,jackhammer
sound_7003.wav,7003,2,11,10,jackhammer
sound_7004.wav,7004,2,11,10,jackhammer
sound_7005.wav,7005,2,11,10,jackhammer
sound_7006.wav,7006,2,11,10,jackhammer
sound_7007.wav,7007,2,11,10,jackhammer
sound_7008.wav,7008,2,11,10,jackhammer
sound_7009.wav,7009,2,11,10,jackhammer
sound_7010.wav,7010,2,11,10,jackhammer
sound_7011.wav,7011,2,11,10,jackhammer
sound_7012.wav,7012,2,11,10,jackhammer
sound_7013.wav,7013,2,11,10,jackhammer
sound_7014.wav,7014,2,11,10,jackhammer
sound_7015.wav,7015,2,11,10,jackhammer
sound_7016.wav,7016,2,11,10,jackhammer
sound_7017.wav,7017,2,11,10,jackhammer
sound_7018.wav,7018,2,11,10,jackhammer
sound_7019.wav,7019,2,11,10,jackhammer
sound_7020.wav,7020,2,11,10,jackhammer
sound_7021.wav,7021,2,11,10,jackhammer
sound_7022.wav,7022,2,11,10,jackhammer
sound_7023.wav,7023,2,11,10,jackhammer
sound_7024.wav,7024,2,11,10,jackhammer
sound_7025.wav,7025,2,11,10,jackhammer
sound_7026.wav,7026,2,11,10,jackhammer
sound_7027.wav,7027,2,11,10,jackhammer
sound_7028.wav,7028,2,11,10,jackhammer
sound_7029.wav,7029,2,11,10,jackhammer
sound_7030.wav,7030,2,11,10,jackhammer
sound_7031.wav,7031,2,11,10,jackhammer
sound_7032.wav,7032,2,11,10,jackhammer
sound_7033.wav,7033,2,11,10,jackhammer
sound_7034.wav,7034,2,11,10,jackhammer
sound_7035.wav,7035,2,11,10,jackhammer
sound_7036.wav,7036,2,11,10,jackhammer
sound_7037.wav,7037,2,11,10,jackhammer
sound_7038.wav,7038,2,11,10,jackhammer
sound_7039.wav,7039,2,11,10,jackhammer
sound_7040.wav,7040,2,11,10,jackhammer
sound_7041.wav,7041,2,11,10,jackhammer
sound_7042.wav,7042,2,11,10,jackhammer
sound_7043.wav,7043,2,11,10,jackhammer
sound_7044.wav,7044,2,11,10,jackhammer
sound_7045.wav,7045,2,11,10,jackhammer
sound_7046.wav,7046,2,11,10,jackhammer
sound_7047.wav,7047,2,11,10,jackhammer
sound_7048.wav,7048,2,11,10,jackhammer
sound_7049.wav,7049,2,11,10,jackhammer
sound_7050.wav,7050,2,11,10,jackhammer
sound_7051.wav,7051,2,11,10,jackhammer
sound_7052.wav,7052,2,11,10,jackhammer
sound_7053.wav,7053,2,11,10,jackhammer
sound_7054.wav,7054,2,11,10,jackhammer
sound_7055.wav,7055,2,11,10,jackhammer
sound_7056.wav,7056,2,11,10,jackhammer
sound_7057.wav,7057,2,11,10,jackhammer
sound_7058.wav,7058,2,11,10,jackhammer
sound_7059.wav,7059,2,11,10,jackhammer
sound_7060.wav,7060,2,11,10,jackhammer
sound_7061.wav,7061,2,11,10,jackhammer
sound_7062.wav,7062,2,11,10,jackhammer
sound_7063.wav,7063,2,11,10,jackhammer
sound_7064.wav,7064,2,11,10,jackhammer
sound_7065.wav,7065,2,11,10,jackhammer
sound_7066.wav,7066,2,11,10,jackhammer
sound_7067.wav,7067,2,11,10,jackhammer
sound_7068.wav,7068,2,11,10,jackhammer
sound_7069.wav,7069,2,11,10,jackhammer
sound_7070.wav,7070,2,11,10,jackhammer
sound_7071.wav,7071,2,11,10,jackhammer
sound_7072.wav,7072,2,11,10,jackhammer
sound_7073.wav,7073,2,11,10,jackhammer
sound_7074.wav,7074,2,11,10,jackhammer
sound_7075.wav,7075,2,11,10,jackhammer
sound_7076.wav,7076,2,11,10,jackhammer
sound_7077.wav,7077,2,11,10,jackhammer
sound_7078.wav,7078,2,11,10,jackhammer
sound_7079.wav,7079,2,11,10,jackhammer
sound_7080.wav,7080,2,11,10,jackhammer
sound_7081.wav,7081,2,11,10,jackhammer
sound_7082.wav,7082,2,11,10,jackhammer
sound_7083.wav,7083,2,11,10,jackhammer
sound_7084.wav,7084,2,11,10,jackhammer
sound_7085.wav,7085,2,11,10,jackhammer
sound_7086.wav,7086,2,11,10,jackhammer
sound_7087.wav,7087,2,11,10,jackhammer
sound_7088.wav,7088,2,11,10,jackhammer
sound_7089.wav,7089,2,11,10,jackhammer
sound_7090.wav,7090,2,11,10,jackhammer
sound_7091.wav,7091,2,11,10,jackhammer
sound_7092.wav,7092,2,11,10,jackhammer
sound_7093.wav,7093,2,11,10,jackhammer
sound_7094.wav,7094,2,11,10,jackhammer
sound_7095.wav,7095,2,11,10,jackhammer
sound_7096.wav,7096,2,11,10,jackhammer
sound_7097.wav,7097,2,11,10,jackhammer
sound_7098.wav,7098,2,11,10,jackhammer
sound_7099.wav,7099,2,11,10,jackhammer
sound_7100.wav,7100,2,11,10,jackhammer
sound_7101.wav,7101,2,11,10,jackhammer
sound_7102.wav,7102,2,11,10,jackhammer
sound_7103.wav,7103,2,11,10,jackhammer
sound_7104.wav,7104,2,11,10,jackhammer
sound_7105.wav,7105,2,11,10,jackhammer
sound_7106.wav,7106,2,11,10,jackhammer
sound_7107.wav,7107,2,11,10,jackhammer
sound_7108.wav,7108,2,11,10,jackhammer
sound_7109.wav,7109,2,11,10,jackhammer
sound_7110.wav,7110,2,11,10,jackhammer
sound_7111.wav,7111,2,11,10,jackhammer
sound_7112.wav,7112,2,11,10,jackhammer
sound_7113.wav,7113,2,11,10,jackhammer
sound_7114.wav,7114,2,11,10,jackhammer
sound_7115.wav,7115,2,11,10,jackhammer
sound_7116.wav,7116,2,11,10,jackhammer
sound_7117.wav,7117,2,11,10,jackhammer
sound_7118.wav,7118,2,11,10,jackhammer
sound_7119.wav,7119,2,11,10,jackhammer
sound_7120.wav,7120,2,11,10,jackhammer
sound_7121.wav,7121,2,11,10,jackhammer
sound_7122.wav,7122,2,11,10,jackhammer
sound_7123.wav,7123,2,11,10,jackhammer
sound_7124.wav,7124,2,11,10,jackhammer
sound_7125.wav,7125,2,11,10,jackhammer
sound_7126.wav,7126,2,11,10,jackhammer
sound_7127.wav,7127,2,11,10,jackhammer
sound_7128.wav,7128,2,11,10,jackhammer
sound_7129.wav,7129,2,11,10,jackhammer
sound_7130.wav,7130,2,11,10,jackhammer
sound_7131.wav,7131,2,11,10,jackhammer
sound_7132.wav,7132,2,11,10,jackhammer
sound_7133.wav,7133,2,11,10,jackhammer
sound_7134.wav,7134,2,11,10,jackhammer
sound_7135.wav,7135,2,11,10,jackhammer
sound_7136.wav,7136,2,11,10,jackhammer
sound_7137.wav,7137,2,11,10,jackhammer
sound_7138.wav,7138,2,11,10,jackhammer
sound_7139.wav,7139,2,11,10,jackhammer
sound_7140.wav,7140,2,11,10,jackhammer
sound_7141.wav,7141,2,11,10,jackhammer
sound_7142.wav,7142,2,11,10,jackhammer
sound_7143.wav,7143,2,11,10,jackhammer
sound_7144.wav,7144,2,11,10,jackhammer
sound_7145.wav,7145,2,11,10,jackhammer
sound_7146.wav,7146,2,11,10,jackhammer
sound_7147.wav,7147,2,11,10,jackhammer
sound_7148.wav,7148,2,11,10,jackhammer
sound_7149.wav,7149,2,11,10,jackhammer
sound_7150.wav,7150,2,11,10,jackhammer
sound_7151.wav,7151,2,11,10,jackhammer
sound_7152.wav,7152,2,11,10,jackhammer
sound_7153.wav,7153,2,11,10,jackhammer
sound_7154.wav,7154,2,11,10,jackhammer
sound_7155.wav,7155,2,11,10,jackhammer
sound_7156.wav,7156,2,11,10,jackhammer
sound_7157.wav,7157,2,11,10,jackhammer
sound_7158.wav,7158,2,11,10,jackhammer
sound_7159.wav,7159,2,11,10,jackhammer
sound_7160.wav,7160,2,11,10,jackhammer
sound_7161.wav,7161,2,11,10,jackhammer
sound_7162.wav,7162,2,11,10,jackhammer
sound_7163.wav,7163,2,11,10,jackhammer
sound_7164.wav,7164,2,11,10,jackhammer
sound_7165.wav,7165,2,11,10,jackhammer
sound_7166.wav,7166,2,11,10,jackhammer
sound_7167.wav,7167,2,11,10,jackhammer
sound_7168.wav,7168,2,11,10,jackhammer
sound_7169.wav,7169,2,11,10,jackhammer
sound_7170.wav,7170,2,11,10,jackhammer
sound_7171.wav,7171,2,11,10,jackhammer
sound_7172.wav,7172,2,11,10,jackhammer
sound_7173.wav,7173,2,11,10,jackhammer
sound_7174.wav,7174,2,11,10,jackhammer
sound_7175.wav,7175,2,11,10,jackhammer
sound_7176.wav,7176,2,11,10,jackhammer
sound_7177.wav,7177,2,11,10,jackhammer
sound_7178.wav,7178,2,11,10,jackhammer
sound_7179.wav,7179,2,11,10,jackhammer
sound_7180.wav,7180,2,11,10,jackhammer
sound_7181.wav,7181,2,11,10,jackhammer
sound_7182.wav,7182,2,11,10,jackhammer
sound_7183.wav,7183,2,11,10,jackhammer
sound_7184.wav,7184,2,11,10,jackhammer
sound_7185.wav,7185,2,11,10,jackhammer
sound_7186.wav,7186,2,11,10,jackhammer
sound_7187.wav,7187,2,11,10,jackhammer
sound_7188.wav,7188,2,11,10,jackhammer
sound_7189.wav,7189,2,11,10,jackhammer
sound_7190.wav,7190,2,11,10,jackhammer
sound_7191.wav,7191,2,11,10,jackhammer
sound_7192.wav,7192,2,11,10,jackhammer
sound_7193.wav,7193,2,11,10,jackhammer
sound_7194.wav,7194,2,11,10,jackhammer
sound_7195.wav,7195,2,11,10,jackhammer
sound_7196.wav,7196,2,11,10,jackhammer
sound_7197.wav,7197,2,11,10,jackhammer
sound_7198.wav,7198,2,11,10,jackhammer
sound_7199.wav,7199,2,11,10,jackhammer
sound_7200.wav,7200,2,11,10,jackhammer
sound_7201.wav,7201,2,11,10,jackhammer
sound_7202.wav,7202,2,11,10,jackhammer
sound_7203.wav,7203,2,11,10,jackhammer
sound_7204.wav,7204,2,11,10,jackhammer
sound_7205.wav,7205,2,11,10,jackhammer
sound_7206.wav,7206,2,11,10,jackhammer
sound_7207.wav,7207,2,11,10,jackhammer
sound_7208.wav,7208,2,11,10,jackhammer
sound_7209.wav,7209,2,11,10,jackhammer
sound_7210.wav,7210,2,11,10,jackhammer
sound_7211.wav,7211,2,11,10,jackhammer
sound_7212.wav,7212,2,11,10,jackhammer
sound_7213.wav,7213,2,11,10,jackhammer
sound_7214.wav,7214,2,11,10,jackhammer
sound_7215.wav,7215,2,11,10,jackhammer
sound_7216.wav,7216,2,11,10,jackhammer
sound_7217.wav,7217,2,11,10,jackhammer
sound_7218.wav,7218,2,11,10,jackhammer
sound_7219.wav,7219,2,11,10,jackhammer
sound_7220.wav,7220,2,11,10,jackhammer
sound_7221.wav,7221,2,11,10,jackhammer
sound_7222.wav,7222,2,11,10,jackhammer
sound_7223.wav,7223,2,11,10,jackhammer
sound_7224.wav,7224,2,11,10,jackhammer
sound_7225.wav,7225,2,11,10,jackhammer
sound_7226.wav,7226,2,11,10,jackhammer
sound_7227.wav,7227,2,11,10,jackhammer
sound_7228.wav,7228,2,11,10,jackhammer
sound_7229.wav,7229,2,11,10,jackhammer
sound_7230.wav,7230,2,11,10,jackhammer
sound_7231.wav,7231,2,11,10,jackhammer
sound_7232.wav,7232,2,11,10,jackhammer
sound_7233.wav,7233,2,11,10,jackhammer
sound_7234.wav,7234,2,11,10,jackhammer
sound_7235.wav,7235,2,11,10,jackhammer
sound_7236.wav,7236,2,11,10,jackhammer
sound_7237.wav,7237,2,11,10,jackhammer
sound_7238.wav,7238,2,11,10,jackhammer
sound_7239.wav,7239,2,11,10,jackhammer
sound_7240.wav,7240,2,11,10,jackhammer
sound_7241.wav,7241,2,11,10,jackhammer
sound_7242.wav,7242,2,11,10,jackhammer
sound_7243.wav,7243,2,11,10,jackhammer
sound_7244.wav,7244,2,11,10,jackhammer
sound_7245.wav,7245,2,11,10,jackhammer
sound_7246.wav,7246,2,11,10,jackhammer
sound_7247.wav,7247,2,11,10,jackhammer
sound_7248.wav,7248,2,11,10,jackhammer
sound_7249.wav,7249,2,11,10,jackhammer
sound_7250.wav,7250,2,11,10,jackhammer
sound_7251.wav,7251,2,11,10,jackhammer
sound_7252.wav,7252,2,11,10,jackhammer
sound_7253.wav,7253,2,11,10,jackhammer
sound_7254.wav,7254,2,11,10,jackhammer
sound_7255.wav,7255,2,11,10,jackhammer
sound_7256.wav,7256,2,11,10,jackhammer
sound_7257.wav,7257,2,11,10,jackhammer
sound_7258.wav,7258,2,11,10,jackhammer
sound_7259.wav,7259,2,11,10,jackhammer
sound_7260.wav,7260,2,11,10,jackhammer
sound_7261.wav,7261,2,11,10,jackhammer
sound_7262.wav,7262,2,11,10,jackhammer
sound_7263.wav,7263,2,11,10,jackhammer
sound_7264.wav,7264,2,11,10,jackhammer
sound_7265.wav,7265,2,11,10,jackhammer
sound_7266.wav,7266,2,11,10,jackhammer
sound_7267.wav,7267,2,11,10,jackhammer
sound_7268.wav,7268,2,11,10,jackhammer
sound_7269.wav,7269,2,11,10,jackhammer
sound_7270.wav,7270,2,11,10,jackhammer
sound_7271.wav,7271,2,11,10,jackhammer
sound_7272.wav,7272,2,11,10,jackhammer
sound_7273.wav,7273,2,11,10,jackhammer
sound_7274.wav,7274,2,11,10,jackhammer
sound_7275.wav,7275,2,11,10,jackhammer
sound_7276.wav,7276,2,11,10,jackhammer
sound_7277.wav,7277,2,11,10,jackhammer
sound_7278.wav,7278,2,11,10,jackhammer
sound_7279.wav,7279,2,11,10,jackhammer
sound_7280.wav,7280,2,11,10,jackhammer
sound_7281.wav,7281,2,11,10,jackhammer
sound_7282.wav,7282,2,11,10,jackhammer
sound_7283.wav,7283,2,11,10,jackhammer
sound_7284.wav,7284,2,11,10,jackhammer
sound_7285.wav,7285,2,11,10,jackhammer
sound_7286.wav,7286,2,11,10,jackhammer
sound_7287.wav,7287,2,11,10,jackhammer
sound_7288.wav,7288,2,11,10,jackhammer
sound_7289.wav,7289,2,11,10,jackhammer
sound_7290.wav,7290,2,11,10,jackhammer
sound_7291.wav,7291,2,11,10,jackhammer
sound_7292.wav,7292,2,11,10,jackhammer
sound_7293.wav,7293,2,11,10,jackhammer
sound_7294.wav,7294,2,11,10,jackhammer
sound_7295.wav,7295,2,11,10,jackhammer
sound_7296.wav,7296,2,11,10,jackhammer
sound_7297.wav,7297,2,11,10,jackhammer
sound_7298.wav,7298,2,11,10,jackhammer
sound_7299.wav,7299,2,11,10,jackhammer
sound_7300.wav,7300,2,11,10,jackhammer
sound_7301.wav,7301,2,11,10,jackhammer
sound_7302.wav,7302,2,11,10,jackhammer
sound_7303.wav,7303,2,11,10,jackhammer
sound_7304.wav,7304,2,11,10,jackhammer
sound_7305.wav,7305,2,11,10,jackhammer
sound_7306.wav,7306,2,11,10,jackhammer
sound_7307.wav,7307,2,11,10,jackhammer
sound_7308.wav,7308,2,11,10,jackhammer
sound_7309.wav,7309,2,11,10,jackhammer
sound_7310.wav,7310,2,11,10,jackhammer
sound_7311.wav,7311,2,11,10,jackhammer
sound_7312.wav,7312,2,11,10,jackhammer
sound_7313.wav,7313,2,11,10,jackhammer
sound_7314.wav,7314,2,11,10,jackhammer
sound_7315.wav,7315,2,11,10,jackhammer
sound_7316.wav,7316,2,11,10,jackhammer
sound_7317.wav,7317,2,11,10,jackhammer
sound_7318.wav,7318,2,11,10,jackhammer
sound_7319.wav,7319,2,11,10,jackhammer
sound_7320.wav,7320,2,11,10,jackhammer
sound_7321.wav,7321,2,11,10,jackhammer
sound_7322.wav,7322,2,11,10,jackhammer
sound_7323.wav,7323,2,11,10,jackhammer
sound_7324.wav,7324,2,11,10,jackhammer
sound_7325.wav,7325,2,11,10,jackhammer
sound_7326.wav,7326,2,11,10,jackhammer
sound_7327.wav,7327,2,11,10,jackhammer
sound_7328.wav,7328,2,11,10,jackhammer
sound_7329.wav,7329,2,11,10,jackhammer
sound_7330.wav,7330,2,11,10,jackhammer
sound_7331.wav,7331,2,11,10,jackhammer
sound_7332.wav,7332,2,11,10,jackhammer
sound_7333.wav,7333,2,11,10,jackhammer
sound_7334.wav,7334,2,11,10,jackhammer
sound_7335.wav,7335,2,11,10,jackhammer
sound_7336.wav,7336,2,11,10,jackhammer
sound_7337.wav,7337,2,11,10,jackhammer
sound_7338.wav,7338,2,11,10,jackhammer
sound_7339.wav,7339,2,11,10,jackhammer
sound_7340.wav,7340,2,11,10,jackhammer
sound_7341.wav,7341,2,11,10,jackhammer
sound_7342.wav,7342,2,11,10,jackhammer
sound_7343.wav,7343,2,11,10,jackhammer
sound_7344.wav,7344,2,11,10,jackhammer
sound_7345.wav,7345,2,11,10,jackhammer
sound_7346.wav,7346,2,11,10,jackhammer
sound_7347.wav,7347,2,11,10,jackhammer
sound_7348.wav,7348,2,11,10,jackhammer
sound_7349.wav,7349,2,11,10,jackhammer
sound_7350.wav,7350,2,11,10,jackhammer
sound_7351.wav,7351,2,11,10,jackhammer
sound_7352.wav,7352,2,11,10,jackhammer
sound_7353.wav,7353,2,11,10,jackhammer
sound_7354.wav,7354,2,11,10,jackhammer
sound_7355.wav,7355,2,11,10,jackhammer
sound_7356.wav,7356,2,11,10,jackhammer
sound_7357.wav,7357,2,11,10,jackhammer
sound_7358.wav,7358,2,11,10,jackhammer
sound_7359.wav,7359,2,11,10,jackhammer
sound_7360.wav,7360,2,11,10,jackhammer
sound_7361.wav,7361,2,11,10,jackhammer
sound_7362.wav,7362,2,11,10,jackhammer
sound_7363.wav,7363,2,11,10,jackhammer
sound_7364.wav,7364,2,11,10,jackhammer
sound_7365.wav,7365,2,11,10,jackhammer
sound_7366.wav,7366,2,11,10,jackhammer
sound_7367.wav,7367,2,11,10,jackhammer
sound_7368.wav,7368,2,11,10,jackhammer
sound_7369.wav,7369,2,11,10,jackhammer
sound_7370.wav,7370,2,11,10,jackhammer
sound_7371.wav,7371,2,11,10,jackhammer
sound_7372.wav,7372,2,11,10,jackhammer
sound_7373.wav,7373,2,11,10,jackhammer
sound_7374.wav,7374,2,11,10,jackhammer
sound_7375.wav,7375,1,12,11,siren
sound_7376.wav,7376,1,12,11,siren
sound_7377.wav,7377,1,12,11,siren
sound_7378.wav,7378,1,12,11,siren
sound_7379.wav,7379,1,12,11,siren
sound_7380.wav,7380,1,12,11,siren
sound_7381.wav,7381,1,12,11,siren
sound_7382.wav,7382,1,12,11,siren
sound_7383.wav,7383,1,12,11,siren
sound_7384.wav,7384,1,12,11,siren
sound_7385.wav,7385,1,12,11,siren
sound_7386.wav,7386,1,12,11,siren
sound_7387.wav,7387,1,12,11,siren
sound_7388.wav,7388,1,12,11,siren
sound_7389.wav,7389,1,12,11,siren
sound_7390.wav,7390,1,12,11,siren
sound_7391.wav,7391,1,12,11,siren
sound_7392.wav,7392,1,12,11,siren
sound_7393.wav,7393,1,12,11,siren
sound_7394.wav,7394,1,12,11,siren
sound_7395.wav,7395,1,12,11,siren
sound_7396.wav,7396,1,12,11,siren
sound_7397.wav,7397,1,12,11,siren
sound_7398.wav,7398,1,12,11,siren
sound_7399.wav,7399,1,12,11,siren
sound_7400.wav,7400,1,12,11,siren
sound_7401.wav,7401,1,12,11,siren
sound_7402.wav,7402,1,12,11,siren
sound_7403.wav,7403,1,12,11,siren
sound_7404.wav,7404,1,12,11,siren
sound_7405.wav,7405,1,12,11,siren
sound_7406.wav,7406,1,12,11,siren
sound_7407.wav,7407,1,12,11,siren
sound_7408.wav,7408,1,12,11,siren
sound_7409.wav,7409,1,12,11,siren
sound_7410.wav,7410,1,12,11,siren
sound_7411.wav,7411,1,12,11,siren
sound_7412.wav,7412,1,12,11,siren
sound_7413.wav,7413,1,12,11,siren
sound_7414.wav,7414,1,12,11,siren
sound_7415.wav,7415,1,12,11,siren
sound_7416.wav,7416,1,12,11,siren
sound_7417.wav,7417,1,12,11,siren
sound_7418.wav,7418,1,12,11,siren
sound_7419.wav,7419,1,12,11,siren
sound_7420.wav,7420,1,12,11,siren
sound_7421.wav,7421,1,12,11,siren
sound_7422.wav,7422,1,12,11,siren
sound_7423.wav,7423,1,12,11,siren
sound_7424.wav,7424,1,12,11,siren
sound_7425.wav,7425,1,12,11,siren
sound_7426.wav,7426,1,12,11,siren
sound_7427.wav,7427,1,12,11,siren
sound_7428.wav,7428,1,12,11,siren
sound_7429.wav,7429,1,12,11,siren
sound_7430.wav,7430,1,12,11,siren
sound_7431.wav,7431,1,12,11,siren
sound_7432.wav,7432,1,12,11,siren
sound_7433.wav,7433,1,12,11,siren
sound_7434.wav,7434,1,12,11,siren
sound_7435.wav,7435,1,12,11,siren
sound_7436.wav,7436,1,12,11,siren
sound_7437.wav,7437,1,12,11,siren
sound_7438.wav,7438,1,12,11,siren
sound_7439.wav,7439,1,12,11,siren
sound_7440.wav,7440,1,12,11,siren
sound_7441.wav,7441,1,12,11,siren
sound_7442.wav,7442,1,12,11,siren
sound_7443.wav,7443,1,12,11,siren
sound_7444.wav,7444,1,12,11,siren
sound_7445.wav,7445,1,12,11,siren
sound_7446.wav,7446,1,12,11,siren
sound_7447.wav,7447,1,12,11,siren
sound_7448.wav,7448,1,12,11,siren
sound_7449.wav,7449,1,12,11,siren
sound_7450.wav,7450,1,12,11,siren
sound_7451.wav,7451,1,12,11,siren
sound_7452.wav,7452,1,12,11,siren
sound_7453.wav,7453,1,12,11,siren
sound_7454.wav,7454,1,12,11,siren
sound_7455.wav,7455,1,12,11,siren
sound_7456.wav,7456,1,12,11,siren
sound_7457.wav,7457,1,12,11,siren
sound_7458.wav,7458,1,12,11,siren
sound_7459.wav,7459,1,12,11,siren
sound_7460.wav,7460,1,12,11,siren
sound_7461.wav,7461,1,12,11,siren
sound_7462.wav,7462,1,12,11,siren
sound_7463.wav,7463,1,12,11,siren
sound_7464.wav,7464,1,12,11,siren
sound_7465.wav,7465,1,12,11,siren
sound_7466.wav,7466,1,12,11,siren
sound_7467.wav,7467,1,12,11,siren
sound_7468.wav,7468,1,12,11,siren
sound_7469.wav,7469,1,12,11,siren
sound_7470.wav,7470,1,12,11,siren
sound_7471.wav,7471,1,12,11,siren
sound_7472.wav,7472,1,12,11,siren
sound_7473.wav,7473,1,12,11,siren
sound_7474.wav,7474,1,12,11,siren
sound_7475.wav,7475,1,12,11,siren
sound_7476.wav,7476,1,12,11,siren
sound_7477.wav,7477,1,12,11,siren
sound_7478.wav,7478,1,12,11,siren
sound_7479.wav,7479,1,12,11,siren
sound_7480.wav,7480,1,12,11,siren
sound_7481.wav,7481,1,12,11,siren
sound_7482.wav,7482,1,12,11,siren
sound_7483.wav,7483,1,12,11,siren
sound_7484.wav,7484,1,12,11,siren
sound_7485.wav,7485,1,12,11,siren
sound_7486.wav,7486,1,12,11,siren
sound_7487.wav,7487,1,12,11,siren
sound_7488.wav,7488,1,12,11,siren
sound_7489.wav,7489,1,12,11,siren
sound_7490.wav,7490,1,12,11,siren
sound_7491.wav,7491,1,12,11,siren
sound_7492.wav,7492,1,12,11,siren
sound_7493.wav,7493,1,12,11,siren
sound_7494.wav,7494,1,12,11,siren
sound_7495.wav,7495,1,12,11,siren
sound_7496.wav,7496,1,12,11,siren
sound_7497.wav,7497,1,12,11,siren
sound_7498.wav,7498,1,12,11,siren
sound_7499.wav,7499,1,12,11,siren
sound_7500.wav,7500,1,12,11,siren
sound_7501.wav,7501,1,12,11,siren
sound_7502.wav,7502,1,12,11,siren
sound_7503.wav,7503,1,12,11,siren
sound_7504.wav,7504,1,12,11,siren
sound_7505.wav,7505,1,12,11,siren
sound_7506.wav,7506,1,12,11,siren
sound_7507.wav,7507,1,12,11,siren
sound_7508.wav,7508,1,12,11,siren
sound_7509.wav,7509,1,12,11,siren
sound_7510.wav,7510,1,12,11,siren
sound_7511.wav,7511,1,12,11,siren
sound_7512.wav,7512,1,12,11,siren
sound_7513.wav,7513,1,12,11,siren
sound_7514.wav,7514,1,12,11,siren
sound_7515.wav,7515,1,12,11,siren
sound_7516.wav,7516,1,12,11,siren
sound_7517.wav,7517,1,12,11,siren
sound_7518.wav,7518,1,12,11,siren
sound_7519.wav,7519,1,12,11,siren
sound_7520.wav,7520,1,12,11,siren
sound_7521.wav,7521,1,12,11,siren
sound_7522.wav,7522,1,12,11,siren
sound_7523.wav,7523,1,12,11,siren
sound_7524.wav,7524,1,12,11,siren
sound_7525.wav,7525,1,12,11,siren
sound_7526.wav,7526,1,12,11,siren
sound_7527.wav,7527,1,12,11,siren
sound_7528.wav,7528,1,12,11,siren
sound_7529.wav,7529,1,12,11,siren
sound_7530.wav,7530,1,12,11,siren
sound_7531.wav,7531,1,12,11,siren
sound_7532.wav,7532,1,12,11,siren
sound_7533.wav,7533,1,12,11,siren
sound_7534.wav,7534,1,12,11,siren
sound_7535.wav,7535,1,12,11,siren
sound_7536.wav,7536,1,12,11,siren
sound_7537.wav,7537,1,12,11,siren
sound_7538.wav,7538,1,12,11,siren
sound_7539.wav,7539,1,12,11,siren
sound_7540.wav,7540,1,12,11,siren
sound_7541.wav,7541,1,12,11,siren
sound_7542.wav,7542,1,12,11,siren
sound_7543.wav,7543,1,12,11,siren
sound_7544.wav,7544,1,12,11,siren
sound_7545.wav,7545,1,12,11,siren
sound_7546.wav,7546,1,12,11,siren
sound_7547.wav,7547,1,12,11,siren
sound_7548.wav,7548,1,12,11,siren
sound_7549.wav,7549,1,12,11,siren
sound_7550.wav,7550,1,12,11,siren
sound_7551.wav,7551,1,12,11,siren
sound_7552.wav,7552,1,12,11,siren
sound_7553.wav,7553,1,12,11,siren
sound_7554.wav,7554,1,12,11,siren
sound_7555.wav,7555,1,12,11,siren
sound_7556.wav,7556,1,12,11,siren
sound_7557.wav,7557,1,12,11,siren
sound_7558.wav,7558,1,12,11,siren
sound_7559.wav,7559,1,12,11,siren
sound_7560.wav,7560,1,12,11,siren
sound_7561.wav,7561,1,12,11,siren
sound_7562.wav,7562,1,12,11,siren
sound_7563.wav,7563,1,12,11,siren
sound_7564.wav,7564,1,12,11,siren
sound_7565.wav,7565,1,12,11,siren
sound_7566.wav,7566,1,12,11,siren
sound_7567.wav,7567,1,12,11,siren
sound_7568.wav,7568,1,12,11,siren
sound_7569.wav,7569,1,12,11,siren
sound_7570.wav,7570,1,12,11,siren
sound_7571.wav,7571,1,12,11,siren
sound_7572.wav,7572,1,12,11,siren
sound_7573.wav,7573,1,12,11,siren
sound_7574.wav,7574,1,12,11,siren
sound_7575.wav,7575,1,12,11,siren
sound_7576.wav,7576,1,12,11,siren
sound_7577.wav,7577,1,12,11,siren
sound_7578.wav,7578,1,12,11,siren
sound_7579.wav,7579,1,12,11,siren
sound_7580.wav,7580,1,12,11,siren
sound_7581.wav,7581,1,12,11,siren
sound_7582.wav,7582,1,12,11,siren
sound_7583.wav,7583,1,12,11,siren
sound_7584.wav,7584,1,12,11,siren
sound_7585.wav,7585,1,12,11,siren
sound_7586.wav,7586,1,12,11,siren
sound_7587.wav,7587,1,12,11,siren
sound_7588.wav,7588,1,12,11,siren
sound_7589.wav,7589,1,12,11,siren
sound_7590.wav,7590,1,12,11,siren
sound_7591.wav,7591,1,12,11,siren
sound_7592.wav,7592,1,12,11,siren
sound_7593.wav,7593,1,12,11,siren
sound_7594.wav,7594,1,12,11,siren
sound_7595.wav,7595,1,12,11,siren
sound_7596.wav,7596,1,12,11,siren
sound_7597.wav,7597,1,12,11,siren
sound_7598.wav,7598,1,12,11,siren
sound_7599.wav,7599,1,12,11,siren
sound_7600.wav,7600,1,12,11,siren
sound_7601.wav,7601,1,12,11,siren
sound_7602.wav,7602,1,12,11,siren
sound_7603.wav,7603,1,12,11,siren
sound_7604.wav,7604,1,12,11,siren
sound_7605.wav,7605,1,12,11,siren
sound_7606.wav,7606,1,12,11,siren
sound_7607.wav,7607,1,12,11,siren
sound_7608.wav,7608,1,12,11,siren
sound_7609.wav,7609,1,12,11,siren
sound_7610.wav,7610,1,12,11,siren
sound_7611.wav,7611,1,12,11,siren
sound_7612.wav,7612,1,12,11,siren
sound_7613.wav,7613,1,12,11,siren
sound_7614.wav,7614,1,12,11,siren
sound_7615.wav,7615,1,12,11,siren
sound_7616.wav,7616,1,12,11,siren
sound_7617.wav,7617,1,12,11,siren
sound_7618.wav,7618,1,12,11,siren
sound_7619.wav,7619,1,12,11,siren
sound_7620.wav,7620,1,12,11,siren
sound_7621.wav,7621,1,12,11,siren
sound_7622.wav,7622,1,12,11,siren
sound_7623.wav,7623,1,12,11,siren
sound_7624.wav,7624,1,12,11,siren
sound_7625.wav,7625,1,12,11,siren
sound_7626.wav,7626,1,12,11,siren
sound_7627.wav,7627,1,12,11,siren
sound_7628.wav,7628,1,12,11,siren
sound_7629.wav,7629,1,12,11,siren
sound_7630.wav,7630,1,12,11,siren
sound_7631.wav,7631,1,12,11,siren
sound_7632.wav,7632,1,12,11,siren
sound_7633.wav,7633,1,12,11,siren
sound_7634.wav,7634,1,12,11,siren
sound_7635.wav,7635,1,12,11,siren
sound_7636.wav,7636,1,12,11,siren
sound_7637.wav,7637,1,12,11,siren
sound_7638.wav,7638,1,12,11,siren
sound_7639.wav,7639,1,12,11,siren
sound_7640.wav,7640,1,12,11,siren
sound_7641.wav,7641,1,12,11,siren
sound_7642.wav,7642,1,12,11,siren
sound_7643.wav,7643,1,12,11,siren
sound_7644.wav,7644,1,12,11,siren
sound_7645.wav,7645,1,12,11,siren
sound_7646.wav,7646,1,12,11,siren
sound_7647.wav,7647,1,12,11,siren
sound_7648.wav,7648,1,12,11,siren
sound_7649.wav,7649,1,12,11,siren
sound_7650.wav,7650,1,12,11,siren
sound_7651.wav,7651,1,12,11,siren
sound_7652.wav,7652,1,12,11,siren
sound_7653.wav,7653,1,12,11,siren
sound_7654.wav,7654,1,12,11,siren
sound_7655.wav,7655,1,12,11,siren
sound_7656.wav,7656,1,12,11,siren
sound_7657.wav,7657,1,12,11,siren
sound_7658.wav,7658,1,12,11,siren
sound_7659.wav,7659,1,12,11,siren
sound_7660.wav,7660,1,12,11,siren
sound_7661.wav,7661,1,12,11,siren
sound_7662.wav,7662,1,12,11,siren
sound_7663.wav,7663,1,12,11,siren
sound_7664.wav,7664,1,12,11,siren
sound_7665.wav,7665,1,12,11,siren
sound_7666.wav,7666,1,12,11,siren
sound_7667.wav,7667,1,12,11,siren
sound_7668.wav,7668,1,12,11,siren
sound_7669.wav,7669,1,12,11,siren
sound_7670.wav,7670,1,12,11,siren
sound_7671.wav,7671,1,12,11,siren
sound_7672.wav,7672,1,12,11,siren
sound_7673.wav,7673,1,12,11,siren
sound_7674.wav,7674,1,12,11,siren
sound_7675.wav,7675,1,12,11,siren
sound_7676.wav,7676,1,12,11,siren
sound_7677.wav,7677,1,12,11,siren
sound_7678.wav,7678,1,12,11,siren
sound_7679.wav,7679,1,12,11,siren
sound_7680.wav,7680,1,12,11,siren
sound_7681.wav,7681,1,12,11,siren
sound_7682.wav,7682,1,12,11,siren
sound_7683.wav,7683,1,12,11,siren
sound_7684.wav,7684,1,12,11,siren
sound_7685.wav,7685,1,12,11,siren
sound_7686.wav,7686,1,12,11,siren
sound_7687.wav,7687,1,12,11,siren
sound_7688.wav,7688,1,12,11,siren
sound_7689.wav,7689,1,12,11,siren
sound_7690.wav,7690,1,12,11,siren
sound_7691.wav,7691,1,12,11,siren
sound_7692.wav,7692,1,12,11,siren
sound_7693.wav,7693,1,12,11,siren
sound_7694.wav,7694,1,12,11,siren
sound_7695.wav,7695,1,12,11,siren
sound_7696.wav,7696,1,12,11,siren
sound_7697.wav,7697,1,12,11,siren
sound_7698.wav,7698,1,12,11,siren
sound_7699.wav,7699,1,12,11,siren
sound_7700.wav,7700,1,12,11,siren
sound_7701.wav,7701,1,12,11,siren
sound_7702.wav,7702,1,12,11,siren
sound_7703.wav,7703,1,12,11,siren
sound_7704.wav,7704,1,12,11,siren
sound_7705.wav,7705,1,12,11,siren
sound_7706.wav,7706,1,12,11,siren
sound_7707.wav,7707,1,12,11,siren
sound_7708.wav,7708,1,12,11,siren
sound_7709.wav,7709,1,12,11,siren
sound_7710.wav,7710,1,12,11,siren
sound_7711.wav,7711,1,12,11,siren
sound_7712.wav,7712,1,12,11,siren
sound_7713.wav,7713,1,12,11,siren
sound_7714.wav,7714,1,12,11,siren
sound_7715.wav,7715,1,12,11,siren
sound_7716.wav,7716,1,12,11,siren
sound_7717.wav,7717,1,12,11,siren
sound_7718.wav,7718,1,12,11,siren
sound_7719.wav,7719,1,12,11,siren
sound_7720.wav,7720,1,12,11,siren
sound_7721.wav,7721,1,12,11,siren
sound_7722.wav,7722,1,12,11,siren
sound_7723.wav,7723,1,12,11,siren
sound_7724.wav,7724,1,12,11,siren
sound_7725.wav,7725,1,12,11,siren
sound_7726.wav,7726,1,12,11,siren
sound_7727.wav,7727,1,12,11,siren
sound_7728.wav,7728,1,12,11,siren
sound_7729.wav,7729,1,12,11,siren
sound_7730.wav,7730,1,12,11,siren
sound_7731.wav,7731,1,12,11,siren
sound_7732.wav,7732,1,12,11,siren
sound_7733.wav,7733,1,12,11,siren
sound_7734.wav,7734,1,12,11,siren
sound_7735.wav,7735,1,12,11,siren
sound_7736.wav,7736,1,12,11,siren
sound_7737.wav,7737,1,12,11,siren
sound_7738.wav,7738,1,12,11,siren
sound_7739.wav,7739,1,12,11,siren
sound_7740.wav,7740,1,12,11,siren
sound_7741.wav,7741,1,12,11,siren
sound_7742.wav,7742,1,12,11,siren
sound_7743.wav,7743,1,12,11,siren
sound_7744.wav,7744,1,12,11,siren
sound_7745.wav,7745,1,12,11,siren
sound_7746.wav,7746,1,12,11,siren
sound_7747.wav,7747,1,12,11,siren
sound_7748.wav,7748,1,12,11,siren
sound_7749.wav,7749,1,12,11,siren
sound_7750.wav,7750,1,12,11,siren
sound_7751.wav,7751,1,12,11,siren
sound_7752.wav,7752,1,12,11,siren
sound_7753.wav,7753,1,12,11,siren
sound_7754.wav,7754,1,12,11,siren
sound_7755.wav,7755,1,12,11,siren
sound_7756.wav,7756,1,12,11,siren
sound_7757.wav,7757,1,12,11,siren
sound_7758.wav,7758,1,12,11,siren
sound_7759.wav,7759,1,12,11,siren
sound_7760.wav,7760,1,12,11,siren
sound_7761.wav,7761,1,12,11,siren
sound_7762.wav,7762,1,12,11,siren
sound_7763.wav,7763,1,12,11,siren
sound_7764.wav,7764,1,12,11,siren
sound_7765.wav,7765,1,12,11,siren
sound_7766.wav,7766,1,12,11,siren
sound_7767.wav,7767,1,12,11,siren
sound_7768.wav,7768,1,12,11,siren
sound_7769.wav,7769,1,12,11,siren
sound_7770.wav,7770,1,12,11,siren
sound_7771.wav,7771,1,12,11,siren
sound_7772.wav,7772,1,12,11,siren
sound_7773.wav,7773,1,12,11,siren
sound_7774.wav,7774,1,12,11,siren
sound_7775.wav,7775,1,12,11,siren
sound_7776.wav,7776,1,12,11,siren
sound_7777.wav,7777,1,12,11,siren
sound_7778.wav,7778,1,12,11,siren
sound_7779.wav,7779,1,12,11,siren
sound_7780.wav,7780,1,12,11,siren
sound_7781.wav,7781,1,12,11,siren
sound_7782.wav,7782,1,12,11,siren
sound_7783.wav,7783,1,12,11,siren
sound_7784.wav,7784,1,12,11,siren
sound_7785.wav,7785,1,12,11,siren
sound_7786.wav,7786,1,12,11,siren
sound_7787.wav,7787,1,12,11,siren
sound_7788.wav,7788,1,12,11,siren
sound_7789.wav,7789,1,12,11,siren
sound_7790.wav,7790,1,12,11,siren
sound_7791.wav,7791,1,12,11,siren
sound_7792.wav,7792,1,12,11,siren
sound_7793.wav,7793,1,12,11,siren
sound_7794.wav,7794,1,12,11,siren
sound_7795.wav,7795,1,12,11,siren
sound_7796.wav,7796,1,12,11,siren
sound_7797.wav,7797,1,12,11,siren
sound_7798.wav,7798,1,12,11,siren
sound_7799.wav,7799,1,12,11,siren
sound_7800.wav,7800,1,12,11,siren
sound_7801.wav,7801,1,12,11,siren
sound_7802.wav,7802,1,12,11,siren
sound_7803.wav,7803,1,12,11,siren
sound_7804.wav,7804,1,12,11,siren
sound_7805.wav,7805,1,12,11,siren
sound_7806.wav,7806,1,12,11,siren
sound_7807.wav,7807,1,12,11,siren
sound_7808.wav,7808,1,12,11,siren
sound_7809.wav,7809,1,12,11,siren
sound_7810.wav,7810,1,12,11,siren
sound_7811.wav,7811,1,12,11,siren
sound_7812.wav,7812,1,12,11,siren
sound_7813.wav,7813,1,12,11,siren
sound_7814.wav,7814,1,12,11,siren
sound_7815.wav,7815,1,12,11,siren
sound_7816.wav,7816,1,12,11,siren
sound_7817.wav,7817,1,12,11,siren
sound_7818.wav,7818,1,12,11,siren
sound_7819.wav,7819,1,12,11,siren
sound_7820.wav,7820,1,12,11,siren
sound_7821.wav,7821,1,12,11,siren
sound_7822.wav,7822,1,12,11,siren
sound_7823.wav,7823,1,12,11,siren
sound_7824.wav,7824,1,12,11,siren
sound_7825.wav,7825,1,12,11,siren
sound_7826.wav,7826,1,12,11,siren
sound_7827.wav,7827,1,12,11,siren
sound_7828.wav,7828,1,12,11,siren
sound_7829.wav,7829,1,12,11,siren
sound_7830.wav,7830,1,12,11,siren
sound_7831.wav,7831,1,12,11,siren
sound_7832.wav,7832,1,12,11,siren
sound_7833.wav,7833,1,12,11,siren
sound_7834.wav,7834,1,12,11,siren
sound_7835.wav,7835,1,12,11,siren
sound_7836.wav,7836,1,12,11,siren
sound_7837.wav,7837,1,12,11,siren
sound_7838.wav,7838,1,12,11,siren
sound_7839.wav,7839,1,12,11,siren
sound_7840.wav,7840,1,12,11,siren
sound_7841.wav,7841,1,12,11,siren
sound_7842.wav,7842,1,12,11,siren
sound_7843.wav,7843,1,12,11,siren
sound_7844.wav,7844,1,12,11,siren
sound_7845.wav,7845,1,12,11,siren
sound_7846.wav,7846,1,12,11,siren
sound_7847.wav,7847,1,12,11,siren
sound_7848.wav,7848,1,12,11,siren
sound_7849.wav,7849,1,12,11,siren
sound_7850.wav,7850,1,12,11,siren
sound_7851.wav,7851,1,12,11,siren
sound_7852.wav,7852,1,12,11,siren
sound_7853.wav,7853,1,12,11,siren
sound_7854.wav,7854,1,12,11,siren
sound_7855.wav,7855,1,12,11,siren
sound_7856.wav,7856,1,12,11,siren
sound_7857.wav,7857,1,12,11,siren
sound_7858.wav,7858,1,12,11,siren
sound_7859.wav,7859,1,12,11,siren
sound_7860.wav,7860,1,12,11,siren
sound_7861.wav,7861,1,12,11,siren
sound_7862.wav,7862,1,12,11,siren
sound_7863.wav,7863,1,12,11,siren
sound_7864.wav,7864,1,12,11,siren
sound_7865.wav,7865,1,12,11,siren
sound_7866.wav,7866,1,12,11,siren
sound_7867.wav,7867,1,12,11,siren
sound_7868.wav,7868,1,12,11,siren
sound_7869.wav,7869,1,12,11,siren
sound_7870.wav,7870,1,12,11,siren
sound_7871.wav,7871,1,12,11,siren
sound_7872.wav,7872,1,12,11,siren
sound_7873.wav,7873,1,12,11,siren
sound_7874.wav,7874,1,12,11,siren
sound_7875.wav,7875,1,12,11,siren
sound_7876.wav,7876,1,12,11,siren
sound_7877.wav,7877,1,12,11,siren
sound_7878.wav,7878,1,12,11,siren
sound_7879.wav,7879,1,12,11,siren
sound_7880.wav,7880,1,12,11,siren
sound_7881.wav,7881,1,12,11,siren
sound_7882.wav,7882,1,12,11,siren
sound_7883.wav,7883,1,12,11,siren
sound_7884.wav,7884,1,12,11,siren
sound_7885.wav,7885,1,12,11,siren
sound_7886.wav,7886,1,12,11,siren
sound_7887.wav,7887,1,12,11,siren
sound_7888.wav,7888,1,12,11,siren
sound_7889.wav,7889,1,12,11,siren
sound_7890.wav,7890,1,12,11,siren
sound_7891.wav,7891,1,12,11,siren
sound_7892.wav,7892,1,12,11,siren
sound_7893.wav,7893,1,12,11,siren
sound_7894.wav,7894,1,12,11,siren
sound_7895.wav,7895,1,12,11,siren
sound_7896.wav,7896,1,12,11,siren
sound_7897.wav,7897,1,12,11,siren
sound_7898.wav,7898,1,12,11,siren
sound_7899.wav,7899,1,12,11,siren
sound_7900.wav,7900,1,12,11,siren
sound_7901.wav,7901,1,12,11,siren
sound_7902.wav,7902,1,12,11,siren
sound_7903.wav,7903,1,12,11,siren
sound_7904.wav,7904,1,12,11,siren
sound_7905.wav,7905,1,12,11,siren
sound_7906.wav,7906,1,12,11,siren
sound_7907.wav,7907,1,12,11,siren
sound_7908.wav,7908,1,12,11,siren
sound_7909.wav,7909,1,12,11,siren
sound_7910.wav,7910,1,12,11,siren
sound_7911.wav,7911,1,12,11,siren
sound_7912.wav,7912,1,12,11,siren
sound_7913.wav,7913,1,12,11,siren
sound_7914.wav,7914,1,12,11,siren
sound_7915.wav,7915,1,12,11,siren
sound_7916.wav,7916,1,12,11,siren
sound_7917.wav,7917,1,12,11,siren
sound_7918.wav,7918,1,12,11,siren
sound_7919.wav,7919,1,12,11,siren
sound_7920.wav,7920,1,12,11,siren
sound_7921.wav,7921,1,12,11,siren
sound_7922.wav,7922,1,12,11,siren
sound_7923.wav,7923,1,12,11,siren
sound_7924.wav,7924,1,12,11,siren
sound_7925.wav,7925,1,12,11,siren
sound_7926.wav,7926,1,12,11,siren
sound_7927.wav,7927,1,12,11,siren
sound_7928.wav,7928,1,12,11,siren
sound_7929.wav,7929,1,12,11,siren
sound_7930.wav,7930,1,12,11,siren
sound_7931.wav,7931,1,12,11,siren
sound_7932.wav,7932,1,12,11,siren
sound_7933.wav,7933,1,12,11,siren
sound_7934.wav,7934,1,12,11,siren
sound_7935.wav,7935,1,12,11,siren
sound_7936.wav,7936,1,12,11,siren
sound_7937.wav,7937,1,12,11,siren
sound_7938.wav,7938,1,12,11,siren
sound_7939.wav,7939,1,12,11,siren
sound_7940.wav,7940,1,12,11,siren
sound_7941.wav,7941,1,12,11,siren
sound_7942.wav,7942,1,12,11,siren
sound_7943.wav,7943,1,12,11,siren
sound_7944.wav,7944,1,12,11,siren
sound_7945.wav,7945,1,12,11,siren
sound_7946.wav,7946,1,12,11,siren
sound_7947.wav,7947,1,12,11,siren
sound_7948.wav,7948,1,12,11,siren
sound_7949.wav,7949,1,12,11,siren
sound_7950.wav,7950,1,12,11,siren
sound_7951.wav,7951,1,12,11,siren
sound_7952.wav,7952,1,12,11,siren
sound_7953.wav,7953,1,12,11,siren
sound_7954.wav,7954,1,12,11,siren
sound_7955.wav,7955,1,12,11,siren
sound_7956.wav,7956,1,12,11,siren
sound_7957.wav,7957,1,12,11,siren
sound_7958.wav,7958,1,12,11,siren
sound_7959.wav,7959,1,12,11,siren
sound_7960.wav,7960,1,12,11,siren
sound_7961.wav,7961,1,12,11,siren
sound_7962.wav,7962,1,12,11,siren
sound_7963.wav,7963,1,12,11,siren
sound_7964.wav,7964,1,12,11,siren
sound_7965.wav,7965,1,12,11,siren
sound_7966.wav,7966,1,12,11,siren
sound_7967.wav,7967,1,12,11,siren
sound_7968.wav,7968,1,12,11,siren
sound_7969.wav,7969,1,12,11,siren
sound_7970.wav,7970,1,12,11,siren
sound_7971.wav,7971,1,12,11,siren
sound_7972.wav,7972,1,12,11,siren
sound_7973.wav,7973,1,12,11,siren
sound_7974.wav,7974,1,12,11,siren
sound_7975.wav,7975,1,12,11,siren
sound_7976.wav,7976,1,12,11,siren
sound_7977.wav,7977,1,12,11,siren
sound_7978.wav,7978,1,12,11,siren
sound_7979.wav,7979,1,12,11,siren
sound_7980.wav,7980,1,12,11,siren
sound_7981.wav,7981,1,12,11,siren
sound_7982.wav,7982,1,12,11,siren
sound_7983.wav,7983,1,12,11,siren
sound_7984.wav,7984,1,12,11,siren
sound_7985.wav,7985,1,12,11,siren
sound_7986.wav,7986,1,12,11,siren
sound_7987.wav,7987,1,12,11,siren
sound_7988.wav,7988,1,12,11,siren
sound_7989.wav,7989,1,12,11,siren
sound_7990.wav,7990,1,12,11,siren
sound_7991.wav,7991,1,12,11,siren
sound_7992.wav,7992,1,12,11,siren
sound_7993.wav,7993,1,12,11,siren
sound_7994.wav,7994,1,12,11,siren
sound_7995.wav,7995,1,12,11,siren
sound_7996.wav,7996,1,12,11,siren
sound_7997.wav,7997,1,12,11,siren
sound_7998.wav,7998,1,12,11,siren
sound_7999.wav,7999,1,12,11,siren
sound_8000.wav,8000,1,12,11,siren
sound_8001.wav,8001,1,12,11,siren
sound_8002.wav,8002,1,12,11,siren
sound_8003.wav,8003,1,12,11,siren
sound_8004.wav,8004,1,12,11,siren
sound_8005.wav,8005,1,12,11,siren
sound_8006.wav,8006,1,12,11,siren
sound_8007.wav,8007,1,12,11,siren
sound_8008.wav,8008,1,12,11,siren
sound_8009.wav,8009,1,12,11,siren
sound_8010.wav,8010,1,12,11,siren
sound_8011.wav,8011,1,12,11,siren
sound_8012.wav,8012,1,12,11,siren
sound_8013.wav,8013,1,12,11,siren
sound_8014.wav,8014,1,12,11,siren
sound_8015.wav,8015,1,12,11,siren
sound_8016.wav,8016,1,12,11,siren
sound_8017.wav,8017,1,12,11,siren
sound_8018.wav,8018,1,12,11,siren
sound_8019.wav,8019,1,12,11,siren
sound_8020.wav,8020,1,12,11,siren
sound_8021.wav,8021,1,12,11,siren
sound_8022.wav,8022,1,12,11,siren
sound_8023.wav,8023,1,12,11,siren
sound_8024.wav,8024,1,12,11,siren
sound_8025.wav,8025,1,12,11,siren
sound_8026.wav,8026,1,12,11,siren
sound_8027.wav,8027,1,12,11,siren
sound_8028.wav,8028,1,12,11,siren
sound_8029.wav,8029,1,12,11,siren
sound_8030.wav,8030,1,12,11,siren
sound_8031.wav,8031,1,12,11,siren
sound_8032.wav,8032,1,12,11,siren
sound_8033.wav,8033,1,12,11,siren
sound_8034.wav,8034,1,12,11,siren
sound_8035.wav,8035,1,12,11,siren
sound_8036.wav,8036,1,12,11,siren
sound_8037.wav,8037,1,12,11,siren
sound_8038.wav,8038,1,12,11,siren
sound_8039.wav,8039,1,12,11,siren
sound_8040.wav,8040,1,12,11,siren
sound_8041.wav,8041,1,12,11,siren
sound_8042.wav,8042,1,12,11,siren
sound_8043.wav,8043,1,12,11,siren
sound_8044.wav,8044,1,12,11,siren
sound_8045.wav,8045,1,12,11,siren
sound_8046.wav,8046,1,12,11,siren
sound_8047.wav,8047,1,12,11,siren
sound_8048.wav,8048,1,12,11,siren
sound_8049.wav,8049,1,12,11,siren
sound_8050.wav,8050,1,12,11,siren
sound_8051.wav,8051,1,12,11,siren
sound_8052.wav,8052,1,12,11,siren
sound_8053.wav,8053,1,12,11,siren
sound_8054.wav,8054,1,12,11,siren
sound_8055.wav,8055,1,12,11,siren
sound_8056.wav,8056,1,12,11,siren
sound_8057.wav,8057,1,12,11,siren
sound_8058.wav,8058,1,12,11,siren
sound_8059.wav,8059,1,12,11,siren
sound_8060.wav,8060,1,12,11,siren
sound_8061.wav,8061,1,12,11,siren
sound_8062.wav,8062,1,12,11,siren
sound_8063.wav,8063,1,12,11,siren
sound_8064.wav,8064,1,12,11,siren
sound_8065.wav,8065,1,12,11,siren
sound_8066.wav,8066,1,12,11,siren
sound_8067.wav,8067,1,12,11,siren
sound_8068.wav,8068,1,12,11,siren
sound_8069.wav,8069,1,12,11,siren
sound_8070.wav,8070,1,12,11,siren
sound_8071.wav,8071,1,12,11,siren
sound_8072.wav,8072,1,12,11,siren
sound_8073.wav,8073,1,12,11,siren
sound_8074.wav,8074,1,12,11,siren
sound_8075.wav,8075,1,12,11,siren
sound_8076.wav,8076,1,12,11,siren
sound_8077.wav,8077,1,12,11,siren
sound_8078.wav,8078,1,12,11,siren
sound_8079.wav,8079,1,12,11,siren
sound_8080.wav,8080,1,12,11,siren
sound_8081.wav,8081,1,12,11,siren
sound_8082.wav,8082,1,12,11,siren
sound_8083.wav,8083,1,12,11,siren
sound_8084.wav,8084,1,12,11,siren
sound_8085.wav,8085,1,12,11,siren
sound_8086.wav,8086,1,12,11,siren
sound_8087.wav,8087,1,12,11,siren
sound_8088.wav,8088,1,12,11,siren
sound_8089.wav,8089,1,12,11,siren
sound_8090.wav,8090,1,12,11,siren
sound_8091.wav,8091,1,12,11,siren
sound_8092.wav,8092,1,12,11,siren
sound_8093.wav,8093,1,12,11,siren
sound_8094.wav,8094,1,12,11,siren
sound_8095.wav,8095,1,12,11,siren
sound_8096.wav,8096,1,12,11,siren
sound_8097.wav,8097,1,12,11,siren
sound_8098.wav,8098,1,12,11,siren
sound_8099.wav,8099,1,12,11,siren
sound_8100.wav,8100,1,12,11,siren
sound_8101.wav,8101,1,12,11,siren
sound_8102.wav,8102,1,12,11,siren
sound_8103.wav,8103,1,12,11,siren
sound_8104.wav,8104,1,12,11,siren
sound_8105.wav,8105,1,12,11,siren
sound_8106.wav,8106,1,12,11,siren
sound_8107.wav,8107,1,12,11,siren
sound_8108.wav,8108,1,12,11,siren
sound_8109.wav,8109,1,12,11,siren
sound_8110.wav,8110,1,12,11,siren
sound_8111.wav,8111,1,12,11,siren
sound_8112.wav,8112,1,12,11,siren
sound_8113.wav,8113,1,12,11,siren
sound_8114.wav,8114,1,12,11,siren
sound_8115.wav,8115,1,12,11,siren
sound_8116.wav,8116,1,12,11,siren
sound_8117.wav,8117,1,12,11,siren
sound_8118.wav,8118,1,12,11,siren
sound_8119.wav,8119,1,12,11,siren
sound_8120.wav,8120,1,12,11,siren
sound_8121.wav,8121,1,12,11,siren
sound_8122.wav,8122,1,12,11,siren
sound_8123.wav,8123,1,12,11,siren
sound_8124.wav,8124,1,12,11,siren
sound_8125.wav,8125,1,12,11,siren
sound_8126.wav,8126,1,12,11,siren
sound_8127.wav,8127,1,12,11,siren
sound_8128.wav,8128,1,12,11,siren
sound_8129.wav,8129,1,12,11,siren
sound_8130.wav,8130,1,12,11,siren
sound_8131.wav,8131,1,12,11,siren
sound_8132.wav,8132,1,12,11,siren
sound_8133.wav,8133,1,12,11,siren
sound_8134.wav,8134,1,12,11,siren
sound_8135.wav,8135,1,12,11,siren
sound_8136.wav,8136,1,12,11,siren
sound_8137.wav,8137,1,12,11,siren
sound_8138.wav,8138,1,12,11,siren
sound_8139.wav,8139,1,12,11,siren
sound_8140.wav,8140,1,12,11,siren
sound_8141.wav,8141,1,12,11,siren
sound_8142.wav,8142,1,12,11,siren
sound_8143.wav,8143,1,12,11,siren
sound_8144.wav,8144,1,12,11,siren
sound_8145.wav,8145,1,12,11,siren
sound_8146.wav,8146,1,12,11,siren
sound_8147.wav,8147,1,12,11,siren
sound_8148.wav,8148,1,12,11,siren
sound_8149.wav,8149,1,12,11,siren
sound_8150.wav,8150,1,12,11,siren
sound_8151.wav,8151,1,12,11,siren
sound_8152.wav,8152,1,12,11,siren
sound_8153.wav,8153,1,12,11,siren
sound_8154.wav,8154,1,12,11,siren
sound_8155.wav,8155,1,12,11,siren
sound_8156.wav,8156,1,12,11,siren
sound_8157.wav,8157,1,12,11,siren
sound_8158.wav,8158,1,12,11,siren
sound_8159.wav,8159,1,12,11,siren
sound_8160.wav,8160,1,12,11,siren
sound_8161.wav,8161,1,12,11,siren
sound_8162.wav,8162,1,12,11,siren
sound_8163.wav,8163,1,12,11,siren
sound_8164.wav,8164,1,12,11,siren
sound_8165.wav,8165,1,12,11,siren
sound_8166.wav,8166,1,12,11,siren
sound_8167.wav,8167,1,12,11,siren
sound_8168.wav,8168,1,12,11,siren
sound_8169.wav,8169,1,12,11,siren
sound_8170.wav,8170,1,12,11,siren
sound_8171.wav,8171,1,12,11,siren
sound_8172.wav,8172,1,12,11,siren
sound_8173.wav,8173,1,12,11,siren
sound_8174.wav,8174,1,12,11,siren
sound_8175.wav,8175,1,12,11,siren
sound_8176.wav,8176,1,12,11,siren
sound_8177.wav,8177,1,12,11,siren
sound_8178.wav,8178,1,12,11,siren
sound_8179.wav,8179,1,12,11,siren
sound_8180.wav,8180,1,12,11,siren
sound_8181.wav,8181,1,12,11,siren
sound_8182.wav,8182,1,12,11,siren
sound_8183.wav,8183,1,12,11,siren
sound_8184.wav,8184,1,12,11,siren
sound_8185.wav,8185,1,12,11,siren
sound_8186.wav,8186,1,12,11,siren
sound_8187.wav,8187,1,12,11,siren
sound_8188.wav,8188,1,12,11,siren
sound_8189.wav,8189,1,12,11,siren
sound_8190.wav,8190,1,12,11,siren
sound_8191.wav,8191,1,12,11,siren
sound_8192.wav,8192,1,12,11,siren
sound_8193.wav,8193,1,12,11,siren
sound_8194.wav,8194,1,12,11,siren
sound_8195.wav,8195,1,12,11,siren
sound_8196.wav,8196,1,12,11,siren
sound_8197.wav,8197,1,12,11,siren
sound_8198.wav,8198,1,12,11,siren
sound_8199.wav,8199,1,12,11,siren
sound_8200.wav,8200,1,12,11,siren
sound_8201.wav,8201,1,12,11,siren
sound_8202.wav,8202,1,12,11,siren
sound_8203.wav,8203,1,12,11,siren
sound_8204.wav,8204,1,12,11,siren
sound_8205.wav,8205,1,12,11,siren
sound_8206.wav,8206,1,12,11,siren
sound_8207.wav,8207,1,12,11,siren
sound_8208.wav,8208,1,12,11,siren
sound_8209.wav,8209,1,12,11,siren
sound_8210.wav,8210,1,12,11,siren
sound_8211.wav,8211,1,12,11,siren
sound_8212.wav,8212,1,12,11,siren
sound_8213.wav,8213,1,12,11,siren
sound_8214.wav,8214,1,12,11,siren
sound_8215.wav,8215,1,12,11,siren
sound_8216.wav,8216,1,12,11,siren
sound_8217.wav,8217,1,12,11,siren
sound_8218.wav,8218,1,12,11,siren
sound_8219.wav,8219,1,12,11,siren
sound_8220.wav,8220,1,12,11,siren
sound_8221.wav,8221,1,12,11,siren
sound_8222.wav,8222,1,12,11,siren
sound_8223.wav,8223,1,12,11,siren
sound_8224.wav,8224,1,12,11,siren
sound_8225.wav,8225,1,12,11,siren
sound_8226.wav,8226,1,12,11,siren
sound_8227.wav,8227,1,12,11,siren
sound_8228.wav,8228,1,12,11,siren
sound_8229.wav,8229,1,12,11,siren
sound_8230.wav,8230,1,12,11,siren
sound_8231.wav,8231,1,12,11,siren
sound_8232.wav,8232,1,12,11,siren
sound_8233.wav,8233,1,12,11,siren
sound_8234.wav,8234,1,12,11,siren
sound_8235.wav,8235,1,12,11,siren
sound_8236.wav,8236,1,12,11,siren
sound_8237.wav,8237,1,12,11,siren
sound_8238.wav,8238,1,12,11,siren
sound_8239.wav,8239,1,12,11,siren
sound_8240.wav,8240,1,12,11,siren
sound_8241.wav,8241,1,12,11,siren
sound_8242.wav,8242,1,12,11,siren
sound_8243.wav,8243,1,12,11,siren
sound_8244.wav,8244,1,12,11,siren
sound_8245.wav,8245,1,12,11,siren
sound_8246.wav,8246,1,12,11,siren
sound_8247.wav,8247,1,12,11,siren
sound_8248.wav,8248,1,12,11,siren
sound_8249.wav,8249,1,12,11,siren
sound_8250.wav,8250,1,12,11,siren
sound_8251.wav,8251,1,12,11,siren
sound_8252.wav,8252,1,12,11,siren
sound_8253.wav,8253,1,12,11,siren
sound_8254.wav,8254,1,12,11,siren
sound_8255.wav,8255,1,12,11,siren
sound_8256.wav,8256,1,12,11,siren
sound_8257.wav,8257,1,12,11,siren
sound_8258.wav,8258,1,12,11,siren
sound_8259.wav,8259,1,12,11,siren
sound_8260.wav,8260,1,12,11,siren
sound_8261.wav,8261,1,12,11,siren
sound_8262.wav,8262,1,12,11,siren
sound_8263.wav,8263,1,12,11,siren
sound_8264.wav,8264,1,12,11,siren
sound_8265.wav,8265,1,12,11,siren
sound_8266.wav,8266,1,12,11,siren
sound_8267.wav,8267,1,12,11,siren
sound_8268.wav,8268,1,12,11,siren
sound_8269.wav,8269,1,12,11,siren
sound_8270.wav,8270,1,12,11,siren
sound_8271.wav,8271,1,12,11,siren
sound_8272.wav,8272,1,12,11,siren
sound_8273.wav,8273,1,12,11,siren
sound_8274.wav,8274,1,12,11,siren
sound_8275.wav,8275,1,12,11,siren
sound_8276.wav,8276,1,12,11,siren
sound_8277.wav,8277,1,12,11,siren
sound_8278.wav,8278,1,12,11,siren
sound_8279.wav,8279,1,12,11,siren
sound_8280.wav,8280,1,12,11,siren
sound_8281.wav,8281,1,12,11,siren
sound_8282.wav,8282,1,12,11,siren
sound_8283.wav,8283,1,12,11,siren
sound_8284.wav,8284,1,12,11,siren
sound_8285.wav,8285,1,12,11,siren
sound_8286.wav,8286,1,12,11,siren
sound_8287.wav,8287,1,12,11,siren
sound_8288.wav,8288,1,12,11,siren
sound_8289.wav,8289,1,12,11,siren
sound_8290.wav,8290,1,12,11,siren
sound_8291.wav,8291,1,12,11,siren
sound_8292.wav,8292,1,12,11,siren
sound_8293.wav,8293,1,12,11,siren
sound_8294.wav,8294,1,12,11,siren
sound_8295.wav,8295,1,12,11,siren
sound_8296.wav,8296,1,12,11,siren
sound_8297.wav,8297,1,12,11,siren
sound_8298.wav,8298,1,12,11,siren
sound_8299.wav,8299,1,12,11,siren
sound_8300.wav,8300,1,12,11,siren
sound_8301.wav,8301,1,12,11,siren
sound_8302.wav,8302,1,12,11,siren
sound_8303.wav,8303,1,12,11,siren
sound_8304.wav,8304,2,13,12,street_music
sound_8305.wav,8305,2,13,12,street_music
sound_8306.wav,8306,2,13,12,street_music
sound_8307.wav,8307,2,13,12,street_music
sound_8308.wav,8308,2,13,12,street_music
sound_8309.wav,8309,2,13,12,street_music
sound_8310.wav,8310,2,13,12,street_music
sound_8311.wav,8311,2,13,12,street_music
sound_8312.wav,8312,2,13,12,street_music
sound_8313.wav,8313,2,13,12,street_music
sound_8314.wav,8314,2,13,12,street_music
sound_8315.wav,8315,2,13,12,street_music
sound_8316.wav,8316,2,13,12,street_music
sound_8317.wav,8317,2,13,12,street_music
sound_8318.wav,8318,2,13,12,street_music
sound_8319.wav,8319,2,13,12,street_music
sound_8320.wav,8320,2,13,12,street_music
sound_8321.wav,8321,2,13,12,street_music
sound_8322.wav,8322,2,13,12,street_music
sound_8323.wav,8323,2,13,12,street_music
sound_8324.wav,8324,2,13,12,street_music
sound_8325.wav,8325,2,13,12,street_music
sound_8326.wav,8326,2,13,12,street_music
sound_8327.wav,8327,2,13,12,street_music
sound_8328.wav,8328,2,13,12,street_music
sound_8329.wav,8329,2,13,12,street_music
sound_8330.wav,8330,2,13,12,street_music
sound_8331.wav,8331,2,13,12,street_music
sound_8332.wav,8332,2,13,12,street_music
sound_8333.wav,8333,2,13,12,street_music
sound_8334.wav,8334,2,13,12,street_music
sound_8335.wav,8335,2,13,12,street_music
sound_8336.wav,8336,2,13,12,street_music
sound_8337.wav,8337,2,13,12,street_music
sound_8338.wav,8338,2,13,12,street_music
sound_8339.wav,8339,2,13,12,street_music
sound_8340.wav,8340,2,13,12,street_music
sound_8341.wav,8341,2,13,12,street_music
sound_8342.wav,8342,2,13,12,street_music
sound_8343.wav,8343,2,13,12,street_music
sound_8344.wav,8344,2,13,12,street_music
sound_8345.wav,8345,2,13,12,street_music
sound_8346.wav,8346,2,13,12,street_music
sound_8347.wav,8347,2,13,12,street_music
sound_8348.wav,8348,2,13,12,street_music
sound_8349.wav,8349,2,13,12,street_music
sound_8350.wav,8350,2,13,12,street_music
sound_8351.wav,8351,2,13,12,street_music
sound_8352.wav,8352,2,13,12,street_music
sound_8353.wav,8353,2,13,12,street_music
sound_8354.wav,8354,2,13,12,street_music
sound_8355.wav,8355,2,13,12,street_music
sound_8356.wav,8356,2,13,12,street_music
sound_8357.wav,8357,2,13,12,street_music
sound_8358.wav,8358,2,13,12,street_music
sound_8359.wav,8359,2,13,12,street_music
sound_8360.wav,8360,2,13,12,street_music
sound_8361.wav,8361,2,13,12,street_music
sound_8362.wav,8362,2,13,12,street_music
sound_8363.wav,8363,2,13,12,street_music
sound_8364.wav,8364,2,13,12,street_music
sound_8365.wav,8365,2,13,12,street_music
sound_8366.wav,8366,2,13,12,street_music
sound_8367.wav,8367,2,13,12,street_music
sound_8368.wav,8368,2,13,12,street_music
sound_8369.wav,8369,2,13,12,street_music
sound_8370.wav,8370,2,13,12,street_music
sound_8371.wav,8371,2,13,12,street_music
sound_8372.wav,8372,2,13,12,street_music
sound_8373.wav,8373,2,13,12,street_music
sound_8374.wav,8374,2,13,12,street_music
sound_8375.wav,8375,2,13,12,street_music
sound_8376.wav,8376,2,13,12,street_music
sound_8377.wav,8377,2,13,12,street_music
sound_8378.wav,8378,2,13,12,street_music
sound_8379.wav,8379,2,13,12,street_music
sound_8380.wav,8380,2,13,12,street_music
sound_8381.wav,8381,2,13,12,street_music
sound_8382.wav,8382,2,13,12,street_music
sound_8383.wav,8383,2,13,12,street_music
sound_8384.wav,8384,2,13,12,street_music
sound_8385.wav,8385,2,13,12,street_music
sound_8386.wav,8386,2,13,12,street_music
sound_8387.wav,8387,2,13,12,street_music
sound_8388.wav,8388,2,13,12,street_music
sound_8389.wav,8389,2,13,12,street_music
sound_8390.wav,8390,2,13,12,street_music
sound_8391.wav,8391,2,13,12,street_music
sound_8392.wav,8392,2,13,12,street_music
sound_8393.wav,8393,2,13,12,street_music
sound_8394.wav,8394,2,13,12,street_music
sound_8395.wav,8395,2,13,12,street_music
sound_8396.wav,8396,2,13,12,street_music
sound_8397.wav,8397,2,13,12,street_music
sound_8398.wav,8398,2,13,12,street_music
sound_8399.wav,8399,2,13,12,street_music
sound_8400.wav,8400,2,13,12,street_music
sound_8401.wav,8401,2,13,12,street_music
sound_8402.wav,8402,2,13,12,street_music
sound_8403.wav,8403,2,13,12,street_music
sound_8404.wav,8404,2,13,12,street_music
sound_8405.wav,8405,2,13,12,street_music
sound_8406.wav,8406,2,13,12,street_music
sound_8407.wav,8407,2,13,12,street_music
sound_8408.wav,8408,2,13,12,street_music
sound_8409.wav,8409,2,13,12,street_music
sound_8410.wav,8410,2,13,12,street_music
sound_8411.wav,8411,2,13,12,street_music
sound_8412.wav,8412,2,13,12,street_music
sound_8413.wav,8413,2,13,12,street_music
sound_8414.wav,8414,2,13,12,street_music
sound_8415.wav,8415,2,13,12,street_music
sound_8416.wav,8416,2,13,12,street_music
sound_8417.wav,8417,2,13,12,street_music
sound_8418.wav,8418,2,13,12,street_music
sound_8419.wav,8419,2,13,12,street_music
sound_8420.wav,8420,2,13,12,street_music
sound_8421.wav,8421,2,13,12,street_music
sound_8422.wav,8422,2,13,12,street_music
sound_8423.wav,8423,2,13,12,street_music
sound_8424.wav,8424,2,13,12,street_music
sound_8425.wav,8425,2,13,12,street_music
sound_8426.wav,8426,2,13,12,street_music
sound_8427.wav,8427,2,13,12,street_music
sound_8428.wav,8428,2,13,12,street_music
sound_8429.wav,8429,2,13,12,street_music
sound_8430.wav,8430,2,13,12,street_music
sound_8431.wav,8431,2,13,12,street_music
sound_8432.wav,8432,2,13,12,street_music
sound_8433.wav,8433,2,13,12,street_music
sound_8434.wav,8434,2,13,12,street_music
sound_8435.wav,8435,2,13,12,street_music
sound_8436.wav,8436,2,13,12,street_music
sound_8437.wav,8437,2,13,12,street_music
sound_8438.wav,8438,2,13,12,street_music
sound_8439.wav,8439,2,13,12,street_music
sound_8440.wav,8440,2,13,12,street_music
sound_8441.wav,8441,2,13,12,street_music
sound_8442.wav,8442,2,13,12,street_music
sound_8443.wav,8443,2,13,12,street_music
sound_8444.wav,8444,2,13,12,street_music
sound_8445.wav,8445,2,13,12,street_music
sound_8446.wav,8446,2,13,12,street_music
sound_8447.wav,8447,2,13,12,street_music
sound_8448.wav,8448,2,13,12,street_music
sound_8449.wav,8449,2,13,12,street_music
sound_8450.wav,8450,2,13,12,street_music
sound_8451.wav,8451,2,13,12,street_music
sound_8452.wav,8452,2,13,12,street_music
sound_8453.wav,8453,2,13,12,street_music
sound_8454.wav,8454,2,13,12,street_music
sound_8455.wav,8455,2,13,12,street_music
sound_8456.wav,8456,2,13,12,street_music
sound_8457.wav,8457,2,13,12,street_music
sound_8458.wav,8458,2,13,12,street_music
sound_8459.wav,8459,2,13,12,street_music
sound_8460.wav,8460,2,13,12,street_music
sound_8461.wav,8461,2,13,12,street_music
sound_8462.wav,8462,2,13,12,street_music
sound_8463.wav,8463,2,13,12,street_music
sound_8464.wav,8464,2,13,12,street_music
sound_8465.wav,8465,2,13,12,street_music
sound_8466.wav,8466,2,13,12,street_music
sound_8467.wav,8467,2,13,12,street_music
sound_8468.wav,8468,2,13,12,street_music
sound_8469.wav,8469,2,13,12,street_music
sound_8470.wav,8470,2,13,12,street_music
sound_8471.wav,8471,2,13,12,street_music
sound_8472.wav,8472,2,13,12,street_music
sound_8473.wav,8473,2,13,12,street_music
sound_8474.wav,8474,2,13,12,street_music
sound_8475.wav,8475,2,13,12,street_music
sound_8476.wav,8476,2,13,12,street_music
sound_8477.wav,8477,2,13,12,street_music
sound_8478.wav,8478,2,13,12,street_music
sound_8479.wav,8479,2,13,12,street_music
sound_8480.wav,8480,2,13,12,street_music
sound_8481.wav,8481,2,13,12,street_music
sound_8482.wav,8482,2,13,12,street_music
sound_8483.wav,8483,2,13,12,street_music
sound_8484.wav,8484,2,13,12,street_music
sound_8485.wav,8485,2,13,12,street_music
sound_8486.wav,8486,2,13,12,street_music
sound_8487.wav,8487,2,13,12,street_music
sound_8488.wav,8488,2,13,12,street_music
sound_8489.wav,8489,2,13,12,street_music
sound_8490.wav,8490,2,13,12,street_music
sound_8491.wav,8491,2,13,12,street_music
sound_8492.wav,8492,2,13,12,street_music
sound_8493.wav,8493,2,13,12,street_music
sound_8494.wav,8494,2,13,12,street_music
sound_8495.wav,8495,2,13,12,street_music
sound_8496.wav,8496,2,13,12,street_music
sound_8497.wav,8497,2,13,12,street_music
sound_8498.wav,8498,2,13,12,street_music
sound_8499.wav,8499,2,13,12,street_music
sound_8500.wav,8500,2,13,12,street_music
sound_8501.wav,8501,2,13,12,street_music
sound_8502.wav,8502,2,13,12,street_music
sound_8503.wav,8503,2,13,12,street_music
sound_8504.wav,8504,2,13,12,street_music
sound_8505.wav,8505,2,13,12,street_music
sound_8506.wav,8506,2,13,12,street_music
sound_8507.wav,8507,2,13,12,street_music
sound_8508.wav,8508,2,13,12,street_music
sound_8509.wav,8509,2,13,12,street_music
sound_8510.wav,8510,2,13,12,street_music
sound_8511.wav,8511,2,13,12,street_music
sound_8512.wav,8512,2,13,12,street_music
sound_8513.wav,8513,2,13,12,street_music
sound_8514.wav,8514,2,13,12,street_music
sound_8515.wav,8515,2,13,12,street_music
sound_8516.wav,8516,2,13,12,street_music
sound_8517.wav,8517,2,13,12,street_music
sound_8518.wav,8518,2,13,12,street_music
sound_8519.wav,8519,2,13,12,street_music
sound_8520.wav,8520,2,13,12,street_music
sound_8521.wav,8521,2,13,12,street_music
sound_8522.wav,8522,2,13,12,street_music
sound_8523.wav,8523,2,13,12,street_music
sound_8524.wav,8524,2,13,12,street_music
sound_8525.wav,8525,2,13,12,street_music
sound_8526.wav,8526,2,13,12,street_music
sound_8527.wav,8527,2,13,12,street_music
sound_8528.wav,8528,2,13,12,street_music
sound_8529.wav,8529,2,13,12,street_music
sound_8530.wav,8530,2,13,12,street_music
sound_8531.wav,8531,2,13,12,street_music
sound_8532.wav,8532,2,13,12,street_music
sound_8533.wav,8533,2,13,12,street_music
sound_8534.wav,8534,2,13,12,street_music
sound_8535.wav,8535,2,13,12,street_music
sound_8536.wav,8536,2,13,12,street_music
sound_8537.wav,8537,2,13,12,street_music
sound_8538.wav,8538,2,13,12,street_music
sound_8539.wav,8539,2,13,12,street_music
sound_8540.wav,8540,2,13,12,street_music
sound_8541.wav,8541,2,13,12,street_music
sound_8542.wav,8542,2,13,12,street_music
sound_8543.wav,8543,2,13,12,street_music
sound_8544.wav,8544,2,13,12,street_music
sound_8545.wav,8545,2,13,12,street_music
sound_8546.wav,8546,2,13,12,street_music
sound_8547.wav,8547,2,13,12,street_music
sound_8548.wav,8548,2,13,12,street_music
sound_8549.wav,8549,2,13,12,street_music
sound_8550.wav,8550,2,13,12,street_music
sound_8551.wav,8551,2,13,12,street_music
sound_8552.wav,8552,2,13,12,street_music
sound_8553.wav,8553,2,13,12,street_music
sound_8554.wav,8554,2,13,12,street_music
sound_8555.wav,8555,2,13,12,street_music
sound_8556.wav,8556,2,13,12,street_music
sound_8557.wav,8557,2,13,12,street_music
sound_8558.wav,8558,2,13,12,street_music
sound_8559.wav,8559,2,13,12,street_music
sound_8560.wav,8560,2,13,12,street_music
sound_8561.wav,8561,2,13,12,street_music
sound_8562.wav,8562,2,13,12,street_music
sound_8563.wav,8563,2,13,12,street_music
sound_8564.wav,8564,2,13,12,street_music
sound_8565.wav,8565,2,13,12,street_music
sound_8566.wav,8566,2,13,12,street_music
sound_8567.wav,8567,2,13,12,street_music
sound_8568.wav,8568,2,13,12,street_music
sound_8569.wav,8569,2,13,12,street_music
sound_8570.wav,8570,2,13,12,street_music
sound_8571.wav,8571,2,13,12,street_music
sound_8572.wav,8572,2,13,12,street_music
sound_8573.wav,8573,2,13,12,street_music
sound_8574.wav,8574,2,13,12,street_music
sound_8575.wav,8575,2,13,12,street_music
sound_8576.wav,8576,2,13,12,street_music
sound_8577.wav,8577,2,13,12,street_music
sound_8578.wav,8578,2,13,12,street_music
sound_8579.wav,8579,2,13,12,street_music
sound_8580.wav,8580,2,13,12,street_music
sound_8581.wav,8581,2,13,12,street_music
sound_8582.wav,8582,2,13,12,street_music
sound_8583.wav,8583,2,13,12,street_music
sound_8584.wav,8584,2,13,12,street_music
sound_8585.wav,8585,2,13,12,street_music
sound_8586.wav,8586,2,13,12,street_music
sound_8587.wav,8587,2,13,12,street_music
sound_8588.wav,8588,2,13,12,street_music
sound_8589.wav,8589,2,13,12,street_music
sound_8590.wav,8590,2,13,12,street_music
sound_8591.wav,8591,2,13,12,street_music
sound_8592.wav,8592,2,13,12,street_music
sound_8593.wav,8593,2,13,12,street_music
sound_8594.wav,8594,2,13,12,street_music
sound_8595.wav,8595,2,13,12,street_music
sound_8596.wav,8596,2,13,12,street_music
sound_8597.wav,8597,2,13,12,street_music
sound_8598.wav,8598,2,13,12,street_music
sound_8599.wav,8599,2,13,12,street_music
sound_8600.wav,8600,2,13,12,street_music
sound_8601.wav,8601,2,13,12,street_music
sound_8602.wav,8602,2,13,12,street_music
sound_8603.wav,8603,2,13,12,street_music
sound_8604.wav,8604,2,13,12,street_music
sound_8605.wav,8605,2,13,12,street_music
sound_8606.wav,8606,2,13,12,street_music
sound_8607.wav,8607,2,13,12,street_music
sound_8608.wav,8608,2,13,12,street_music
sound_8609.wav,8609,2,13,12,street_music
sound_8610.wav,8610,2,13,12,street_music
sound_8611.wav,8611,2,13,12,street_music
sound_8612.wav,8612,2,13,12,street_music
sound_8613.wav,8613,2,13,12,street_music
sound_8614.wav,8614,2,13,12,street_music
sound_8615.wav,8615,2,13,12,street_music
sound_8616.wav,8616,2,13,12,street_music
sound_8617.wav,8617,2,13,12,street_music
sound_8618.wav,8618,2,13,12,street_music
sound_8619.wav,8619,2,13,12,street_music
sound_8620.wav,8620,2,13,12,street_music
sound_8621.wav,8621,2,13,12,street_music
sound_8622.wav,8622,2,13,12,street_music
sound_8623.wav,8623,2,13,12,street_music
sound_8624.wav,8624,2,13,12,street_music
sound_8625.wav,8625,2,13,12,street_music
sound_8626.wav,8626,2,13,12,street_music
sound_8627.wav,8627,2,13,12,street_music
sound_8628.wav,8628,2,13,12,street_music
sound_8629.wav,8629,2,13,12,street_music
sound_8630.wav,8630,2,13,12,street_music
sound_8631.wav,8631,2,13,12,street_music
sound_8632.wav,8632,2,13,12,street_music
sound_8633.wav,8633,2,13,12,street_music
sound_8634.wav,8634,2,13,12,street_music
sound_8635.wav,8635,2,13,12,street_music
sound_8636.wav,8636,2,13,12,street_music
sound_8637.wav,8637,2,13,12,street_music
sound_8638.wav,8638,2,13,12,street_music
sound_8639.wav,8639,2,13,12,street_music
sound_8640.wav,8640,2,13,12,street_music
sound_8641.wav,8641,2,13,12,street_music
sound_8642.wav,8642,2,13,12,street_music
sound_8643.wav,8643,2,13,12,street_music
sound_8644.wav,8644,2,13,12,street_music
sound_8645.wav,8645,2,13,12,street_music
sound_8646.wav,8646,2,13,12,street_music
sound_8647.wav,8647,2,13,12,street_music
sound_8648.wav,8648,2,13,12,street_music
sound_8649.wav,8649,2,13,12,street_music
sound_8650.wav,8650,2,13,12,street_music
sound_8651.wav,8651,2,13,12,street_music
sound_8652.wav,8652,2,13,12,street_music
sound_8653.wav,8653,2,13,12,street_music
sound_8654.wav,8654,2,13,12,street_music
sound_8655.wav,8655,2,13,12,street_music
sound_8656.wav,8656,2,13,12,street_music
sound_8657.wav,8657,2,13,12,street_music
sound_8658.wav,8658,2,13,12,street_music
sound_8659.wav,8659,2,13,12,street_music
sound_8660.wav,8660,2,13,12,street_music
sound_8661.wav,8661,2,13,12,street_music
sound_8662.wav,8662,2,13,12,street_music
sound_8663.wav,8663,2,13,12,street_music
sound_8664.wav,8664,2,13,12,street_music
sound_8665.wav,8665,2,13,12,street_music
sound_8666.wav,8666,2,13,12,street_music
sound_8667.wav,8667,2,13,12,street_music
sound_8668.wav,8668,2,13,12,street_music
sound_8669.wav,8669,2,13,12,street_music
sound_8670.wav,8670,2,13,12,street_music
sound_8671.wav,8671,2,13,12,street_music
sound_8672.wav,8672,2,13,12,street_music
sound_8673.wav,8673,2,13,12,street_music
sound_8674.wav,8674,2,13,12,street_music
sound_8675.wav,8675,2,13,12,street_music
sound_8676.wav,8676,2,13,12,street_music
sound_8677.wav,8677,2,13,12,street_music
sound_8678.wav,8678,2,13,12,street_music
sound_8679.wav,8679,2,13,12,street_music
sound_8680.wav,8680,2,13,12,street_music
sound_8681.wav,8681,2,13,12,street_music
sound_8682.wav,8682,2,13,12,street_music
sound_8683.wav,8683,2,13,12,street_music
sound_8684.wav,8684,2,13,12,street_music
sound_8685.wav,8685,2,13,12,street_music
sound_8686.wav,8686,2,13,12,street_music
sound_8687.wav,8687,2,13,12,street_music
sound_8688.wav,8688,2,13,12,street_music
sound_8689.wav,8689,2,13,12,street_music
sound_8690.wav,8690,2,13,12,street_music
sound_8691.wav,8691,2,13,12,street_music
sound_8692.wav,8692,2,13,12,street_music
sound_8693.wav,8693,2,13,12,street_music
sound_8694.wav,8694,2,13,12,street_music
sound_8695.wav,8695,2,13,12,street_music
sound_8696.wav,8696,2,13,12,street_music
sound_8697.wav,8697,2,13,12,street_music
sound_8698.wav,8698,2,13,12,street_music
sound_8699.wav,8699,2,13,12,street_music
sound_8700.wav,8700,2,13,12,street_music
sound_8701.wav,8701,2,13,12,street_music
sound_8702.wav,8702,2,13,12,street_music
sound_8703.wav,8703,2,13,12,street_music
sound_8704.wav,8704,2,13,12,street_music
sound_8705.wav,8705,2,13,12,street_music
sound_8706.wav,8706,2,13,12,street_music
sound_8707.wav,8707,2,13,12,street_music
sound_8708.wav,8708,2,13,12,street_music
sound_8709.wav,8709,2,13,12,street_music
sound_8710.wav,8710,2,13,12,street_music
sound_8711.wav,8711,2,13,12,street_music
sound_8712.wav,8712,2,13,12,street_music
sound_8713.wav,8713,2,13,12,street_music
sound_8714.wav,8714,2,13,12,street_music
sound_8715.wav,8715,2,13,12,street_music
sound_8716.wav,8716,2,13,12,street_music
sound_8717.wav,8717,2,13,12,street_music
sound_8718.wav,8718,2,13,12,street_music
sound_8719.wav,8719,2,13,12,street_music
sound_8720.wav,8720,2,13,12,street_music
sound_8721.wav,8721,2,13,12,street_music
sound_8722.wav,8722,2,13,12,street_music
sound_8723.wav,8723,2,13,12,street_music
sound_8724.wav,8724,2,13,12,street_music
sound_8725.wav,8725,2,13,12,street_music
sound_8726.wav,8726,2,13,12,street_music
sound_8727.wav,8727,2,13,12,street_music
sound_8728.wav,8728,2,13,12,street_music
sound_8729.wav,8729,2,13,12,street_music
sound_8730.wav,8730,2,13,12,street_music
sound_8731.wav,8731,2,13,12,street_music
sound_8732.wav,8732,2,13,12,street_music
sound_8733.wav,8733,2,13,12,street_music
sound_8734.wav,8734,2,13,12,street_music
sound_8735.wav,8735,2,13,12,street_music
sound_8736.wav,8736,2,13,12,street_music
sound_8737.wav,8737,2,13,12,street_music
sound_8738.wav,8738,2,13,12,street_music
sound_8739.wav,8739,2,13,12,street_music
sound_8740.wav,8740,2,13,12,street_music
sound_8741.wav,8741,2,13,12,street_music
sound_8742.wav,8742,2,13,12,street_music
sound_8743.wav,8743,2,13,12,street_music
sound_8744.wav,8744,2,13,12,street_music
sound_8745.wav,8745,2,13,12,street_music
sound_8746.wav,8746,2,13,12,street_music
sound_8747.wav,8747,2,13,12,street_music
sound_8748.wav,8748,2,13,12,street_music
sound_8749.wav,8749,2,13,12,street_music
sound_8750.wav,8750,2,13,12,street_music
sound_8751.wav,8751,2,13,12,street_music
sound_8752.wav,8752,2,13,12,street_music
sound_8753.wav,8753,2,13,12,street_music
sound_8754.wav,8754,2,13,12,street_music
sound_8755.wav,8755,2,13,12,street_music
sound_8756.wav,8756,2,13,12,street_music
sound_8757.wav,8757,2,13,12,street_music
sound_8758.wav,8758,2,13,12,street_music
sound_8759.wav,8759,2,13,12,street_music
sound_8760.wav,8760,2,13,12,street_music
sound_8761.wav,8761,2,13,12,street_music
sound_8762.wav,8762,2,13,12,street_music
sound_8763.wav,8763,2,13,12,street_music
sound_8764.wav,8764,2,13,12,street_music
sound_8765.wav,8765,2,13,12,street_music
sound_8766.wav,8766,2,13,12,street_music
sound_8767.wav,8767,2,13,12,street_music
sound_8768.wav,8768,2,13,12,street_music
sound_8769.wav,8769,2,13,12,street_music
sound_8770.wav,8770,2,13,12,street_music
sound_8771.wav,8771,2,13,12,street_music
sound_8772.wav,8772,2,13,12,street_music
sound_8773.wav,8773,2,13,12,street_music
sound_8774.wav,8774,2,13,12,street_music
sound_8775.wav,8775,2,13,12,street_music
sound_8776.wav,8776,2,13,12,street_music
sound_8777.wav,8777,2,13,12,street_music
sound_8778.wav,8778,2,13,12,street_music
sound_8779.wav,8779,2,13,12,street_music
sound_8780.wav,8780,2,13,12,street_music
sound_8781.wav,8781,2,13,12,street_music
sound_8782.wav,8782,2,13,12,street_music
sound_8783.wav,8783,2,13,12,street_music
sound_8784.wav,8784,2,13,12,street_music
sound_8785.wav,8785,2,13,12,street_music
sound_8786.wav,8786,2,13,12,street_music
sound_8787.wav,8787,2,13,12,street_music
sound_8788.wav,8788,2,13,12,street_music
sound_8789.wav,8789,2,13,12,street_music
sound_8790.wav,8790,2,13,12,street_music
sound_8791.wav,8791,2,13,12,street_music
sound_8792.wav,8792,2,13,12,street_music
sound_8793.wav,8793,2,13,12,street_music
sound_8794.wav,8794,2,13,12,street_music
sound_8795.wav,8795,2,13,12,street_music
sound_8796.wav,8796,2,13,12,street_music
sound_8797.wav,8797,2,13,12,street_music
sound_8798.wav,8798,2,13,12,street_music
sound_8799.wav,8799,2,13,12,street_music
sound_8800.wav,8800,2,13,12,street_music
sound_8801.wav,8801,2,13,12,street_music
sound_8802.wav,8802,2,13,12,street_music
sound_8803.wav,8803,2,13,12,street_music
sound_8804.wav,8804,2,13,12,street_music
sound_8805.wav,8805,2,13,12,street_music
sound_8806.wav,8806,2,13,12,street_music
sound_8807.wav,8807,2,13,12,street_music
sound_8808.wav,8808,2,13,12,street_music
sound_8809.wav,8809,2,13,12,street_music
sound_8810.wav,8810,2,13,12,street_music
sound_8811.wav,8811,2,13,12,street_music
sound_8812.wav,8812,2,13,12,street_music
sound_8813.wav,8813,2,13,12,street_music
sound_8814.wav,8814,2,13,12,street_music
sound_8815.wav,8815,2,13,12,street_music
sound_8816.wav,8816,2,13,12,street_music
sound_8817.wav,8817,2,13,12,street_music
sound_8818.wav,8818,2,13,12,street_music
sound_8819.wav,8819,2,13,12,street_music
sound_8820.wav,8820,2,13,12,street_music
sound_8821.wav,8821,2,13,12,street_music
sound_8822.wav,8822,2,13,12,street_music
sound_8823.wav,8823,2,13,12,street_music
sound_8824.wav,8824,2,13,12,street_music
sound_8825.wav,8825,2,13,12,street_music
sound_8826.wav,8826,2,13,12,street_music
sound_8827.wav,8827,2,13,12,street_music
sound_8828.wav,8828,2,13,12,street_music
sound_8829.wav,8829,2,13,12,street_music
sound_8830.wav,8830,2,13,12,street_music
sound_8831.wav,8831,2,13,12,street_music
sound_8832.wav,8832,2,13,12,street_music
sound_8833.wav,8833,2,13,12,street_music
sound_8834.wav,8834,2,13,12,street_music
sound_8835.wav,8835,2,13,12,street_music
sound_8836.wav,8836,2,13,12,street_music
sound_8837.wav,8837,2,13,12,street_music
sound_8838.wav,8838,2,13,12,street_music
sound_8839.wav,8839,2,13,12,street_music
sound_8840.wav,8840,2,13,12,street_music
sound_8841.wav,8841,2,13,12,street_music
sound_8842.wav,8842,2,13,12,street_music
sound_8843.wav,8843,2,13,12,street_music
sound_8844.wav,8844,2,13,12,street_music
sound_8845.wav,8845,2,13,12,street_music
sound_8846.wav,8846,2,13,12,street_music
sound_8847.wav,8847,2,13,12,street_music
sound_8848.wav,8848,2,13,12,street_music
sound_8849.wav,8849,2,13,12,street_music
sound_8850.wav,8850,2,13,12,street_music
sound_8851.wav,8851,2,13,12,street_music
sound_8852.wav,8852,2,13,12,street_music
sound_8853.wav,8853,2,13,12,street_music
sound_8854.wav,8854,2,13,12,street_music
sound_8855.wav,8855,2,13,12,street_music
sound_8856.wav,8856,2,13,12,street_music
sound_8857.wav,8857,2,13,12,street_music
sound_8858.wav,8858,2,13,12,street_music
sound_8859.wav,8859,2,13,12,street_music
sound_8860.wav,8860,2,13,12,street_music
sound_8861.wav,8861,2,13,12,street_music
sound_8862.wav,8862,2,13,12,street_music
sound_8863.wav,8863,2,13,12,street_music
sound_8864.wav,8864,2,13,12,street_music
sound_8865.wav,8865,2,13,12,street_music
sound_8866.wav,8866,2,13,12,street_music
sound_8867.wav,8867,2,13,12,street_music
sound_8868.wav,8868,2,13,12,street_music
sound_8869.wav,8869,2,13,12,street_music
sound_8870.wav,8870,2,13,12,street_music
sound_8871.wav,8871,2,13,12,street_music
sound_8872.wav,8872,2,13,12,street_music
sound_8873.wav,8873,2,13,12,street_music
sound_8874.wav,8874,2,13,12,street_music
sound_8875.wav,8875,2,13,12,street_music
sound_8876.wav,8876,2,13,12,street_music
sound_8877.wav,8877,2,13,12,street_music
sound_8878.wav,8878,2,13,12,street_music
sound_8879.wav,8879,2,13,12,street_music
sound_8880.wav,8880,2,13,12,street_music
sound_8881.wav,8881,2,13,12,street_music
sound_8882.wav,8882,2,13,12,street_music
sound_8883.wav,8883,2,13,12,street_music
sound_8884.wav,8884,2,13,12,street_music
sound_8885.wav,8885,2,13,12,street_music
sound_8886.wav,8886,2,13,12,street_music
sound_8887.wav,8887,2,13,12,street_music
sound_8888.wav,8888,2,13,12,street_music
sound_8889.wav,8889,2,13,12,street_music
sound_8890.wav,8890,2,13,12,street_music
sound_8891.wav,8891,2,13,12,street_music
sound_8892.wav,8892,2,13,12,street_music
sound_8893.wav,8893,2,13,12,street_music
sound_8894.wav,8894,2,13,12,street_music
sound_8895.wav,8895,2,13,12,street_music
sound_8896.wav,8896,2,13,12,street_music
sound_8897.wav,8897,2,13,12,street_music
sound_8898.wav,8898,2,13,12,street_music
sound_8899.wav,8899,2,13,12,street_music
sound_8900.wav,8900,2,13,12,street_music
sound_8901.wav,8901,2,13,12,street_music
sound_8902.wav,8902,2,13,12,street_music
sound_8903.wav,8903,2,13,12,street_music
sound_8904.wav,8904,2,13,12,street_music
sound_8905.wav,8905,2,13,12,street_music
sound_8906.wav,8906,2,13,12,street_music
sound_8907.wav,8907,2,13,12,street_music
sound_8908.wav,8908,2,13,12,street_music
sound_8909.wav,8909,2,13,12,street_music
sound_8910.wav,8910,2,13,12,street_music
sound_8911.wav,8911,2,13,12,street_music
sound_8912.wav,8912,2,13,12,street_music
sound_8913.wav,8913,2,13,12,street_music
sound_8914.wav,8914,2,13,12,street_music
sound_8915.wav,8915,2,13,12,street_music
sound_8916.wav,8916,2,13,12,street_music
sound_8917.wav,8917,2,13,12,street_music
sound_8918.wav,8918,2,13,12,street_music
sound_8919.wav,8919,2,13,12,street_music
sound_8920.wav,8920,2,13,12,street_music
sound_8921.wav,8921,2,13,12,street_music
sound_8922.wav,8922,2,13,12,street_music
sound_8923.wav,8923,2,13,12,street_music
sound_8924.wav,8924,2,13,12,street_music
sound_8925.wav,8925,2,13,12,street_music
sound_8926.wav,8926,2,13,12,street_music
sound_8927.wav,8927,2,13,12,street_music
sound_8928.wav,8928,2,13,12,street_music
sound_8929.wav,8929,2,13,12,street_music
sound_8930.wav,8930,2,13,12,street_music
sound_8931.wav,8931,2,13,12,street_music
sound_8932.wav,8932,2,13,12,street_music
sound_8933.wav,8933,2,13,12,street_music
sound_8934.wav,8934,2,13,12,street_music
sound_8935.wav,8935,2,13,12,street_music
sound_8936.wav,8936,2,13,12,street_music
sound_8937.wav,8937,2,13,12,street_music
sound_8938.wav,8938,2,13,12,street_music
sound_8939.wav,8939,2,13,12,street_music
sound_8940.wav,8940,2,13,12,street_music
sound_8941.wav,8941,2,13,12,street_music
sound_8942.wav,8942,2,13,12,street_music
sound_8943.wav,8943,2,13,12,street_music
sound_8944.wav,8944,2,13,12,street_music
sound_8945.wav,8945,2,13,12,street_music
sound_8946.wav,8946,2,13,12,street_music
sound_8947.wav,8947,2,13,12,street_music
sound_8948.wav,8948,2,13,12,street_music
sound_8949.wav,8949,2,13,12,street_music
sound_8950.wav,8950,2,13,12,street_music
sound_8951.wav,8951,2,13,12,street_music
sound_8952.wav,8952,2,13,12,street_music
sound_8953.wav,8953,2,13,12,street_music
sound_8954.wav,8954,2,13,12,street_music
sound_8955.wav,8955,2,13,12,street_music
sound_8956.wav,8956,2,13,12,street_music
sound_8957.wav,8957,2,13,12,street_music
sound_8958.wav,8958,2,13,12,street_music
sound_8959.wav,8959,2,13,12,street_music
sound_8960.wav,8960,2,13,12,street_music
sound_8961.wav,8961,2,13,12,street_music
sound_8962.wav,8962,2,13,12,street_music
sound_8963.wav,8963,2,13,12,street_music
sound_8964.wav,8964,2,13,12,street_music
sound_8965.wav,8965,2,13,12,street_music
sound_8966.wav,8966,2,13,12,street_music
sound_8967.wav,8967,2,13,12,street_music
sound_8968.wav,8968,2,13,12,street_music
sound_8969.wav,8969,2,13,12,street_music
sound_8970.wav,8970,2,13,12,street_music
sound_8971.wav,8971,2,13,12,street_music
sound_8972.wav,8972,2,13,12,street_music
sound_8973.wav,8973,2,13,12,street_music
sound_8974.wav,8974,2,13,12,street_music
sound_8975.wav,8975,2,13,12,street_music
sound_8976.wav,8976,2,13,12,street_music
sound_8977.wav,8977,2,13,12,street_music
sound_8978.wav,8978,2,13,12,street_music
sound_8979.wav,8979,2,13,12,street_music
sound_8980.wav,8980,2,13,12,street_music
sound_8981.wav,8981,2,13,12,street_music
sound_8982.wav,8982,2,13,12,street_music
sound_8983.wav,8983,2,13,12,street_music
sound_8984.wav,8984,2,13,12,street_music
sound_8985.wav,8985,2,13,12,street_music
sound_8986.wav,8986,2,13,12,street_music
sound_8987.wav,8987,2,13,12,street_music
sound_8988.wav,8988,2,13,12,street_music
sound_8989.wav,8989,2,13,12,street_music
sound_8990.wav,8990,2,13,12,street_music
sound_8991.wav,8991,2,13,12,street_music
sound_8992.wav,8992,2,13,12,street_music
sound_8993.wav,8993,2,13,12,street_music
sound_8994.wav,8994,2,13,12,street_music
sound_8995.wav,8995,2,13,12,street_music
sound_8996.wav,8996,2,13,12,street_music
sound_8997.wav,8997,2,13,12,street_music
sound_8998.wav,8998,2,13,12,street_music
sound_8999.wav,8999,2,13,12,street_music
sound_9000.wav,9000,2,13,12,street_music
sound_9001.wav,9001,2,13,12,street_music
sound_9002.wav,9002,2,13,12,street_music
sound_9003.wav,9003,2,13,12,street_music
sound_9004.wav,9004,2,13,12,street_music
sound_9005.wav,9005,2,13,12,street_music
sound_9006.wav,9006,2,13,12,street_music
sound_9007.wav,9007,2,13,12,street_music
sound_9008.wav,9008,2,13,12,street_music
sound_9009.wav,9009,2,13,12,street_music
sound_9010.wav,9010,2,13,12,street_music
sound_9011.wav,9011,2,13,12,street_music
sound_9012.wav,9012,2,13,12,street_music
sound_9013.wav,9013,2,13,12,street_music
sound_9014.wav,9014,2,13,12,street_music
sound_9015.wav,9015,2,13,12,street_music
sound_9016.wav,9016,2,13,12,street_music
sound_9017.wav,9017,2,13,12,street_music
sound_9018.wav,9018,2,13,12,street_music
sound_9019.wav,9019,2,13,12,street_music
sound_9020.wav,9020,2,13,12,street_music
sound_9021.wav,9021,2,13,12,street_music
sound_9022.wav,9022,2,13,12,street_music
sound_9023.wav,9023,2,13,12,street_music
sound_9024.wav,9024,2,13,12,street_music
sound_9025.wav,9025,2,13,12,street_music
sound_9026.wav,9026,2,13,12,street_music
sound_9027.wav,9027,2,13,12,street_music
sound_9028.wav,9028,2,13,12,street_music
sound_9029.wav,9029,2,13,12,street_music
sound_9030.wav,9030,2,13,12,street_music
sound_9031.wav,9031,2,13,12,street_music
sound_9032.wav,9032,2,13,12,street_music
sound_9033.wav,9033,2,13,12,street_music
sound_9034.wav,9034,2,13,12,street_music
sound_9035.wav,9035,2,13,12,street_music
sound_9036.wav,9036,2,13,12,street_music
sound_9037.wav,9037,2,13,12,street_music
sound_9038.wav,9038,2,13,12,street_music
sound_9039.wav,9039,2,13,12,street_music
sound_9040.wav,9040,2,13,12,street_music
sound_9041.wav,9041,2,13,12,street_music
sound_9042.wav,9042,2,13,12,street_music
sound_9043.wav,9043,2,13,12,street_music
sound_9044.wav,9044,2,13,12,street_music
sound_9045.wav,9045,2,13,12,street_music
sound_9046.wav,9046,2,13,12,street_music
sound_9047.wav,9047,2,13,12,street_music
sound_9048.wav,9048,2,13,12,street_music
sound_9049.wav,9049,2,13,12,street_music
sound_9050.wav,9050,2,13,12,street_music
sound_9051.wav,9051,2,13,12,street_music
sound_9052.wav,9052,2,13,12,street_music
sound_9053.wav,9053,2,13,12,street_music
sound_9054.wav,9054,2,13,12,street_music
sound_9055.wav,9055,2,13,12,street_music
sound_9056.wav,9056,2,13,12,street_music
sound_9057.wav,9057,2,13,12,street_music
sound_9058.wav,9058,2,13,12,street_music
sound_9059.wav,9059,2,13,12,street_music
sound_9060.wav,9060,2,13,12,street_music
sound_9061.wav,9061,2,13,12,street_music
sound_9062.wav,9062,2,13,12,street_music
sound_9063.wav,9063,2,13,12,street_music
sound_9064.wav,9064,2,13,12,street_music
sound_9065.wav,9065,2,13,12,street_music
sound_9066.wav,9066,2,13,12,street_music
sound_9067.wav,9067,2,13,12,street_music
sound_9068.wav,9068,2,13,12,street_music
sound_9069.wav,9069,2,13,12,street_music
sound_9070.wav,9070,2,13,12,street_music
sound_9071.wav,9071,2,13,12,street_music
sound_9072.wav,9072,2,13,12,street_music
sound_9073.wav,9073,2,13,12,street_music
sound_9074.wav,9074,2,13,12,street_music
sound_9075.wav,9075,2,13,12,street_music
sound_9076.wav,9076,2,13,12,street_music
sound_9077.wav,9077,2,13,12,street_music
sound_9078.wav,9078,2,13,12,street_music
sound_9079.wav,9079,2,13,12,street_music
sound_9080.wav,9080,2,13,12,street_music
sound_9081.wav,9081,2,13,12,street_music
sound_9082.wav,9082,2,13,12,street_music
sound_9083.wav,9083,2,13,12,street_music
sound_9084.wav,9084,2,13,12,street_music
sound_9085.wav,9085,2,13,12,street_music
sound_9086.wav,9086,2,13,12,street_music
sound_9087.wav,9087,2,13,12,street_music
sound_9088.wav,9088,2,13,12,street_music
sound_9089.wav,9089,2,13,12,street_music
sound_9090.wav,9090,2,13,12,street_music
sound_9091.wav,9091,2,13,12,street_music
sound_9092.wav,9092,2,13,12,street_music
sound_9093.wav,9093,2,13,12,street_music
sound_9094.wav,9094,2,13,12,street_music
sound_9095.wav,9095,2,13,12,street_music
sound_9096.wav,9096,2,13,12,street_music
sound_9097.wav,9097,2,13,12,street_music
sound_9098.wav,9098,2,13,12,street_music
sound_9099.wav,9099,2,13,12,street_music
sound_9100.wav,9100,2,13,12,street_music
sound_9101.wav,9101,2,13,12,street_music
sound_9102.wav,9102,2,13,12,street_music
sound_9103.wav,9103,2,13,12,street_music
sound_9104.wav,9104,2,13,12,street_music
sound_9105.wav,9105,2,13,12,street_music
sound_9106.wav,9106,2,13,12,street_music
sound_9107.wav,9107,2,13,12,street_music
sound_9108.wav,9108,2,13,12,street_music
sound_9109.wav,9109,2,13,12,street_music
sound_9110.wav,9110,2,13,12,street_music
sound_9111.wav,9111,2,13,12,street_music
sound_9112.wav,9112,2,13,12,street_music
sound_9113.wav,9113,2,13,12,street_music
sound_9114.wav,9114,2,13,12,street_music
sound_9115.wav,9115,2,13,12,street_music
sound_9116.wav,9116,2,13,12,street_music
sound_9117.wav,9117,2,13,12,street_music
sound_9118.wav,9118,2,13,12,street_music
sound_9119.wav,9119,2,13,12,street_music
sound_9120.wav,9120,2,13,12,street_music
sound_9121.wav,9121,2,13,12,street_music
sound_9122.wav,9122,2,13,12,street_music
sound_9123.wav,9123,2,13,12,street_music
sound_9124.wav,9124,2,13,12,street_music
sound_9125.wav,9125,2,13,12,street_music
sound_9126.wav,9126,2,13,12,street_music
sound_9127.wav,9127,2,13,12,street_music
sound_9128.wav,9128,2,13,12,street_music
sound_9129.wav,9129,2,13,12,street_music
sound_9130.wav,9130,2,13,12,street_music
sound_9131.wav,9131,2,13,12,street_music
sound_9132.wav,9132,2,13,12,street_music
sound_9133.wav,9133,2,13,12,street_music
sound_9134.wav,9134,2,13,12,street_music
sound_9135.wav,9135,2,13,12,street_music
sound_9136.wav,9136,2,13,12,street_music
sound_9137.wav,9137,2,13,12,street_music
sound_9138.wav,9138,2,13,12,street_music
sound_9139.wav,9139,2,13,12,street_music
sound_9140.wav,9140,2,13,12,street_music
sound_9141.wav,9141,2,13,12,street_music
sound_9142.wav,9142,2,13,12,street_music
sound_9143.wav,9143,2,13,12,street_music
sound_9144.wav,9144,2,13,12,street_music
sound_9145.wav,9145,2,13,12,street_music
sound_9146.wav,9146,2,13,12,street_music
sound_9147.wav,9147,2,13,12,street_music
sound_9148.wav,9148,2,13,12,street_music
sound_9149.wav,9149,2,13,12,street_music
sound_9150.wav,9150,2,13,12,street_music
sound_9151.wav,9151,2,13,12,street_music
sound_9152.wav,9152,2,13,12,street_music
sound_9153.wav,9153,2,13,12,street_music
sound_9154.wav,9154,2,13,12,street_music
sound_9155.wav,9155,2,13,12,street_music
sound_9156.wav,9156,2,13,12,street_music
sound_9157.wav,9157,2,13,12,street_music
sound_9158.wav,9158,2,13,12,street_music
sound_9159.wav,9159,2,13,12,street_music
sound_9160.wav,9160,2,13,12,street_music
sound_9161.wav,9161,2,13,12,street_music
sound_9162.wav,9162,2,13,12,street_music
sound_9163.wav,9163,2,13,12,street_music
sound_9164.wav,9164,2,13,12,street_music
sound_9165.wav,9165,2,13,12,street_music
sound_9166.wav,9166,2,13,12,street_music
sound_9167.wav,9167,2,13,12,street_music
sound_9168.wav,9168,2,13,12,street_music
sound_9169.wav,9169,2,13,12,street_music
sound_9170.wav,9170,2,13,12,street_music
sound_9171.wav,9171,2,13,12,street_music
sound_9172.wav,9172,2,13,12,street_music
sound_9173.wav,9173,2,13,12,street_music
sound_9174.wav,9174,2,13,12,street_music
sound_9175.wav,9175,2,13,12,street_music
sound_9176.wav,9176,2,13,12,street_music
sound_9177.wav,9177,2,13,12,street_music
sound_9178.wav,9178,2,13,12,street_music
sound_9179.wav,9179,2,13,12,street_music
sound_9180.wav,9180,2,13,12,street_music
sound_9181.wav,9181,2,13,12,street_music
sound_9182.wav,9182,2,13,12,street_music
sound_9183.wav,9183,2,13,12,street_music
sound_9184.wav,9184,2,13,12,street_music
sound_9185.wav,9185,2,13,12,street_music
sound_9186.wav,9186,2,13,12,street_music
sound_9187.wav,9187,2,13,12,street_music
sound_9188.wav,9188,2,13,12,street_music
sound_9189.wav,9189,2,13,12,street_music
sound_9190.wav,9190,2,13,12,street_music
sound_9191.wav,9191,2,13,12,street_music
sound_9192.wav,9192,2,13,12,street_music
sound_9193.wav,9193,2,13,12,street_music
sound_9194.wav,9194,2,13,12,street_music
sound_9195.wav,9195,2,13,12,street_music
sound_9196.wav,9196,2,13,12,street_music
sound_9197.wav,9197,2,13,12,street_music
sound_9198.wav,9198,2,13,12,street_music
sound_9199.wav,9199,2,13,12,street_music
sound_9200.wav,9200,2,13,12,street_music
sound_9201.wav,9201,2,13,12,street_music
sound_9202.wav,9202,2,13,12,street_music
sound_9203.wav,9203,2,13,12,street_music
sound_9204.wav,9204,2,13,12,street_music
sound_9205.wav,9205,2,13,12,street_music
sound_9206.wav,9206,2,13,12,street_music
sound_9207.wav,9207,2,13,12,street_music
sound_9208.wav,9208,2,13,12,street_music
sound_9209.wav,9209,2,13,12,street_music
sound_9210.wav,9210,2,13,12,street_music
sound_9211.wav,9211,2,13,12,street_music
sound_9212.wav,9212,2,13,12,street_music
sound_9213.wav,9213,2,13,12,street_music
sound_9214.wav,9214,2,13,12,street_music
sound_9215.wav,9215,2,13,12,street_music
sound_9216.wav,9216,2,13,12,street_music
sound_9217.wav,9217,2,13,12,street_music
sound_9218.wav,9218,2,13,12,street_music
sound_9219.wav,9219,2,13,12,street_music
sound_9220.wav,9220,2,13,12,street_music
sound_9221.wav,9221,2,13,12,street_music
sound_9222.wav,9222,2,13,12,street_music
sound_9223.wav,9223,2,13,12,street_music
sound_9224.wav,9224,2,13,12,street_music
sound_9225.wav,9225,2,13,12,street_music
sound_9226.wav,9226,2,13,12,street_music
sound_9227.wav,9227,2,13,12,street_music
sound_9228.wav,9228,2,13,12,street_music
sound_9229.wav,9229,2,13,12,street_music
sound_9230.wav,9230,2,13,12,street_music
sound_9231.wav,9231,2,13,12,street_music
sound_9232.wav,9232,2,13,12,street_music
sound_9233.wav,9233,2,13,12,street_music
sound_9234.wav,9234,2,13,12,street_music
sound_9235.wav,9235,2,13,12,street_music
sound_9236.wav,9236,2,13,12,street_music
sound_9237.wav,9237,2,13,12,street_music
sound_9238.wav,9238,2,13,12,street_music
sound_9239.wav,9239,2,13,12,street_music
sound_9240.wav,9240,2,13,12,street_music
sound_9241.wav,9241,2,13,12,street_music
sound_9242.wav,9242,2,13,12,street_music
sound_9243.wav,9243,2,13,12,street_music
sound_9244.wav,9244,2,13,12,street_music
sound_9245.wav,9245,2,13,12,street_music
sound_9246.wav,9246,2,13,12,street_music
sound_9247.wav,9247,2,13,12,street_music
sound_9248.wav,9248,2,13,12,street_music
sound_9249.wav,9249,2,13,12,street_music
sound_9250.wav,9250,2,13,12,street_music
sound_9251.wav,9251,2,13,12,street_music
sound_9252.wav,9252,2,13,12,street_music
sound_9253.wav,9253,2,13,12,street_music
sound_9254.wav,9254,2,13,12,street_music
sound_9255.wav,9255,2,13,12,street_music
sound_9256.wav,9256,2,13,12,street_music
sound_9257.wav,9257,2,13,12,street_music
sound_9258.wav,9258,2,13,12,street_music
sound_9259.wav,9259,2,13,12,street_music
sound_9260.wav,9260,2,13,12,street_music
sound_9261.wav,9261,2,13,12,street_music
sound_9262.wav,9262,2,13,12,street_music
sound_9263.wav,9263,2,13,12,street_music
sound_9264.wav,9264,2,13,12,street_music
sound_9265.wav,9265,2,13,12,street_music
sound_9266.wav,9266,2,13,12,street_music
sound_9267.wav,9267,2,13,12,street_music
sound_9268.wav,9268,2,13,12,street_music
sound_9269.wav,9269,2,13,12,street_music
sound_9270.wav,9270,2,13,12,street_music
sound_9271.wav,9271,2,13,12,street_music
sound_9272.wav,9272,2,13,12,street_music
sound_9273.wav,9273,2,13,12,street_music
sound_9274.wav,9274,2,13,12,street_music
sound_9275.wav,9275,2,13,12,street_music
sound_9276.wav,9276,2,13,12,street_music
sound_9277.wav,9277,2,13,12,street_music
sound_9278.wav,9278,2,13,12,street_music
sound_9279.wav,9279,2,13,12,street_music
sound_9280.wav,9280,2,13,12,street_music
sound_9281.wav,9281,2,13,12,street_music
sound_9282.wav,9282,2,13,12,street_music
sound_9283.wav,9283,2,13,12,street_music
sound_9284.wav,9284,2,13,12,street_music
sound_9285.wav,9285,2,13,12,street_music
sound_9286.wav,9286,2,13,12,street_music
sound_9287.wav,9287,2,13,12,street_music
sound_9288.wav,9288,2,13,12,street_music
sound_9289.wav,9289,2,13,12,street_music
sound_9290.wav,9290,2,13,12,street_music
sound_9291.wav,9291,2,13,12,street_music
sound_9292.wav,9292,2,13,12,street_music
sound_9293.wav,9293,2,13,12,street_music
sound_9294.wav,9294,2,13,12,street_music
sound_9295.wav,9295,2,13,12,street_music
sound_9296.wav,9296,2,13,12,street_music
sound_9297.wav,9297,2,13,12,street_music
sound_9298.wav,9298,2,13,12,street_music
sound_9299.wav,9299,2,13,12,street_music
sound_9300.wav,9300,2,13,12,street_music
sound_9301.wav,9301,2,13,12,street_music
sound_9302.wav,9302,2,13,12,street_music
sound_9303.wav,9303,2,13,12,street_music
